query_id,scene_id,operator,prompt_mode,descriptor_level,context_scope,language,example_a,example_b,example_ref,gt_value,gt_object_a,gt_object_b,grounded_a,grounded_b,grounding_correct,e_total_surface,e_total_centroid,nearest_vlm_answer,nearest_vlm_dist,vlm_response,error,__source,provider,model,E_grounding,score
test_stage1_dn_0019,scene0106_00,distance,original,,,en,scene0106_00__door_037,scene0106_00__monitor_021,,0.1978783160448074,scene0106_00__chair_018,scene0106_00__table_002,scene0106_00__chair_015,scene0106_00__table_002,False,0.7798415292039446,1.5080691576004028,,,"scene0106_00__chair_015, scene0106_00__table_002",,e2e_grounding_test_official_raw_distance_baseline_en_qwen3vl8b_run2.csv,openrouter,qwen/qwen3-vl-8b-instruct,0.7798415292039446,-0.0004063639448354218
test_stage1_dn_0019,scene0106_00,distance,original,,,en,scene0106_00__door_037,scene0106_00__monitor_021,,0.1978783160448074,scene0106_00__chair_018,scene0106_00__table_002,scene0106_00__chair_015,scene0106_00__table_002,False,0.7798415292039446,1.5080691576004028,,,"scene0106_00__chair_015, scene0106_00__table_002",,e2e_grounding_test_official_raw_distance_baseline_en_qwen3vl235b_run1.csv,openrouter,qwen/qwen3-vl-235b-a22b-instruct,0.7798415292039446,-0.0004063639448354218
test_stage1_dn_0002,scene0012_01,distance,original,,,en,scene0012_01__chair_002,scene0012_01__chair_001,,0.5864425897598267,scene0012_01__door_032,scene0012_01__table_008,scene0012_01__door_029,scene0012_01__table_008,False,0.8331511350329613,1.742068886756897,,,"scene0012_01__door_029, scene0012_01__table_008",,e2e_grounding_test_official_raw_distance_baseline_en.csv,,,0.8331511350329613,-0.001098997753973634
test_stage1_dn_0002,scene0012_01,distance,context,1.0,all,en,scene0012_01__chair_002,scene0012_01__chair_001,,0.5864425897598267,scene0012_01__door_032,scene0012_01__table_008,scene0012_01__door_029,scene0012_01__table_008,False,0.8331511350329613,1.742068886756897,,,"scene0012_01__door_029, scene0012_01__table_008",,e2e_grounding_test_official_raw_distance_ctx_l1_en_qwen3vl235b_run1.csv,openrouter,qwen/qwen3-vl-235b-a22b-instruct,0.8331511350329613,-0.001098997753973634
test_stage1_dn_0002,scene0012_01,distance,context,1.0,all,en,scene0012_01__chair_002,scene0012_01__chair_001,,0.5864425897598267,scene0012_01__door_032,scene0012_01__table_008,scene0012_01__door_029,scene0012_01__table_008,False,0.8331511350329613,1.742068886756897,,,"scene0012_01__door_029, scene0012_01__table_008",,e2e_grounding_test_official_raw_distance_ctx_l1_en_qwen3vl235b_run2.csv,openrouter,qwen/qwen3-vl-235b-a22b-instruct,0.8331511350329613,-0.001098997753973634
test_stage1_dn_0019,scene0106_00,distance,context,3.0,all,en,scene0106_00__door_037,scene0106_00__monitor_021,,0.1978783160448074,scene0106_00__chair_018,scene0106_00__table_002,scene0106_00__chair_012,scene0106_00__table_001,False,0.7287324439021458,1.390372633934021,,,"scene0106_00__chair_012, scene0106_00__table_001",,e2e_grounding_test_official_raw_distance_ctx_l3_en.csv,,,0.7287324439021458,-0.005079064552160808
test_stage1_dn_0019,scene0106_00,distance,context,1.0,all,en,scene0106_00__door_037,scene0106_00__monitor_021,,0.1978783160448074,scene0106_00__chair_018,scene0106_00__table_002,scene0106_00__chair_012,scene0106_00__table_001,False,0.7287324439021458,1.390372633934021,,,"scene0106_00__chair_012, scene0106_00__table_001",,e2e_grounding_test_official_raw_distance_ctx_l1_en_qwen3vl32b_run2.csv,openrouter,qwen/qwen3-vl-32b-instruct,0.7287324439021458,-0.005079064552160808
test_stage1_dn_0019,scene0106_00,distance,context,3.0,all,en,scene0106_00__door_037,scene0106_00__monitor_021,,0.1978783160448074,scene0106_00__chair_018,scene0106_00__table_002,scene0106_00__chair_012,scene0106_00__table_001,False,0.7287324439021458,1.390372633934021,,,"scene0106_00__chair_012, scene0106_00__table_001",,e2e_grounding_test_official_raw_distance_ctx_l3_en_qwen3vl32b_run1.csv,openrouter,qwen/qwen3-vl-32b-instruct,0.7287324439021458,-0.005079064552160808
test_stage1_dn_0019,scene0106_00,distance,context,2.0,reference_only,en,scene0106_00__door_037,scene0106_00__monitor_021,,0.1978783160448074,scene0106_00__chair_018,scene0106_00__table_002,scene0106_00__chair_012,scene0106_00__table_001,False,0.7287324439021458,1.390372633934021,,,"scene0106_00__chair_012, scene0106_00__table_001",,e2e_grounding_test_official_raw_distance_ctx_l2_ref_only_en.csv,,,0.7287324439021458,-0.005079064552160808
test_stage1_dn_0019,scene0106_00,distance,context,2.0,reference_only,en,scene0106_00__door_037,scene0106_00__monitor_021,,0.1978783160448074,scene0106_00__chair_018,scene0106_00__table_002,scene0106_00__chair_012,scene0106_00__table_001,False,0.7287324439021458,1.390372633934021,,,"scene0106_00__chair_012, scene0106_00__table_001",,e2e_grounding_test_official_raw_distance_ctx_l2_ref_only_en_run2.csv,,,0.7287324439021458,-0.005079064552160808
test_stage1_dn_0019,scene0106_00,distance,context,1.0,all,en,scene0106_00__door_037,scene0106_00__monitor_021,,0.1978783160448074,scene0106_00__chair_018,scene0106_00__table_002,scene0106_00__chair_012,scene0106_00__table_001,False,0.7287324439021458,1.390372633934021,,,"scene0106_00__chair_012, scene0106_00__table_001",,e2e_grounding_test_official_raw_distance_ctx_l1_en_qwen3vl235b_run2.csv,openrouter,qwen/qwen3-vl-235b-a22b-instruct,0.7287324439021458,-0.005079064552160808
test_stage1_dn_0019,scene0106_00,distance,context,2.0,all,en,scene0106_00__door_037,scene0106_00__monitor_021,,0.1978783160448074,scene0106_00__chair_018,scene0106_00__table_002,scene0106_00__chair_012,scene0106_00__table_001,False,0.7287324439021458,1.390372633934021,,,"scene0106_00__chair_012, scene0106_00__table_001",,e2e_grounding_test_official_raw_distance_ctx_l2_en_qwen3vl8b_run1.csv,openrouter,qwen/qwen3-vl-8b-instruct,0.7287324439021458,-0.005079064552160808
test_stage1_dn_0019,scene0106_00,distance,context,3.0,all,en,scene0106_00__door_037,scene0106_00__monitor_021,,0.1978783160448074,scene0106_00__chair_018,scene0106_00__table_002,scene0106_00__chair_012,scene0106_00__table_001,False,0.7287324439021458,1.390372633934021,,,"scene0106_00__chair_012, scene0106_00__table_001",,e2e_grounding_test_official_raw_distance_ctx_l3_en_qwen3vl235b_run1.csv,openrouter,qwen/qwen3-vl-235b-a22b-instruct,0.7287324439021458,-0.005079064552160808
test_stage1_dn_0019,scene0106_00,distance,context,2.0,all,en,scene0106_00__door_037,scene0106_00__monitor_021,,0.1978783160448074,scene0106_00__chair_018,scene0106_00__table_002,scene0106_00__chair_012,scene0106_00__table_001,False,0.7287324439021458,1.390372633934021,,,"scene0106_00__chair_012, scene0106_00__table_001",,e2e_grounding_test_official_raw_distance_ctx_l2_en_run2.csv,,,0.7287324439021458,-0.005079064552160808
test_stage1_dn_0019,scene0106_00,distance,context,1.0,all,en,scene0106_00__door_037,scene0106_00__monitor_021,,0.1978783160448074,scene0106_00__chair_018,scene0106_00__table_002,scene0106_00__chair_012,scene0106_00__table_001,False,0.7287324439021458,1.390372633934021,,,"scene0106_00__chair_012, scene0106_00__table_001",,e2e_grounding_test_official_raw_distance_ctx_l1_en_qwen3vl32b_run1.csv,openrouter,qwen/qwen3-vl-32b-instruct,0.7287324439021458,-0.005079064552160808
test_stage1_dn_0019,scene0106_00,distance,context,2.0,reference_only,en,scene0106_00__door_037,scene0106_00__monitor_021,,0.1978783160448074,scene0106_00__chair_018,scene0106_00__table_002,scene0106_00__chair_012,scene0106_00__table_001,False,0.7287324439021458,1.390372633934021,,,"scene0106_00__chair_012, scene0106_00__table_001",,e2e_grounding_test_official_raw_distance_ctx_l2_ref_only_en_qwen3vl32b_run2.csv,openrouter,qwen/qwen3-vl-32b-instruct,0.7287324439021458,-0.005079064552160808
test_stage1_dn_0019,scene0106_00,distance,context,2.0,all,en,scene0106_00__door_037,scene0106_00__monitor_021,,0.1978783160448074,scene0106_00__chair_018,scene0106_00__table_002,scene0106_00__chair_012,scene0106_00__table_001,False,0.7287324439021458,1.390372633934021,,,"scene0106_00__chair_012, scene0106_00__table_001",,e2e_grounding_test_official_raw_distance_ctx_l2_en_qwen3vl32b_run2.csv,openrouter,qwen/qwen3-vl-32b-instruct,0.7287324439021458,-0.005079064552160808
test_stage1_dn_0019,scene0106_00,distance,context,3.0,all,en,scene0106_00__door_037,scene0106_00__monitor_021,,0.1978783160448074,scene0106_00__chair_018,scene0106_00__table_002,scene0106_00__chair_012,scene0106_00__table_001,False,0.7287324439021458,1.390372633934021,,,"scene0106_00__chair_012, scene0106_00__table_001",,e2e_grounding_test_official_raw_distance_ctx_l3_en_qwen3vl32b_run2.csv,openrouter,qwen/qwen3-vl-32b-instruct,0.7287324439021458,-0.005079064552160808
test_stage1_dn_0019,scene0106_00,distance,context,1.0,all,en,scene0106_00__door_037,scene0106_00__monitor_021,,0.1978783160448074,scene0106_00__chair_018,scene0106_00__table_002,scene0106_00__chair_012,scene0106_00__table_001,False,0.7287324439021458,1.390372633934021,,,"scene0106_00__chair_012, scene0106_00__table_001",,e2e_grounding_test_official_raw_distance_ctx_l1_en_qwen3vl235b_run1.csv,openrouter,qwen/qwen3-vl-235b-a22b-instruct,0.7287324439021458,-0.005079064552160808
test_stage1_dn_0019,scene0106_00,distance,context,2.0,all,en,scene0106_00__door_037,scene0106_00__monitor_021,,0.1978783160448074,scene0106_00__chair_018,scene0106_00__table_002,scene0106_00__chair_012,scene0106_00__table_001,False,0.7287324439021458,1.390372633934021,,,"scene0106_00__chair_012, scene0106_00__table_001",,e2e_grounding_test_official_raw_distance_ctx_l2_en_qwen3vl32b_run1.csv,openrouter,qwen/qwen3-vl-32b-instruct,0.7287324439021458,-0.005079064552160808
test_stage1_dn_0019,scene0106_00,distance,context,1.0,all,en,scene0106_00__door_037,scene0106_00__monitor_021,,0.1978783160448074,scene0106_00__chair_018,scene0106_00__table_002,scene0106_00__chair_012,scene0106_00__table_001,False,0.7287324439021458,1.390372633934021,,,"scene0106_00__chair_012, scene0106_00__table_001",,e2e_grounding_test_official_raw_distance_ctx_l1_en_qwen3vl8b_run1.csv,openrouter,qwen/qwen3-vl-8b-instruct,0.7287324439021458,-0.005079064552160808
test_stage1_dn_0019,scene0106_00,distance,context,1.0,all,en,scene0106_00__door_037,scene0106_00__monitor_021,,0.1978783160448074,scene0106_00__chair_018,scene0106_00__table_002,scene0106_00__chair_012,scene0106_00__table_001,False,0.7287324439021458,1.390372633934021,,,"scene0106_00__chair_012, scene0106_00__table_001",,e2e_grounding_test_official_raw_distance_ctx_l1_en.csv,,,0.7287324439021458,-0.005079064552160808
test_stage1_dn_0019,scene0106_00,distance,context,2.0,reference_only,en,scene0106_00__door_037,scene0106_00__monitor_021,,0.1978783160448074,scene0106_00__chair_018,scene0106_00__table_002,scene0106_00__chair_012,scene0106_00__table_001,False,0.7287324439021458,1.390372633934021,,,"scene0106_00__chair_012, scene0106_00__table_001",,e2e_grounding_test_official_raw_distance_ctx_l2_ref_only_en_qwen3vl32b_run1.csv,openrouter,qwen/qwen3-vl-32b-instruct,0.7287324439021458,-0.005079064552160808
test_stage1_dn_0019,scene0106_00,distance,context,1.0,all,en,scene0106_00__door_037,scene0106_00__monitor_021,,0.1978783160448074,scene0106_00__chair_018,scene0106_00__table_002,scene0106_00__chair_012,scene0106_00__table_001,False,0.7287324439021458,1.390372633934021,,,"scene0106_00__chair_012, scene0106_00__table_001",,e2e_grounding_test_official_raw_distance_ctx_l1_en_qwen3vl8b_run2.csv,openrouter,qwen/qwen3-vl-8b-instruct,0.7287324439021458,-0.005079064552160808
test_stage1_dn_0019,scene0106_00,distance,context,3.0,all,en,scene0106_00__door_037,scene0106_00__monitor_021,,0.1978783160448074,scene0106_00__chair_018,scene0106_00__table_002,scene0106_00__chair_012,scene0106_00__table_001,False,0.7287324439021458,1.390372633934021,,,"scene0106_00__chair_012, scene0106_00__table_001",,e2e_grounding_test_official_raw_distance_ctx_l3_en_run2.csv,,,0.7287324439021458,-0.005079064552160808
test_stage1_dn_0019,scene0106_00,distance,context,2.0,all,en,scene0106_00__door_037,scene0106_00__monitor_021,,0.1978783160448074,scene0106_00__chair_018,scene0106_00__table_002,scene0106_00__chair_012,scene0106_00__table_001,False,0.7287324439021458,1.390372633934021,,,"scene0106_00__chair_012, scene0106_00__table_001",,e2e_grounding_test_official_raw_distance_ctx_l2_en.csv,,,0.7287324439021458,-0.005079064552160808
test_stage1_dn_0019,scene0106_00,distance,context,1.0,all,en,scene0106_00__door_037,scene0106_00__monitor_021,,0.1978783160448074,scene0106_00__chair_018,scene0106_00__table_002,scene0106_00__chair_012,scene0106_00__table_001,False,0.7287324439021458,1.390372633934021,,,"scene0106_00__chair_012, scene0106_00__table_001",,e2e_grounding_test_official_raw_distance_ctx_l1_en_run2.csv,,,0.7287324439021458,-0.005079064552160808
test_stage1_dn_0002,scene0012_01,distance,context,2.0,reference_only,en,scene0012_01__chair_002,scene0012_01__chair_001,,0.5864425897598267,scene0012_01__door_032,scene0012_01__table_008,scene0012_01__door_016,scene0012_01__table_008,False,0.7255560548857759,1.4711356163024902,,,"scene0012_01__door_016, scene0012_01__table_008",,e2e_grounding_test_official_raw_distance_ctx_l2_ref_only_en_run2.csv,,,0.7255560548857759,-0.005541900964169616
test_stage1_dn_0002,scene0012_01,distance,context,2.0,reference_only,en,scene0012_01__chair_002,scene0012_01__chair_001,,0.5864425897598267,scene0012_01__door_032,scene0012_01__table_008,scene0012_01__door_016,scene0012_01__table_008,False,0.7255560548857759,1.4711356163024902,,,"scene0012_01__door_016, scene0012_01__table_008",,e2e_grounding_test_official_raw_distance_ctx_l2_ref_only_en.csv,,,0.7255560548857759,-0.005541900964169616
test_stage1_dn_0002,scene0012_01,distance,original,,,en,scene0012_01__chair_002,scene0012_01__chair_001,,0.5864425897598267,scene0012_01__door_032,scene0012_01__table_008,scene0012_01__door_033,scene0012_01__table_008,False,0.7212722242864544,1.4108028411865234,,,"scene0012_01__door_033, scene0012_01__table_008",,e2e_grounding_test_official_raw_distance_baseline_en_qwen3vl32b_run2.csv,openrouter,qwen/qwen3-vl-32b-instruct,0.7212722242864544,-0.006198062668802342
test_stage1_dn_0002,scene0012_01,distance,context,2.0,reference_only,en,scene0012_01__chair_002,scene0012_01__chair_001,,0.5864425897598267,scene0012_01__door_032,scene0012_01__table_008,scene0012_01__door_033,scene0012_01__table_008,False,0.7212722242864544,1.4108028411865234,,,"scene0012_01__door_033, scene0012_01__table_008",,e2e_grounding_test_official_raw_distance_ctx_l2_ref_only_en_qwen3vl32b_run1.csv,openrouter,qwen/qwen3-vl-32b-instruct,0.7212722242864544,-0.006198062668802342
test_stage1_dn_0002,scene0012_01,distance,context,1.0,all,en,scene0012_01__chair_002,scene0012_01__chair_001,,0.5864425897598267,scene0012_01__door_032,scene0012_01__table_008,scene0012_01__door_033,scene0012_01__table_008,False,0.7212722242864544,1.4108028411865234,,,"scene0012_01__door_033, scene0012_01__table_008",,e2e_grounding_test_official_raw_distance_ctx_l1_en.csv,,,0.7212722242864544,-0.006198062668802342
test_stage1_dn_0002,scene0012_01,distance,context,1.0,all,en,scene0012_01__chair_002,scene0012_01__chair_001,,0.5864425897598267,scene0012_01__door_032,scene0012_01__table_008,scene0012_01__door_033,scene0012_01__table_008,False,0.7212722242864544,1.4108028411865234,,,"scene0012_01__door_033, scene0012_01__table_008",,e2e_grounding_test_official_raw_distance_ctx_l1_en_qwen3vl32b_run1.csv,openrouter,qwen/qwen3-vl-32b-instruct,0.7212722242864544,-0.006198062668802342
test_stage1_dn_0002,scene0012_01,distance,context,2.0,reference_only,en,scene0012_01__chair_002,scene0012_01__chair_001,,0.5864425897598267,scene0012_01__door_032,scene0012_01__table_008,scene0012_01__door_033,scene0012_01__table_008,False,0.7212722242864544,1.4108028411865234,,,"scene0012_01__door_033, scene0012_01__table_008",,e2e_grounding_test_official_raw_distance_ctx_l2_ref_only_en_qwen3vl32b_run2.csv,openrouter,qwen/qwen3-vl-32b-instruct,0.7212722242864544,-0.006198062668802342
test_stage1_dn_0002,scene0012_01,distance,context,3.0,all,en,scene0012_01__chair_002,scene0012_01__chair_001,,0.5864425897598267,scene0012_01__door_032,scene0012_01__table_008,scene0012_01__door_033,scene0012_01__table_008,False,0.7212722242864544,1.4108028411865234,,,"scene0012_01__door_033, scene0012_01__table_008",,e2e_grounding_test_official_raw_distance_ctx_l3_en_qwen3vl32b_run2.csv,openrouter,qwen/qwen3-vl-32b-instruct,0.7212722242864544,-0.006198062668802342
test_stage1_dn_0002,scene0012_01,distance,context,2.0,all,en,scene0012_01__chair_002,scene0012_01__chair_001,,0.5864425897598267,scene0012_01__door_032,scene0012_01__table_008,scene0012_01__door_033,scene0012_01__table_008,False,0.7212722242864544,1.4108028411865234,,,"scene0012_01__door_033, scene0012_01__table_008",,e2e_grounding_test_official_raw_distance_ctx_l2_en_qwen3vl32b_run2.csv,openrouter,qwen/qwen3-vl-32b-instruct,0.7212722242864544,-0.006198062668802342
test_stage1_dn_0002,scene0012_01,distance,context,1.0,all,en,scene0012_01__chair_002,scene0012_01__chair_001,,0.5864425897598267,scene0012_01__door_032,scene0012_01__table_008,scene0012_01__door_033,scene0012_01__table_008,False,0.7212722242864544,1.4108028411865234,,,"scene0012_01__door_033, scene0012_01__table_008",,e2e_grounding_test_official_raw_distance_ctx_l1_en_run2.csv,,,0.7212722242864544,-0.006198062668802342
test_stage1_dn_0002,scene0012_01,distance,original,,,en,scene0012_01__chair_002,scene0012_01__chair_001,,0.5864425897598267,scene0012_01__door_032,scene0012_01__table_008,scene0012_01__door_033,scene0012_01__table_008,False,0.7212722242864544,1.4108028411865234,,,"scene0012_01__door_033, scene0012_01__table_008",,e2e_grounding_test_official_raw_distance_baseline_en_qwen3vl32b_run1.csv,openrouter,qwen/qwen3-vl-32b-instruct,0.7212722242864544,-0.006198062668802342
test_stage1_dn_0002,scene0012_01,distance,context,1.0,all,en,scene0012_01__chair_002,scene0012_01__chair_001,,0.5864425897598267,scene0012_01__door_032,scene0012_01__table_008,scene0012_01__door_033,scene0012_01__table_008,False,0.7212722242864544,1.4108028411865234,,,"scene0012_01__door_033, scene0012_01__table_008",,e2e_grounding_test_official_raw_distance_ctx_l1_en_qwen3vl32b_run2.csv,openrouter,qwen/qwen3-vl-32b-instruct,0.7212722242864544,-0.006198062668802342
test_stage1_dn_0002,scene0012_01,distance,context,3.0,all,en,scene0012_01__chair_002,scene0012_01__chair_001,,0.5864425897598267,scene0012_01__door_032,scene0012_01__table_008,scene0012_01__door_033,scene0012_01__table_008,False,0.7212722242864544,1.4108028411865234,,,"scene0012_01__door_033, scene0012_01__table_008",,e2e_grounding_test_official_raw_distance_ctx_l3_en_qwen3vl32b_run1.csv,openrouter,qwen/qwen3-vl-32b-instruct,0.7212722242864544,-0.006198062668802342
test_stage1_dn_0002,scene0012_01,distance,context,2.0,all,en,scene0012_01__chair_002,scene0012_01__chair_001,,0.5864425897598267,scene0012_01__door_032,scene0012_01__table_008,scene0012_01__door_033,scene0012_01__table_008,False,0.7212722242864544,1.4108028411865234,,,"scene0012_01__door_033, scene0012_01__table_008",,e2e_grounding_test_official_raw_distance_ctx_l2_en_qwen3vl32b_run1.csv,openrouter,qwen/qwen3-vl-32b-instruct,0.7212722242864544,-0.006198062668802342
test_stage1_dn_0030,scene0140_00,distance,context,2.0,all,en,scene0140_00__door_034,scene0140_00__cabinet_002,,0.183088332414627,scene0140_00__chair_046,scene0140_00__table_001,scene0140_00__chair_004,scene0140_00__table_001,False,0.8795595278054803,2.492703676223755,,,"scene0140_00__chair_004, scene0140_00__table_001",,e2e_grounding_test_official_raw_distance_ctx_l2_en_qwen3vl235b_run1.csv,openrouter,qwen/qwen3-vl-235b-a22b-instruct,0.8795595278054803,-0.006329718464630986
test_stage1_dn_0030,scene0140_00,distance,original,,,en,scene0140_00__door_034,scene0140_00__cabinet_002,,0.183088332414627,scene0140_00__chair_046,scene0140_00__table_001,scene0140_00__chair_004,scene0140_00__table_001,False,0.8795595278054803,2.492703676223755,,,"scene0140_00__chair_004, scene0140_00__table_001",,e2e_grounding_test_official_raw_distance_baseline_en_qwen3vl8b_run2.csv,openrouter,qwen/qwen3-vl-8b-instruct,0.8795595278054803,-0.006329718464630986
test_stage1_dn_0030,scene0140_00,distance,context,2.0,reference_only,en,scene0140_00__door_034,scene0140_00__cabinet_002,,0.183088332414627,scene0140_00__chair_046,scene0140_00__table_001,scene0140_00__chair_004,scene0140_00__table_001,False,0.8795595278054803,2.492703676223755,,,"scene0140_00__chair_004, scene0140_00__table_001",,e2e_grounding_test_official_raw_distance_ctx_l2_ref_only_en_qwen3vl235b_run2.csv,openrouter,qwen/qwen3-vl-235b-a22b-instruct,0.8795595278054803,-0.006329718464630986
test_stage1_dn_0030,scene0140_00,distance,original,,,en,scene0140_00__door_034,scene0140_00__cabinet_002,,0.183088332414627,scene0140_00__chair_046,scene0140_00__table_001,scene0140_00__chair_004,scene0140_00__table_001,False,0.8795595278054803,2.492703676223755,,,"scene0140_00__chair_004, scene0140_00__table_001",,e2e_grounding_test_official_raw_distance_baseline_en_qwen3vl235b_run1.csv,openrouter,qwen/qwen3-vl-235b-a22b-instruct,0.8795595278054803,-0.006329718464630986
test_stage1_dn_0030,scene0140_00,distance,context,3.0,all,en,scene0140_00__door_034,scene0140_00__cabinet_002,,0.183088332414627,scene0140_00__chair_046,scene0140_00__table_001,scene0140_00__chair_004,scene0140_00__table_001,False,0.8795595278054803,2.492703676223755,,,"scene0140_00__chair_004, scene0140_00__table_001",,e2e_grounding_test_official_raw_distance_ctx_l3_en_qwen3vl235b_run1.csv,openrouter,qwen/qwen3-vl-235b-a22b-instruct,0.8795595278054803,-0.006329718464630986
test_stage1_dn_0030,scene0140_00,distance,original,,,en,scene0140_00__door_034,scene0140_00__cabinet_002,,0.183088332414627,scene0140_00__chair_046,scene0140_00__table_001,scene0140_00__chair_004,scene0140_00__table_001,False,0.8795595278054803,2.492703676223755,,,"scene0140_00__chair_004, scene0140_00__table_001",,e2e_grounding_test_official_raw_distance_baseline_en_qwen3vl8b_run1.csv,openrouter,qwen/qwen3-vl-8b-instruct,0.8795595278054803,-0.006329718464630986
test_stage1_dn_0030,scene0140_00,distance,context,3.0,all,en,scene0140_00__door_034,scene0140_00__cabinet_002,,0.183088332414627,scene0140_00__chair_046,scene0140_00__table_001,scene0140_00__chair_004,scene0140_00__table_001,False,0.8795595278054803,2.492703676223755,,,"scene0140_00__chair_004, scene0140_00__table_001",,e2e_grounding_test_official_raw_distance_ctx_l3_en_qwen3vl235b_run2.csv,openrouter,qwen/qwen3-vl-235b-a22b-instruct,0.8795595278054803,-0.006329718464630986
test_stage1_dn_0030,scene0140_00,distance,original,,,en,scene0140_00__door_034,scene0140_00__cabinet_002,,0.183088332414627,scene0140_00__chair_046,scene0140_00__table_001,scene0140_00__chair_004,scene0140_00__table_001,False,0.8795595278054803,2.492703676223755,,,"scene0140_00__chair_004, scene0140_00__table_001",,e2e_grounding_test_official_raw_distance_baseline_en_qwen3vl32b_run1.csv,openrouter,qwen/qwen3-vl-32b-instruct,0.8795595278054803,-0.006329718464630986
test_stage1_dn_0030,scene0140_00,distance,original,,,en,scene0140_00__door_034,scene0140_00__cabinet_002,,0.183088332414627,scene0140_00__chair_046,scene0140_00__table_001,scene0140_00__chair_004,scene0140_00__table_001,False,0.8795595278054803,2.492703676223755,,,"scene0140_00__chair_004, scene0140_00__table_001",,e2e_grounding_test_official_raw_distance_baseline_en_qwen3vl32b_run2.csv,openrouter,qwen/qwen3-vl-32b-instruct,0.8795595278054803,-0.006329718464630986
test_stage1_dn_0026,scene0137_01,distance,context,2.0,reference_only,en,scene0137_01__table_015,scene0137_01__bed_002,,0.2886812686920166,scene0137_01__chair_007,scene0137_01__monitor_009,scene0137_01__chair_007,scene0137_01__monitor_013,False,0.7132353794920224,1.4204246997833252,,,"scene0137_01__chair_007, scene0137_01__monitor_013",,e2e_grounding_test_official_raw_distance_ctx_l2_ref_only_en.csv,,,0.7132353794920224,-0.00752809937189337
test_stage1_dn_0026,scene0137_01,distance,context,2.0,reference_only,en,scene0137_01__table_015,scene0137_01__bed_002,,0.2886812686920166,scene0137_01__chair_007,scene0137_01__monitor_009,scene0137_01__chair_007,scene0137_01__monitor_013,False,0.7132353794920224,1.4204246997833252,,,"scene0137_01__chair_007, scene0137_01__monitor_013",,e2e_grounding_test_official_raw_distance_ctx_l2_ref_only_en_qwen3vl235b_run1.csv,openrouter,qwen/qwen3-vl-235b-a22b-instruct,0.7132353794920224,-0.00752809937189337
test_stage1_dn_0026,scene0137_01,distance,context,2.0,all,en,scene0137_01__table_015,scene0137_01__bed_002,,0.2886812686920166,scene0137_01__chair_007,scene0137_01__monitor_009,scene0137_01__chair_007,scene0137_01__monitor_013,False,0.7132353794920224,1.4204246997833252,,,"scene0137_01__chair_007, scene0137_01__monitor_013",,e2e_grounding_test_official_raw_distance_ctx_l2_en_qwen3vl8b_run1.csv,openrouter,qwen/qwen3-vl-8b-instruct,0.7132353794920224,-0.00752809937189337
test_stage1_dn_0026,scene0137_01,distance,context,2.0,all,en,scene0137_01__table_015,scene0137_01__bed_002,,0.2886812686920166,scene0137_01__chair_007,scene0137_01__monitor_009,scene0137_01__chair_007,scene0137_01__monitor_013,False,0.7132353794920224,1.4204246997833252,,,"scene0137_01__chair_007, scene0137_01__monitor_013",,e2e_grounding_test_official_raw_distance_ctx_l2_en_qwen3vl32b_run1.csv,openrouter,qwen/qwen3-vl-32b-instruct,0.7132353794920224,-0.00752809937189337
test_stage1_dn_0026,scene0137_01,distance,context,2.0,reference_only,en,scene0137_01__table_015,scene0137_01__bed_002,,0.2886812686920166,scene0137_01__chair_007,scene0137_01__monitor_009,scene0137_01__chair_007,scene0137_01__monitor_013,False,0.7132353794920224,1.4204246997833252,,,"scene0137_01__chair_007, scene0137_01__monitor_013",,e2e_grounding_test_official_raw_distance_ctx_l2_ref_only_en_qwen3vl235b_run2.csv,openrouter,qwen/qwen3-vl-235b-a22b-instruct,0.7132353794920224,-0.00752809937189337
test_stage1_dn_0026,scene0137_01,distance,context,2.0,all,en,scene0137_01__table_015,scene0137_01__bed_002,,0.2886812686920166,scene0137_01__chair_007,scene0137_01__monitor_009,scene0137_01__chair_007,scene0137_01__monitor_013,False,0.7132353794920224,1.4204246997833252,,,"scene0137_01__chair_007, scene0137_01__monitor_013",,e2e_grounding_test_official_raw_distance_ctx_l2_en_qwen3vl32b_run2.csv,openrouter,qwen/qwen3-vl-32b-instruct,0.7132353794920224,-0.00752809937189337
test_stage1_dn_0026,scene0137_01,distance,context,2.0,all,en,scene0137_01__table_015,scene0137_01__bed_002,,0.2886812686920166,scene0137_01__chair_007,scene0137_01__monitor_009,scene0137_01__chair_007,scene0137_01__monitor_013,False,0.7132353794920224,1.4204246997833252,,,"scene0137_01__chair_007, scene0137_01__monitor_013",,e2e_grounding_test_official_raw_distance_ctx_l2_en_run2.csv,,,0.7132353794920224,-0.00752809937189337
test_stage1_dn_0026,scene0137_01,distance,context,2.0,all,en,scene0137_01__table_015,scene0137_01__bed_002,,0.2886812686920166,scene0137_01__chair_007,scene0137_01__monitor_009,scene0137_01__chair_007,scene0137_01__monitor_013,False,0.7132353794920224,1.4204246997833252,,,"scene0137_01__chair_007, scene0137_01__monitor_013",,e2e_grounding_test_official_raw_distance_ctx_l2_en_qwen3vl235b_run2.csv,openrouter,qwen/qwen3-vl-235b-a22b-instruct,0.7132353794920224,-0.00752809937189337
test_stage1_dn_0026,scene0137_01,distance,context,2.0,all,en,scene0137_01__table_015,scene0137_01__bed_002,,0.2886812686920166,scene0137_01__chair_007,scene0137_01__monitor_009,scene0137_01__chair_007,scene0137_01__monitor_013,False,0.7132353794920224,1.4204246997833252,,,"scene0137_01__chair_007, scene0137_01__monitor_013",,e2e_grounding_test_official_raw_distance_ctx_l2_en_qwen3vl235b_run1.csv,openrouter,qwen/qwen3-vl-235b-a22b-instruct,0.7132353794920224,-0.00752809937189337
test_stage1_dn_0026,scene0137_01,distance,context,2.0,reference_only,en,scene0137_01__table_015,scene0137_01__bed_002,,0.2886812686920166,scene0137_01__chair_007,scene0137_01__monitor_009,scene0137_01__chair_007,scene0137_01__monitor_013,False,0.7132353794920224,1.4204246997833252,,,"scene0137_01__chair_007, scene0137_01__monitor_013",,e2e_grounding_test_official_raw_distance_ctx_l2_ref_only_en_qwen3vl32b_run1.csv,openrouter,qwen/qwen3-vl-32b-instruct,0.7132353794920224,-0.00752809937189337
test_stage1_dn_0026,scene0137_01,distance,context,2.0,all,en,scene0137_01__table_015,scene0137_01__bed_002,,0.2886812686920166,scene0137_01__chair_007,scene0137_01__monitor_009,scene0137_01__chair_007,scene0137_01__monitor_013,False,0.7132353794920224,1.4204246997833252,,,"scene0137_01__chair_007, scene0137_01__monitor_013",,e2e_grounding_test_official_raw_distance_ctx_l2_en.csv,,,0.7132353794920224,-0.00752809937189337
test_stage1_dn_0026,scene0137_01,distance,context,2.0,all,en,scene0137_01__table_015,scene0137_01__bed_002,,0.2886812686920166,scene0137_01__chair_007,scene0137_01__monitor_009,scene0137_01__chair_007,scene0137_01__monitor_013,False,0.7132353794920224,1.4204246997833252,,,"scene0137_01__chair_007, scene0137_01__monitor_013",,e2e_grounding_test_official_raw_distance_ctx_l2_en_qwen3vl8b_run2.csv,openrouter,qwen/qwen3-vl-8b-instruct,0.7132353794920224,-0.00752809937189337
test_stage1_dn_0026,scene0137_01,distance,original,,,en,scene0137_01__table_015,scene0137_01__bed_002,,0.2886812686920166,scene0137_01__chair_007,scene0137_01__monitor_009,scene0137_01__chair_007,scene0137_01__monitor_013,False,0.7132353794920224,1.4204246997833252,,,"scene0137_01__chair_007, scene0137_01__monitor_013",,e2e_grounding_test_official_raw_distance_baseline_en_run2.csv,,,0.7132353794920224,-0.00752809937189337
test_stage1_dn_0026,scene0137_01,distance,context,2.0,reference_only,en,scene0137_01__table_015,scene0137_01__bed_002,,0.2886812686920166,scene0137_01__chair_007,scene0137_01__monitor_009,scene0137_01__chair_007,scene0137_01__monitor_013,False,0.7132353794920224,1.4204246997833252,,,"scene0137_01__chair_007, scene0137_01__monitor_013",,e2e_grounding_test_official_raw_distance_ctx_l2_ref_only_en_qwen3vl32b_run2.csv,openrouter,qwen/qwen3-vl-32b-instruct,0.7132353794920224,-0.00752809937189337
test_stage1_dn_0026,scene0137_01,distance,context,3.0,all,en,scene0137_01__table_015,scene0137_01__bed_002,,0.2886812686920166,scene0137_01__chair_007,scene0137_01__monitor_009,scene0137_01__chair_007,scene0137_01__monitor_013,False,0.7132353794920224,1.4204246997833252,,,"scene0137_01__chair_007, scene0137_01__monitor_013",,e2e_grounding_test_official_raw_distance_ctx_l3_en_run2.csv,,,0.7132353794920224,-0.00752809937189337
test_stage1_dn_0026,scene0137_01,distance,original,,,en,scene0137_01__table_015,scene0137_01__bed_002,,0.2886812686920166,scene0137_01__chair_007,scene0137_01__monitor_009,scene0137_01__chair_007,scene0137_01__monitor_013,False,0.7132353794920224,1.4204246997833252,,,"scene0137_01__chair_007, scene0137_01__monitor_013",,e2e_grounding_test_official_raw_distance_baseline_en.csv,,,0.7132353794920224,-0.00752809937189337
test_stage1_dn_0026,scene0137_01,distance,context,3.0,all,en,scene0137_01__table_015,scene0137_01__bed_002,,0.2886812686920166,scene0137_01__chair_007,scene0137_01__monitor_009,scene0137_01__chair_007,scene0137_01__monitor_013,False,0.7132353794920224,1.4204246997833252,,,"scene0137_01__chair_007, scene0137_01__monitor_013",,e2e_grounding_test_official_raw_distance_ctx_l3_en_qwen3vl8b_run2.csv,openrouter,qwen/qwen3-vl-8b-instruct,0.7132353794920224,-0.00752809937189337
test_stage1_dn_0026,scene0137_01,distance,context,3.0,all,en,scene0137_01__table_015,scene0137_01__bed_002,,0.2886812686920166,scene0137_01__chair_007,scene0137_01__monitor_009,scene0137_01__chair_007,scene0137_01__monitor_013,False,0.7132353794920224,1.4204246997833252,,,"scene0137_01__chair_007, scene0137_01__monitor_013",,e2e_grounding_test_official_raw_distance_ctx_l3_en_qwen3vl8b_run1.csv,openrouter,qwen/qwen3-vl-8b-instruct,0.7132353794920224,-0.00752809937189337
test_stage1_dn_0026,scene0137_01,distance,original,,,en,scene0137_01__table_015,scene0137_01__bed_002,,0.2886812686920166,scene0137_01__chair_007,scene0137_01__monitor_009,scene0137_01__chair_007,scene0137_01__monitor_013,False,0.7132353794920224,1.4204246997833252,,,"scene0137_01__chair_007, scene0137_01__monitor_013",,e2e_grounding_test_official_raw_distance_baseline_en_qwen3vl8b_run2.csv,openrouter,qwen/qwen3-vl-8b-instruct,0.7132353794920224,-0.00752809937189337
test_stage1_dn_0026,scene0137_01,distance,context,3.0,all,en,scene0137_01__table_015,scene0137_01__bed_002,,0.2886812686920166,scene0137_01__chair_007,scene0137_01__monitor_009,scene0137_01__chair_007,scene0137_01__monitor_013,False,0.7132353794920224,1.4204246997833252,,,"scene0137_01__chair_007, scene0137_01__monitor_013",,e2e_grounding_test_official_raw_distance_ctx_l3_en_qwen3vl32b_run2.csv,openrouter,qwen/qwen3-vl-32b-instruct,0.7132353794920224,-0.00752809937189337
test_stage1_dn_0026,scene0137_01,distance,context,3.0,all,en,scene0137_01__table_015,scene0137_01__bed_002,,0.2886812686920166,scene0137_01__chair_007,scene0137_01__monitor_009,scene0137_01__chair_007,scene0137_01__monitor_013,False,0.7132353794920224,1.4204246997833252,,,"scene0137_01__chair_007, scene0137_01__monitor_013",,e2e_grounding_test_official_raw_distance_ctx_l3_en_qwen3vl32b_run1.csv,openrouter,qwen/qwen3-vl-32b-instruct,0.7132353794920224,-0.00752809937189337
test_stage1_dn_0026,scene0137_01,distance,context,3.0,all,en,scene0137_01__table_015,scene0137_01__bed_002,,0.2886812686920166,scene0137_01__chair_007,scene0137_01__monitor_009,scene0137_01__chair_007,scene0137_01__monitor_013,False,0.7132353794920224,1.4204246997833252,,,"scene0137_01__chair_007, scene0137_01__monitor_013",,e2e_grounding_test_official_raw_distance_ctx_l3_en_qwen3vl235b_run2.csv,openrouter,qwen/qwen3-vl-235b-a22b-instruct,0.7132353794920224,-0.00752809937189337
test_stage1_dn_0026,scene0137_01,distance,context,3.0,all,en,scene0137_01__table_015,scene0137_01__bed_002,,0.2886812686920166,scene0137_01__chair_007,scene0137_01__monitor_009,scene0137_01__chair_007,scene0137_01__monitor_013,False,0.7132353794920224,1.4204246997833252,,,"scene0137_01__chair_007, scene0137_01__monitor_013",,e2e_grounding_test_official_raw_distance_ctx_l3_en_qwen3vl235b_run1.csv,openrouter,qwen/qwen3-vl-235b-a22b-instruct,0.7132353794920224,-0.00752809937189337
test_stage1_dn_0026,scene0137_01,distance,context,3.0,all,en,scene0137_01__table_015,scene0137_01__bed_002,,0.2886812686920166,scene0137_01__chair_007,scene0137_01__monitor_009,scene0137_01__chair_007,scene0137_01__monitor_013,False,0.7132353794920224,1.4204246997833252,,,"scene0137_01__chair_007, scene0137_01__monitor_013",,e2e_grounding_test_official_raw_distance_ctx_l3_en.csv,,,0.7132353794920224,-0.00752809937189337
test_stage1_dn_0026,scene0137_01,distance,original,,,en,scene0137_01__table_015,scene0137_01__bed_002,,0.2886812686920166,scene0137_01__chair_007,scene0137_01__monitor_009,scene0137_01__chair_007,scene0137_01__monitor_013,False,0.7132353794920224,1.4204246997833252,,,"scene0137_01__chair_007, scene0137_01__monitor_013",,e2e_grounding_test_official_raw_distance_baseline_en_qwen3vl8b_run1.csv,openrouter,qwen/qwen3-vl-8b-instruct,0.7132353794920224,-0.00752809937189337
test_stage1_dn_0019,scene0106_00,distance,context,2.0,reference_only,en,scene0106_00__door_037,scene0106_00__monitor_021,,0.1978783160448074,scene0106_00__chair_018,scene0106_00__table_002,scene0106_00__chair_010,scene0106_00__table_002,False,0.6934767987718035,2.460973024368286,,,"scene0106_00__chair_010, scene0106_00__table_002",,e2e_grounding_test_official_raw_distance_ctx_l2_ref_only_en_qwen3vl235b_run1.csv,openrouter,qwen/qwen3-vl-235b-a22b-instruct,0.6934767987718035,-0.011347192399902862
test_stage1_dn_0019,scene0106_00,distance,context,2.0,all,en,scene0106_00__door_037,scene0106_00__monitor_021,,0.1978783160448074,scene0106_00__chair_018,scene0106_00__table_002,scene0106_00__chair_010,scene0106_00__table_002,False,0.6934767987718035,2.460973024368286,,,"scene0106_00__chair_010, scene0106_00__table_002",,e2e_grounding_test_official_raw_distance_ctx_l2_en_qwen3vl235b_run1.csv,openrouter,qwen/qwen3-vl-235b-a22b-instruct,0.6934767987718035,-0.011347192399902862
test_stage1_dn_0019,scene0106_00,distance,context,2.0,all,en,scene0106_00__door_037,scene0106_00__monitor_021,,0.1978783160448074,scene0106_00__chair_018,scene0106_00__table_002,scene0106_00__chair_010,scene0106_00__table_002,False,0.6934767987718035,2.460973024368286,,,"scene0106_00__chair_010, scene0106_00__table_002",,e2e_grounding_test_official_raw_distance_ctx_l2_en_qwen3vl235b_run2.csv,openrouter,qwen/qwen3-vl-235b-a22b-instruct,0.6934767987718035,-0.011347192399902862
test_stage1_dn_0019,scene0106_00,distance,context,3.0,all,en,scene0106_00__door_037,scene0106_00__monitor_021,,0.1978783160448074,scene0106_00__chair_018,scene0106_00__table_002,scene0106_00__chair_010,scene0106_00__table_002,False,0.6934767987718035,2.460973024368286,,,"scene0106_00__chair_010, scene0106_00__table_002",,e2e_grounding_test_official_raw_distance_ctx_l3_en_qwen3vl235b_run2.csv,openrouter,qwen/qwen3-vl-235b-a22b-instruct,0.6934767987718035,-0.011347192399902862
test_stage1_dn_0019,scene0106_00,distance,context,2.0,reference_only,en,scene0106_00__door_037,scene0106_00__monitor_021,,0.1978783160448074,scene0106_00__chair_018,scene0106_00__table_002,scene0106_00__chair_010,scene0106_00__table_002,False,0.6934767987718035,2.460973024368286,,,"scene0106_00__chair_010, scene0106_00__table_002",,e2e_grounding_test_official_raw_distance_ctx_l2_ref_only_en_qwen3vl235b_run2.csv,openrouter,qwen/qwen3-vl-235b-a22b-instruct,0.6934767987718035,-0.011347192399902862
test_stage1_dn_0001,scene0012_01,distance,context,3.0,all,en,scene0012_01__door_016,scene0012_01__door_029,,0.4960574507713318,scene0012_01__chair_002,scene0012_01__table_008,scene0012_01__chair_001,scene0012_01__table_008,False,0.6916658839676922,1.310062050819397,,,"scene0012_01__chair_001, scene0012_01__table_008",,e2e_grounding_test_official_raw_distance_ctx_l3_en_qwen3vl8b_run1.csv,openrouter,qwen/qwen3-vl-8b-instruct,0.6916658839676922,-0.01173628069650153
test_stage1_dn_0001,scene0012_01,distance,original,,,en,scene0012_01__door_016,scene0012_01__door_029,,0.4960574507713318,scene0012_01__chair_002,scene0012_01__table_008,scene0012_01__chair_001,scene0012_01__table_008,False,0.6916658839676922,1.310062050819397,,,"scene0012_01__chair_001, scene0012_01__table_008",,e2e_grounding_test_official_raw_distance_baseline_en_qwen3vl8b_run1.csv,openrouter,qwen/qwen3-vl-8b-instruct,0.6916658839676922,-0.01173628069650153
test_stage1_dn_0001,scene0012_01,distance,context,2.0,reference_only,en,scene0012_01__door_016,scene0012_01__door_029,,0.4960574507713318,scene0012_01__chair_002,scene0012_01__table_008,scene0012_01__chair_001,scene0012_01__table_008,False,0.6916658839676922,1.310062050819397,,,"scene0012_01__chair_001, scene0012_01__table_008",,e2e_grounding_test_official_raw_distance_ctx_l2_ref_only_en_qwen3vl8b_run1.csv,openrouter,qwen/qwen3-vl-8b-instruct,0.6916658839676922,-0.01173628069650153
test_stage1_dn_0001,scene0012_01,distance,original,,,en,scene0012_01__door_016,scene0012_01__door_029,,0.4960574507713318,scene0012_01__chair_002,scene0012_01__table_008,scene0012_01__chair_001,scene0012_01__table_008,False,0.6916658839676922,1.310062050819397,,,"scene0012_01__chair_001, scene0012_01__table_008",,e2e_grounding_test_official_raw_distance_baseline_en_qwen3vl8b_run2.csv,openrouter,qwen/qwen3-vl-8b-instruct,0.6916658839676922,-0.01173628069650153
test_stage1_dn_0001,scene0012_01,distance,context,3.0,all,en,scene0012_01__door_016,scene0012_01__door_029,,0.4960574507713318,scene0012_01__chair_002,scene0012_01__table_008,scene0012_01__chair_001,scene0012_01__table_008,False,0.6916658839676922,1.310062050819397,,,"scene0012_01__chair_001, scene0012_01__table_008",,e2e_grounding_test_official_raw_distance_ctx_l3_en_qwen3vl8b_run2.csv,openrouter,qwen/qwen3-vl-8b-instruct,0.6916658839676922,-0.01173628069650153
test_stage1_dn_0001,scene0012_01,distance,context,2.0,all,en,scene0012_01__door_016,scene0012_01__door_029,,0.4960574507713318,scene0012_01__chair_002,scene0012_01__table_008,scene0012_01__chair_001,scene0012_01__table_008,False,0.6916658839676922,1.310062050819397,,,"scene0012_01__chair_001, scene0012_01__table_008",,e2e_grounding_test_official_raw_distance_ctx_l2_en_qwen3vl8b_run1.csv,openrouter,qwen/qwen3-vl-8b-instruct,0.6916658839676922,-0.01173628069650153
test_stage1_dn_0010,scene0087_00,distance,original,,,en,scene0087_00__chair_008,scene0087_00__door_015,,0.3623756170272827,scene0087_00__sofa_003,scene0087_00__table_012,scene0087_00__sofa_003,scene0087_00__table_006,False,0.6791136475664551,2.044857978820801,,,"scene0087_00__sofa_003, scene0087_00__table_006",,e2e_grounding_test_official_raw_distance_baseline_en_run2.csv,,,0.6791136475664551,-0.014613510204687239
test_stage1_dn_0010,scene0087_00,distance,original,,,en,scene0087_00__chair_008,scene0087_00__door_015,,0.3623756170272827,scene0087_00__sofa_003,scene0087_00__table_012,scene0087_00__sofa_003,scene0087_00__table_006,False,0.6791136475664551,2.044857978820801,,,"scene0087_00__sofa_003, scene0087_00__table_006",,e2e_grounding_test_official_raw_distance_baseline_en_qwen3vl8b_run2.csv,openrouter,qwen/qwen3-vl-8b-instruct,0.6791136475664551,-0.014613510204687239
test_stage1_dn_0010,scene0087_00,distance,original,,,en,scene0087_00__chair_008,scene0087_00__door_015,,0.3623756170272827,scene0087_00__sofa_003,scene0087_00__table_012,scene0087_00__sofa_003,scene0087_00__table_006,False,0.6791136475664551,2.044857978820801,,,"scene0087_00__sofa_003, scene0087_00__table_006",,e2e_grounding_test_official_raw_distance_baseline_en_qwen3vl235b_run1.csv,openrouter,qwen/qwen3-vl-235b-a22b-instruct,0.6791136475664551,-0.014613510204687239
test_stage1_dn_0010,scene0087_00,distance,original,,,en,scene0087_00__chair_008,scene0087_00__door_015,,0.3623756170272827,scene0087_00__sofa_003,scene0087_00__table_012,scene0087_00__sofa_003,scene0087_00__table_006,False,0.6791136475664551,2.044857978820801,,,"scene0087_00__sofa_003, scene0087_00__table_006",,e2e_grounding_test_official_raw_distance_baseline_en_qwen3vl235b_run2.csv,openrouter,qwen/qwen3-vl-235b-a22b-instruct,0.6791136475664551,-0.014613510204687239
test_stage1_dn_0010,scene0087_00,distance,context,2.0,reference_only,en,scene0087_00__chair_008,scene0087_00__door_015,,0.3623756170272827,scene0087_00__sofa_003,scene0087_00__table_012,scene0087_00__sofa_003,scene0087_00__table_006,False,0.6791136475664551,2.044857978820801,,,"scene0087_00__sofa_003, scene0087_00__table_006",,e2e_grounding_test_official_raw_distance_ctx_l2_ref_only_en_qwen3vl8b_run2.csv,openrouter,qwen/qwen3-vl-8b-instruct,0.6791136475664551,-0.014613510204687239
test_stage1_dn_0010,scene0087_00,distance,original,,,en,scene0087_00__chair_008,scene0087_00__door_015,,0.3623756170272827,scene0087_00__sofa_003,scene0087_00__table_012,scene0087_00__sofa_003,scene0087_00__table_006,False,0.6791136475664551,2.044857978820801,,,"scene0087_00__sofa_003, scene0087_00__table_006",,e2e_grounding_test_official_raw_distance_baseline_en_qwen3vl32b_run1.csv,openrouter,qwen/qwen3-vl-32b-instruct,0.6791136475664551,-0.014613510204687239
test_stage1_dn_0010,scene0087_00,distance,original,,,en,scene0087_00__chair_008,scene0087_00__door_015,,0.3623756170272827,scene0087_00__sofa_003,scene0087_00__table_012,scene0087_00__sofa_003,scene0087_00__table_006,False,0.6791136475664551,2.044857978820801,,,"scene0087_00__sofa_003, scene0087_00__table_006",,e2e_grounding_test_official_raw_distance_baseline_en.csv,,,0.6791136475664551,-0.014613510204687239
test_stage1_dn_0010,scene0087_00,distance,original,,,en,scene0087_00__chair_008,scene0087_00__door_015,,0.3623756170272827,scene0087_00__sofa_003,scene0087_00__table_012,scene0087_00__sofa_003,scene0087_00__table_006,False,0.6791136475664551,2.044857978820801,,,"scene0087_00__sofa_003, scene0087_00__table_006",,e2e_grounding_test_official_raw_distance_baseline_en_qwen3vl32b_run2.csv,openrouter,qwen/qwen3-vl-32b-instruct,0.6791136475664551,-0.014613510204687239
test_stage1_dn_0010,scene0087_00,distance,original,,,en,scene0087_00__chair_008,scene0087_00__door_015,,0.3623756170272827,scene0087_00__sofa_003,scene0087_00__table_012,scene0087_00__sofa_003,scene0087_00__table_006,False,0.6791136475664551,2.044857978820801,,,"scene0087_00__sofa_003, scene0087_00__table_006",,e2e_grounding_test_official_raw_distance_baseline_en_qwen3vl8b_run1.csv,openrouter,qwen/qwen3-vl-8b-instruct,0.6791136475664551,-0.014613510204687239
test_stage1_dn_0007,scene0066_00,distance,context,2.0,all,en,scene0066_00__cabinet_003,scene0066_00__table_022,,0.4286984205245971,scene0066_00__chair_013,scene0066_00__door_032,scene0066_00__chair_017,scene0066_00__door_032,False,0.9424467248013132,1.8113789558410645,,,"scene0066_00__chair_017, scene0066_00__door_032",,e2e_grounding_test_official_raw_distance_ctx_l2_en.csv,,,0.9424467248013132,-0.020291069406621044
test_stage1_dn_0007,scene0066_00,distance,context,2.0,reference_only,en,scene0066_00__cabinet_003,scene0066_00__table_022,,0.4286984205245971,scene0066_00__chair_013,scene0066_00__door_032,scene0066_00__chair_017,scene0066_00__door_032,False,0.9424467248013132,1.8113789558410645,,,"scene0066_00__chair_017, scene0066_00__door_032",,e2e_grounding_test_official_raw_distance_ctx_l2_ref_only_en_run2.csv,,,0.9424467248013132,-0.020291069406621044
test_stage1_dn_0008,scene0081_01,distance,original,,,en,scene0081_01__table_018,scene0081_01__table_021,,0.1527515649795532,scene0081_01__chair_030,scene0081_01__monitor_026,scene0081_01__chair_001,scene0081_01__monitor_026,False,0.6562128516008571,1.2976386547088623,,,"scene0081_01__chair_001, scene0081_01__monitor_026",,e2e_grounding_test_official_raw_distance_baseline_en_qwen3vl8b_run1.csv,openrouter,qwen/qwen3-vl-8b-instruct,0.6562128516008571,-0.020674744044757165
test_stage1_dn_0008,scene0081_01,distance,original,,,en,scene0081_01__table_018,scene0081_01__table_021,,0.1527515649795532,scene0081_01__chair_030,scene0081_01__monitor_026,scene0081_01__chair_001,scene0081_01__monitor_026,False,0.6562128516008571,1.2976386547088623,,,"scene0081_01__chair_001, scene0081_01__monitor_026",,e2e_grounding_test_official_raw_distance_baseline_en_qwen3vl8b_run2.csv,openrouter,qwen/qwen3-vl-8b-instruct,0.6562128516008571,-0.020674744044757165
test_stage1_dn_0042,scene0181_00,distance,context,3.0,all,en,scene0181_00__cabinet_013,scene0181_00__cabinet_014,,0.3271380960941314,scene0181_00__chair_002,scene0181_00__door_028,scene0181_00__chair_004,scene0181_00__door_028,False,0.9524742092389884,1.8866376876831057,,,"scene0181_00__chair_004, scene0181_00__door_028",,e2e_grounding_test_official_raw_distance_ctx_l3_en_qwen3vl32b_run2.csv,openrouter,qwen/qwen3-vl-32b-instruct,0.9524742092389884,-0.0232483844830548
test_stage1_dn_0035,scene0142_00,distance,original,,,en,scene0142_00__chair_021,scene0142_00__chair_020,,0.1605832576751709,scene0142_00__cabinet_037,scene0142_00__table_006,scene0142_00__cabinet_043,scene0142_00__table_006,False,0.645829339329777,1.7060670852661133,,,"scene0142_00__cabinet_043, scene0142_00__table_006",,e2e_grounding_test_official_raw_distance_baseline_en_qwen3vl235b_run2.csv,openrouter,qwen/qwen3-vl-235b-a22b-instruct,0.645829339329777,-0.023768592611493045
test_stage1_dn_0041,scene0144_00,distance,context,2.0,reference_only,en,scene0144_00__table_001,scene0144_00__bed_000,,0.172589436173439,scene0144_00__chair_021,scene0144_00__door_011,scene0144_00__chair_021,scene0144_00__door_007,False,1.0161243989755846,1.4101808071136477,,,"scene0144_00__chair_021, scene0144_00__door_007",,e2e_grounding_test_official_raw_distance_ctx_l2_ref_only_en_qwen3vl8b_run2.csv,openrouter,qwen/qwen3-vl-8b-instruct,1.0161243989755846,-0.04670975583255765
test_stage1_dn_0041,scene0144_00,distance,context,2.0,all,en,scene0144_00__table_001,scene0144_00__bed_000,,0.172589436173439,scene0144_00__chair_021,scene0144_00__door_011,scene0144_00__chair_021,scene0144_00__door_007,False,1.0161243989755846,1.4101808071136477,,,"scene0144_00__chair_021, scene0144_00__door_007",,e2e_grounding_test_official_raw_distance_ctx_l2_en.csv,,,1.0161243989755846,-0.04670975583255765
test_stage1_dn_0041,scene0144_00,distance,context,3.0,all,en,scene0144_00__table_001,scene0144_00__bed_000,,0.172589436173439,scene0144_00__chair_021,scene0144_00__door_011,scene0144_00__chair_021,scene0144_00__door_007,False,1.0161243989755846,1.4101808071136477,,,"scene0144_00__chair_021, scene0144_00__door_007",,e2e_grounding_test_official_raw_distance_ctx_l3_en_qwen3vl8b_run2.csv,openrouter,qwen/qwen3-vl-8b-instruct,1.0161243989755846,-0.04670975583255765
test_stage1_dn_0041,scene0144_00,distance,context,2.0,reference_only,en,scene0144_00__table_001,scene0144_00__bed_000,,0.172589436173439,scene0144_00__chair_021,scene0144_00__door_011,scene0144_00__chair_021,scene0144_00__door_007,False,1.0161243989755846,1.4101808071136477,,,"scene0144_00__chair_021, scene0144_00__door_007",,e2e_grounding_test_official_raw_distance_ctx_l2_ref_only_en_qwen3vl8b_run1.csv,openrouter,qwen/qwen3-vl-8b-instruct,1.0161243989755846,-0.04670975583255765
test_stage1_dn_0041,scene0144_00,distance,context,3.0,all,en,scene0144_00__table_001,scene0144_00__bed_000,,0.172589436173439,scene0144_00__chair_021,scene0144_00__door_011,scene0144_00__chair_021,scene0144_00__door_007,False,1.0161243989755846,1.4101808071136477,,,"scene0144_00__chair_021, scene0144_00__door_007",,e2e_grounding_test_official_raw_distance_ctx_l3_en_qwen3vl8b_run1.csv,openrouter,qwen/qwen3-vl-8b-instruct,1.0161243989755846,-0.04670975583255765
test_stage1_dn_0041,scene0144_00,distance,context,2.0,reference_only,en,scene0144_00__table_001,scene0144_00__bed_000,,0.172589436173439,scene0144_00__chair_021,scene0144_00__door_011,scene0144_00__chair_021,scene0144_00__door_007,False,1.0161243989755846,1.4101808071136477,,,"scene0144_00__chair_021, scene0144_00__door_007",,e2e_grounding_test_official_raw_distance_ctx_l2_ref_only_en_qwen3vl32b_run1.csv,openrouter,qwen/qwen3-vl-32b-instruct,1.0161243989755846,-0.04670975583255765
test_stage1_dn_0041,scene0144_00,distance,context,2.0,reference_only,en,scene0144_00__table_001,scene0144_00__bed_000,,0.172589436173439,scene0144_00__chair_021,scene0144_00__door_011,scene0144_00__chair_021,scene0144_00__door_007,False,1.0161243989755846,1.4101808071136477,,,"scene0144_00__chair_021, scene0144_00__door_007",,e2e_grounding_test_official_raw_distance_ctx_l2_ref_only_en.csv,,,1.0161243989755846,-0.04670975583255765
test_stage1_dn_0041,scene0144_00,distance,context,2.0,all,en,scene0144_00__table_001,scene0144_00__bed_000,,0.172589436173439,scene0144_00__chair_021,scene0144_00__door_011,scene0144_00__chair_021,scene0144_00__door_007,False,1.0161243989755846,1.4101808071136477,,,"scene0144_00__chair_021, scene0144_00__door_007",,e2e_grounding_test_official_raw_distance_ctx_l2_en_qwen3vl32b_run1.csv,openrouter,qwen/qwen3-vl-32b-instruct,1.0161243989755846,-0.04670975583255765
test_stage1_dn_0041,scene0144_00,distance,context,3.0,all,en,scene0144_00__table_001,scene0144_00__bed_000,,0.172589436173439,scene0144_00__chair_021,scene0144_00__door_011,scene0144_00__chair_021,scene0144_00__door_007,False,1.0161243989755846,1.4101808071136477,,,"scene0144_00__chair_021, scene0144_00__door_007",,e2e_grounding_test_official_raw_distance_ctx_l3_en_qwen3vl32b_run1.csv,openrouter,qwen/qwen3-vl-32b-instruct,1.0161243989755846,-0.04670975583255765
test_stage1_dn_0041,scene0144_00,distance,context,2.0,reference_only,en,scene0144_00__table_001,scene0144_00__bed_000,,0.172589436173439,scene0144_00__chair_021,scene0144_00__door_011,scene0144_00__chair_021,scene0144_00__door_007,False,1.0161243989755846,1.4101808071136477,,,"scene0144_00__chair_021, scene0144_00__door_007",,e2e_grounding_test_official_raw_distance_ctx_l2_ref_only_en_run2.csv,,,1.0161243989755846,-0.04670975583255765
test_stage1_dn_0041,scene0144_00,distance,context,3.0,all,en,scene0144_00__table_001,scene0144_00__bed_000,,0.172589436173439,scene0144_00__chair_021,scene0144_00__door_011,scene0144_00__chair_021,scene0144_00__door_007,False,1.0161243989755846,1.4101808071136477,,,"scene0144_00__chair_021, scene0144_00__door_007",,e2e_grounding_test_official_raw_distance_ctx_l3_en_qwen3vl235b_run2.csv,openrouter,qwen/qwen3-vl-235b-a22b-instruct,1.0161243989755846,-0.04670975583255765
test_stage1_dn_0041,scene0144_00,distance,context,2.0,all,en,scene0144_00__table_001,scene0144_00__bed_000,,0.172589436173439,scene0144_00__chair_021,scene0144_00__door_011,scene0144_00__chair_021,scene0144_00__door_007,False,1.0161243989755846,1.4101808071136477,,,"scene0144_00__chair_021, scene0144_00__door_007",,e2e_grounding_test_official_raw_distance_ctx_l2_en_qwen3vl32b_run2.csv,openrouter,qwen/qwen3-vl-32b-instruct,1.0161243989755846,-0.04670975583255765
test_stage1_dn_0041,scene0144_00,distance,context,2.0,all,en,scene0144_00__table_001,scene0144_00__bed_000,,0.172589436173439,scene0144_00__chair_021,scene0144_00__door_011,scene0144_00__chair_021,scene0144_00__door_007,False,1.0161243989755846,1.4101808071136477,,,"scene0144_00__chair_021, scene0144_00__door_007",,e2e_grounding_test_official_raw_distance_ctx_l2_en_qwen3vl8b_run1.csv,openrouter,qwen/qwen3-vl-8b-instruct,1.0161243989755846,-0.04670975583255765
test_stage1_dn_0041,scene0144_00,distance,context,2.0,reference_only,en,scene0144_00__table_001,scene0144_00__bed_000,,0.172589436173439,scene0144_00__chair_021,scene0144_00__door_011,scene0144_00__chair_021,scene0144_00__door_007,False,1.0161243989755846,1.4101808071136477,,,"scene0144_00__chair_021, scene0144_00__door_007",,e2e_grounding_test_official_raw_distance_ctx_l2_ref_only_en_qwen3vl32b_run2.csv,openrouter,qwen/qwen3-vl-32b-instruct,1.0161243989755846,-0.04670975583255765
test_stage1_dn_0041,scene0144_00,distance,context,3.0,all,en,scene0144_00__table_001,scene0144_00__bed_000,,0.172589436173439,scene0144_00__chair_021,scene0144_00__door_011,scene0144_00__chair_021,scene0144_00__door_007,False,1.0161243989755846,1.4101808071136477,,,"scene0144_00__chair_021, scene0144_00__door_007",,e2e_grounding_test_official_raw_distance_ctx_l3_en_qwen3vl235b_run1.csv,openrouter,qwen/qwen3-vl-235b-a22b-instruct,1.0161243989755846,-0.04670975583255765
test_stage1_dn_0041,scene0144_00,distance,context,2.0,all,en,scene0144_00__table_001,scene0144_00__bed_000,,0.172589436173439,scene0144_00__chair_021,scene0144_00__door_011,scene0144_00__chair_021,scene0144_00__door_007,False,1.0161243989755846,1.4101808071136477,,,"scene0144_00__chair_021, scene0144_00__door_007",,e2e_grounding_test_official_raw_distance_ctx_l2_en_qwen3vl8b_run2.csv,openrouter,qwen/qwen3-vl-8b-instruct,1.0161243989755846,-0.04670975583255765
test_stage1_dn_0041,scene0144_00,distance,context,2.0,reference_only,en,scene0144_00__table_001,scene0144_00__bed_000,,0.172589436173439,scene0144_00__chair_021,scene0144_00__door_011,scene0144_00__chair_021,scene0144_00__door_007,False,1.0161243989755846,1.4101808071136477,,,"scene0144_00__chair_021, scene0144_00__door_007",,e2e_grounding_test_official_raw_distance_ctx_l2_ref_only_en_qwen3vl235b_run1.csv,openrouter,qwen/qwen3-vl-235b-a22b-instruct,1.0161243989755846,-0.04670975583255765
test_stage1_dn_0041,scene0144_00,distance,context,2.0,all,en,scene0144_00__table_001,scene0144_00__bed_000,,0.172589436173439,scene0144_00__chair_021,scene0144_00__door_011,scene0144_00__chair_021,scene0144_00__door_007,False,1.0161243989755846,1.4101808071136477,,,"scene0144_00__chair_021, scene0144_00__door_007",,e2e_grounding_test_official_raw_distance_ctx_l2_en_run2.csv,,,1.0161243989755846,-0.04670975583255765
test_stage1_dn_0041,scene0144_00,distance,context,1.0,all,en,scene0144_00__table_001,scene0144_00__bed_000,,0.172589436173439,scene0144_00__chair_021,scene0144_00__door_011,scene0144_00__chair_021,scene0144_00__door_007,False,1.0161243989755846,1.4101808071136477,,,"scene0144_00__chair_021, scene0144_00__door_007",,e2e_grounding_test_official_raw_distance_ctx_l1_en_run2.csv,,,1.0161243989755846,-0.04670975583255765
test_stage1_dn_0041,scene0144_00,distance,context,2.0,all,en,scene0144_00__table_001,scene0144_00__bed_000,,0.172589436173439,scene0144_00__chair_021,scene0144_00__door_011,scene0144_00__chair_021,scene0144_00__door_007,False,1.0161243989755846,1.4101808071136477,,,"scene0144_00__chair_021, scene0144_00__door_007",,e2e_grounding_test_official_raw_distance_ctx_l2_en_qwen3vl235b_run2.csv,openrouter,qwen/qwen3-vl-235b-a22b-instruct,1.0161243989755846,-0.04670975583255765
test_stage1_dn_0041,scene0144_00,distance,original,,,en,scene0144_00__table_001,scene0144_00__bed_000,,0.172589436173439,scene0144_00__chair_021,scene0144_00__door_011,scene0144_00__chair_021,scene0144_00__door_007,False,1.0161243989755846,1.4101808071136477,,,"scene0144_00__chair_021, scene0144_00__door_007",,e2e_grounding_test_official_raw_distance_baseline_en_qwen3vl32b_run1.csv,openrouter,qwen/qwen3-vl-32b-instruct,1.0161243989755846,-0.04670975583255765
test_stage1_dn_0041,scene0144_00,distance,original,,,en,scene0144_00__table_001,scene0144_00__bed_000,,0.172589436173439,scene0144_00__chair_021,scene0144_00__door_011,scene0144_00__chair_021,scene0144_00__door_007,False,1.0161243989755846,1.4101808071136477,,,"scene0144_00__chair_021, scene0144_00__door_007",,e2e_grounding_test_official_raw_distance_baseline_en.csv,,,1.0161243989755846,-0.04670975583255765
test_stage1_dn_0041,scene0144_00,distance,original,,,en,scene0144_00__table_001,scene0144_00__bed_000,,0.172589436173439,scene0144_00__chair_021,scene0144_00__door_011,scene0144_00__chair_021,scene0144_00__door_007,False,1.0161243989755846,1.4101808071136477,,,"scene0144_00__chair_021, scene0144_00__door_007",,e2e_grounding_test_official_raw_distance_baseline_en_qwen3vl235b_run1.csv,openrouter,qwen/qwen3-vl-235b-a22b-instruct,1.0161243989755846,-0.04670975583255765
test_stage1_dn_0041,scene0144_00,distance,context,1.0,all,en,scene0144_00__table_001,scene0144_00__bed_000,,0.172589436173439,scene0144_00__chair_021,scene0144_00__door_011,scene0144_00__chair_021,scene0144_00__door_007,False,1.0161243989755846,1.4101808071136477,,,"scene0144_00__chair_021, scene0144_00__door_007",,e2e_grounding_test_official_raw_distance_ctx_l1_en_qwen3vl32b_run2.csv,openrouter,qwen/qwen3-vl-32b-instruct,1.0161243989755846,-0.04670975583255765
test_stage1_dn_0041,scene0144_00,distance,original,,,en,scene0144_00__table_001,scene0144_00__bed_000,,0.172589436173439,scene0144_00__chair_021,scene0144_00__door_011,scene0144_00__chair_021,scene0144_00__door_007,False,1.0161243989755846,1.4101808071136477,,,"scene0144_00__chair_021, scene0144_00__door_007",,e2e_grounding_test_official_raw_distance_baseline_en_qwen3vl235b_run2.csv,openrouter,qwen/qwen3-vl-235b-a22b-instruct,1.0161243989755846,-0.04670975583255765
test_stage1_dn_0041,scene0144_00,distance,context,1.0,all,en,scene0144_00__table_001,scene0144_00__bed_000,,0.172589436173439,scene0144_00__chair_021,scene0144_00__door_011,scene0144_00__chair_021,scene0144_00__door_007,False,1.0161243989755846,1.4101808071136477,,,"scene0144_00__chair_021, scene0144_00__door_007",,e2e_grounding_test_official_raw_distance_ctx_l1_en_qwen3vl8b_run1.csv,openrouter,qwen/qwen3-vl-8b-instruct,1.0161243989755846,-0.04670975583255765
test_stage1_dn_0041,scene0144_00,distance,original,,,en,scene0144_00__table_001,scene0144_00__bed_000,,0.172589436173439,scene0144_00__chair_021,scene0144_00__door_011,scene0144_00__chair_021,scene0144_00__door_007,False,1.0161243989755846,1.4101808071136477,,,"scene0144_00__chair_021, scene0144_00__door_007",,e2e_grounding_test_official_raw_distance_baseline_en_qwen3vl8b_run2.csv,openrouter,qwen/qwen3-vl-8b-instruct,1.0161243989755846,-0.04670975583255765
test_stage1_dn_0041,scene0144_00,distance,original,,,en,scene0144_00__table_001,scene0144_00__bed_000,,0.172589436173439,scene0144_00__chair_021,scene0144_00__door_011,scene0144_00__chair_021,scene0144_00__door_007,False,1.0161243989755846,1.4101808071136477,,,"scene0144_00__chair_021, scene0144_00__door_007",,e2e_grounding_test_official_raw_distance_baseline_en_qwen3vl8b_run1.csv,openrouter,qwen/qwen3-vl-8b-instruct,1.0161243989755846,-0.04670975583255765
test_stage1_dn_0041,scene0144_00,distance,original,,,en,scene0144_00__table_001,scene0144_00__bed_000,,0.172589436173439,scene0144_00__chair_021,scene0144_00__door_011,scene0144_00__chair_021,scene0144_00__door_007,False,1.0161243989755846,1.4101808071136477,,,"scene0144_00__chair_021, scene0144_00__door_007",,e2e_grounding_test_official_raw_distance_baseline_en_run2.csv,,,1.0161243989755846,-0.04670975583255765
test_stage1_dn_0041,scene0144_00,distance,context,1.0,all,en,scene0144_00__table_001,scene0144_00__bed_000,,0.172589436173439,scene0144_00__chair_021,scene0144_00__door_011,scene0144_00__chair_021,scene0144_00__door_007,False,1.0161243989755846,1.4101808071136477,,,"scene0144_00__chair_021, scene0144_00__door_007",,e2e_grounding_test_official_raw_distance_ctx_l1_en_qwen3vl235b_run1.csv,openrouter,qwen/qwen3-vl-235b-a22b-instruct,1.0161243989755846,-0.04670975583255765
test_stage1_dn_0041,scene0144_00,distance,context,1.0,all,en,scene0144_00__table_001,scene0144_00__bed_000,,0.172589436173439,scene0144_00__chair_021,scene0144_00__door_011,scene0144_00__chair_021,scene0144_00__door_007,False,1.0161243989755846,1.4101808071136477,,,"scene0144_00__chair_021, scene0144_00__door_007",,e2e_grounding_test_official_raw_distance_ctx_l1_en_qwen3vl32b_run1.csv,openrouter,qwen/qwen3-vl-32b-instruct,1.0161243989755846,-0.04670975583255765
test_stage1_dn_0041,scene0144_00,distance,context,1.0,all,en,scene0144_00__table_001,scene0144_00__bed_000,,0.172589436173439,scene0144_00__chair_021,scene0144_00__door_011,scene0144_00__chair_021,scene0144_00__door_007,False,1.0161243989755846,1.4101808071136477,,,"scene0144_00__chair_021, scene0144_00__door_007",,e2e_grounding_test_official_raw_distance_ctx_l1_en_qwen3vl8b_run2.csv,openrouter,qwen/qwen3-vl-8b-instruct,1.0161243989755846,-0.04670975583255765
test_stage1_dn_0041,scene0144_00,distance,context,1.0,all,en,scene0144_00__table_001,scene0144_00__bed_000,,0.172589436173439,scene0144_00__chair_021,scene0144_00__door_011,scene0144_00__chair_021,scene0144_00__door_007,False,1.0161243989755846,1.4101808071136477,,,"scene0144_00__chair_021, scene0144_00__door_007",,e2e_grounding_test_official_raw_distance_ctx_l1_en_qwen3vl235b_run2.csv,openrouter,qwen/qwen3-vl-235b-a22b-instruct,1.0161243989755846,-0.04670975583255765
test_stage1_dn_0041,scene0144_00,distance,original,,,en,scene0144_00__table_001,scene0144_00__bed_000,,0.172589436173439,scene0144_00__chair_021,scene0144_00__door_011,scene0144_00__chair_021,scene0144_00__door_007,False,1.0161243989755846,1.4101808071136477,,,"scene0144_00__chair_021, scene0144_00__door_007",,e2e_grounding_test_official_raw_distance_baseline_en_qwen3vl32b_run2.csv,openrouter,qwen/qwen3-vl-32b-instruct,1.0161243989755846,-0.04670975583255765
test_stage1_dn_0035,scene0142_00,distance,context,1.0,all,en,scene0142_00__chair_021,scene0142_00__chair_020,,0.1605832576751709,scene0142_00__cabinet_037,scene0142_00__table_006,scene0142_00__cabinet_008,scene0142_00__table_003,False,0.5632435599251533,1.212034821510315,,,"scene0142_00__cabinet_008, scene0142_00__table_003",,e2e_grounding_test_official_raw_distance_ctx_l1_en.csv,,,0.5632435599251533,-0.0560536119169145
test_stage1_dn_0035,scene0142_00,distance,context,3.0,all,en,scene0142_00__chair_021,scene0142_00__chair_020,,0.1605832576751709,scene0142_00__cabinet_037,scene0142_00__table_006,scene0142_00__cabinet_008,scene0142_00__table_003,False,0.5632435599251533,1.212034821510315,,,"scene0142_00__cabinet_008, scene0142_00__table_003",,e2e_grounding_test_official_raw_distance_ctx_l3_en_qwen3vl235b_run1.csv,openrouter,qwen/qwen3-vl-235b-a22b-instruct,0.5632435599251533,-0.0560536119169145
test_stage1_dn_0035,scene0142_00,distance,context,3.0,all,en,scene0142_00__chair_021,scene0142_00__chair_020,,0.1605832576751709,scene0142_00__cabinet_037,scene0142_00__table_006,scene0142_00__cabinet_008,scene0142_00__table_003,False,0.5632435599251533,1.212034821510315,,,"scene0142_00__cabinet_008, scene0142_00__table_003",,e2e_grounding_test_official_raw_distance_ctx_l3_en_qwen3vl235b_run2.csv,openrouter,qwen/qwen3-vl-235b-a22b-instruct,0.5632435599251533,-0.0560536119169145
test_stage1_dn_0035,scene0142_00,distance,context,1.0,all,en,scene0142_00__chair_021,scene0142_00__chair_020,,0.1605832576751709,scene0142_00__cabinet_037,scene0142_00__table_006,scene0142_00__cabinet_008,scene0142_00__table_003,False,0.5632435599251533,1.212034821510315,,,"scene0142_00__cabinet_008, scene0142_00__table_003",,e2e_grounding_test_official_raw_distance_ctx_l1_en_qwen3vl235b_run2.csv,openrouter,qwen/qwen3-vl-235b-a22b-instruct,0.5632435599251533,-0.0560536119169145
test_stage1_dn_0035,scene0142_00,distance,context,2.0,all,en,scene0142_00__chair_021,scene0142_00__chair_020,,0.1605832576751709,scene0142_00__cabinet_037,scene0142_00__table_006,scene0142_00__cabinet_008,scene0142_00__table_003,False,0.5632435599251533,1.212034821510315,,,"scene0142_00__cabinet_008, scene0142_00__table_003",,e2e_grounding_test_official_raw_distance_ctx_l2_en_qwen3vl8b_run1.csv,openrouter,qwen/qwen3-vl-8b-instruct,0.5632435599251533,-0.0560536119169145
test_stage1_dn_0035,scene0142_00,distance,context,2.0,reference_only,en,scene0142_00__chair_021,scene0142_00__chair_020,,0.1605832576751709,scene0142_00__cabinet_037,scene0142_00__table_006,scene0142_00__cabinet_008,scene0142_00__table_003,False,0.5632435599251533,1.212034821510315,,,"scene0142_00__cabinet_008, scene0142_00__table_003",,e2e_grounding_test_official_raw_distance_ctx_l2_ref_only_en_run2.csv,,,0.5632435599251533,-0.0560536119169145
test_stage1_dn_0035,scene0142_00,distance,context,2.0,reference_only,en,scene0142_00__chair_021,scene0142_00__chair_020,,0.1605832576751709,scene0142_00__cabinet_037,scene0142_00__table_006,scene0142_00__cabinet_008,scene0142_00__table_003,False,0.5632435599251533,1.212034821510315,,,"scene0142_00__cabinet_008, scene0142_00__table_003",,e2e_grounding_test_official_raw_distance_ctx_l2_ref_only_en_qwen3vl8b_run1.csv,openrouter,qwen/qwen3-vl-8b-instruct,0.5632435599251533,-0.0560536119169145
test_stage1_dn_0035,scene0142_00,distance,original,,,en,scene0142_00__chair_021,scene0142_00__chair_020,,0.1605832576751709,scene0142_00__cabinet_037,scene0142_00__table_006,scene0142_00__cabinet_008,scene0142_00__table_003,False,0.5632435599251533,1.212034821510315,,,"scene0142_00__cabinet_008, scene0142_00__table_003",,e2e_grounding_test_official_raw_distance_baseline_en_run2.csv,,,0.5632435599251533,-0.0560536119169145
test_stage1_dn_0035,scene0142_00,distance,context,2.0,all,en,scene0142_00__chair_021,scene0142_00__chair_020,,0.1605832576751709,scene0142_00__cabinet_037,scene0142_00__table_006,scene0142_00__cabinet_008,scene0142_00__table_003,False,0.5632435599251533,1.212034821510315,,,"scene0142_00__cabinet_008, scene0142_00__table_003",,e2e_grounding_test_official_raw_distance_ctx_l2_en_qwen3vl8b_run2.csv,openrouter,qwen/qwen3-vl-8b-instruct,0.5632435599251533,-0.0560536119169145
test_stage1_dn_0035,scene0142_00,distance,context,1.0,all,en,scene0142_00__chair_021,scene0142_00__chair_020,,0.1605832576751709,scene0142_00__cabinet_037,scene0142_00__table_006,scene0142_00__cabinet_008,scene0142_00__table_003,False,0.5632435599251533,1.212034821510315,,,"scene0142_00__cabinet_008, scene0142_00__table_003",,e2e_grounding_test_official_raw_distance_ctx_l1_en_qwen3vl235b_run1.csv,openrouter,qwen/qwen3-vl-235b-a22b-instruct,0.5632435599251533,-0.0560536119169145
test_stage1_dn_0035,scene0142_00,distance,context,1.0,all,en,scene0142_00__chair_021,scene0142_00__chair_020,,0.1605832576751709,scene0142_00__cabinet_037,scene0142_00__table_006,scene0142_00__cabinet_008,scene0142_00__table_003,False,0.5632435599251533,1.212034821510315,,,"scene0142_00__cabinet_008, scene0142_00__table_003",,e2e_grounding_test_official_raw_distance_ctx_l1_en_run2.csv,,,0.5632435599251533,-0.0560536119169145
test_stage1_dn_0035,scene0142_00,distance,context,2.0,all,en,scene0142_00__chair_021,scene0142_00__chair_020,,0.1605832576751709,scene0142_00__cabinet_037,scene0142_00__table_006,scene0142_00__cabinet_008,scene0142_00__table_003,False,0.5632435599251533,1.212034821510315,,,"scene0142_00__cabinet_008, scene0142_00__table_003",,e2e_grounding_test_official_raw_distance_ctx_l2_en_qwen3vl235b_run2.csv,openrouter,qwen/qwen3-vl-235b-a22b-instruct,0.5632435599251533,-0.0560536119169145
test_stage1_dn_0035,scene0142_00,distance,context,3.0,all,en,scene0142_00__chair_021,scene0142_00__chair_020,,0.1605832576751709,scene0142_00__cabinet_037,scene0142_00__table_006,scene0142_00__cabinet_008,scene0142_00__table_003,False,0.5632435599251533,1.212034821510315,,,"scene0142_00__cabinet_008, scene0142_00__table_003",,e2e_grounding_test_official_raw_distance_ctx_l3_en_run2.csv,,,0.5632435599251533,-0.0560536119169145
test_stage1_dn_0035,scene0142_00,distance,context,2.0,reference_only,en,scene0142_00__chair_021,scene0142_00__chair_020,,0.1605832576751709,scene0142_00__cabinet_037,scene0142_00__table_006,scene0142_00__cabinet_008,scene0142_00__table_003,False,0.5632435599251533,1.212034821510315,,,"scene0142_00__cabinet_008, scene0142_00__table_003",,e2e_grounding_test_official_raw_distance_ctx_l2_ref_only_en_qwen3vl235b_run1.csv,openrouter,qwen/qwen3-vl-235b-a22b-instruct,0.5632435599251533,-0.0560536119169145
test_stage1_dn_0035,scene0142_00,distance,original,,,en,scene0142_00__chair_021,scene0142_00__chair_020,,0.1605832576751709,scene0142_00__cabinet_037,scene0142_00__table_006,scene0142_00__cabinet_008,scene0142_00__table_003,False,0.5632435599251533,1.212034821510315,,,"scene0142_00__cabinet_008, scene0142_00__table_003",,e2e_grounding_test_official_raw_distance_baseline_en.csv,,,0.5632435599251533,-0.0560536119169145
test_stage1_dn_0035,scene0142_00,distance,context,2.0,reference_only,en,scene0142_00__chair_021,scene0142_00__chair_020,,0.1605832576751709,scene0142_00__cabinet_037,scene0142_00__table_006,scene0142_00__cabinet_008,scene0142_00__table_003,False,0.5632435599251533,1.212034821510315,,,"scene0142_00__cabinet_008, scene0142_00__table_003",,e2e_grounding_test_official_raw_distance_ctx_l2_ref_only_en_qwen3vl235b_run2.csv,openrouter,qwen/qwen3-vl-235b-a22b-instruct,0.5632435599251533,-0.0560536119169145
test_stage1_dn_0035,scene0142_00,distance,context,3.0,all,en,scene0142_00__chair_021,scene0142_00__chair_020,,0.1605832576751709,scene0142_00__cabinet_037,scene0142_00__table_006,scene0142_00__cabinet_008,scene0142_00__table_003,False,0.5632435599251533,1.212034821510315,,,"scene0142_00__cabinet_008, scene0142_00__table_003",,e2e_grounding_test_official_raw_distance_ctx_l3_en_qwen3vl8b_run2.csv,openrouter,qwen/qwen3-vl-8b-instruct,0.5632435599251533,-0.0560536119169145
test_stage1_dn_0035,scene0142_00,distance,context,2.0,all,en,scene0142_00__chair_021,scene0142_00__chair_020,,0.1605832576751709,scene0142_00__cabinet_037,scene0142_00__table_006,scene0142_00__cabinet_008,scene0142_00__table_003,False,0.5632435599251533,1.212034821510315,,,"scene0142_00__cabinet_008, scene0142_00__table_003",,e2e_grounding_test_official_raw_distance_ctx_l2_en_qwen3vl235b_run1.csv,openrouter,qwen/qwen3-vl-235b-a22b-instruct,0.5632435599251533,-0.0560536119169145
test_stage1_dn_0035,scene0142_00,distance,context,3.0,all,en,scene0142_00__chair_021,scene0142_00__chair_020,,0.1605832576751709,scene0142_00__cabinet_037,scene0142_00__table_006,scene0142_00__cabinet_008,scene0142_00__table_003,False,0.5632435599251533,1.212034821510315,,,"scene0142_00__cabinet_008, scene0142_00__table_003",,e2e_grounding_test_official_raw_distance_ctx_l3_en_qwen3vl8b_run1.csv,openrouter,qwen/qwen3-vl-8b-instruct,0.5632435599251533,-0.0560536119169145
test_stage1_dn_0035,scene0142_00,distance,context,2.0,all,en,scene0142_00__chair_021,scene0142_00__chair_020,,0.1605832576751709,scene0142_00__cabinet_037,scene0142_00__table_006,scene0142_00__cabinet_008,scene0142_00__table_003,False,0.5632435599251533,1.212034821510315,,,"scene0142_00__cabinet_008, scene0142_00__table_003",,e2e_grounding_test_official_raw_distance_ctx_l2_en.csv,,,0.5632435599251533,-0.0560536119169145
test_stage1_dn_0018,scene0106_00,distance,context,3.0,all,en,scene0106_00__sofa_006,scene0106_00__table_000,,0.2984196841716766,scene0106_00__chair_018,scene0106_00__monitor_033,scene0106_00__chair_012,scene0106_00__monitor_026,False,1.0490441060536608,1.5575765371322632,,,"scene0106_00__chair_012, scene0106_00__monitor_026",,e2e_grounding_test_official_raw_distance_ctx_l3_en_run2.csv,,,1.0490441060536608,-0.06202296676006704
test_stage1_dn_0018,scene0106_00,distance,context,3.0,all,en,scene0106_00__sofa_006,scene0106_00__table_000,,0.2984196841716766,scene0106_00__chair_018,scene0106_00__monitor_033,scene0106_00__chair_012,scene0106_00__monitor_026,False,1.0490441060536608,1.5575765371322632,,,"scene0106_00__chair_012, scene0106_00__monitor_026",,e2e_grounding_test_official_raw_distance_ctx_l3_en.csv,,,1.0490441060536608,-0.06202296676006704
test_stage1_dn_0042,scene0181_00,distance,context,3.0,all,en,scene0181_00__cabinet_013,scene0181_00__cabinet_014,,0.3271380960941314,scene0181_00__chair_002,scene0181_00__door_028,scene0181_00__chair_001,scene0181_00__door_028,False,1.080167273339933,2.030470132827759,,,"scene0181_00__chair_001, scene0181_00__door_028",,e2e_grounding_test_official_raw_distance_ctx_l3_en.csv,,,1.080167273339933,-0.07849370105073271
test_stage1_dn_0042,scene0181_00,distance,original,,,en,scene0181_00__cabinet_013,scene0181_00__cabinet_014,,0.3271380960941314,scene0181_00__chair_002,scene0181_00__door_028,scene0181_00__chair_001,scene0181_00__door_028,False,1.080167273339933,2.030470132827759,,,"scene0181_00__chair_001, scene0181_00__door_028",,e2e_grounding_test_official_raw_distance_baseline_en.csv,,,1.080167273339933,-0.07849370105073271
test_stage1_dn_0042,scene0181_00,distance,context,2.0,reference_only,en,scene0181_00__cabinet_013,scene0181_00__cabinet_014,,0.3271380960941314,scene0181_00__chair_002,scene0181_00__door_028,scene0181_00__chair_001,scene0181_00__door_028,False,1.080167273339933,2.030470132827759,,,"scene0181_00__chair_001, scene0181_00__door_028",,e2e_grounding_test_official_raw_distance_ctx_l2_ref_only_en_qwen3vl32b_run1.csv,openrouter,qwen/qwen3-vl-32b-instruct,1.080167273339933,-0.07849370105073271
test_stage1_dn_0042,scene0181_00,distance,context,3.0,all,en,scene0181_00__cabinet_013,scene0181_00__cabinet_014,,0.3271380960941314,scene0181_00__chair_002,scene0181_00__door_028,scene0181_00__chair_001,scene0181_00__door_028,False,1.080167273339933,2.030470132827759,,,"scene0181_00__chair_001, scene0181_00__door_028",,e2e_grounding_test_official_raw_distance_ctx_l3_en_qwen3vl235b_run2.csv,openrouter,qwen/qwen3-vl-235b-a22b-instruct,1.080167273339933,-0.07849370105073271
test_stage1_dn_0042,scene0181_00,distance,context,2.0,reference_only,en,scene0181_00__cabinet_013,scene0181_00__cabinet_014,,0.3271380960941314,scene0181_00__chair_002,scene0181_00__door_028,scene0181_00__chair_001,scene0181_00__door_028,False,1.080167273339933,2.030470132827759,,,"scene0181_00__chair_001, scene0181_00__door_028",,e2e_grounding_test_official_raw_distance_ctx_l2_ref_only_en_qwen3vl32b_run2.csv,openrouter,qwen/qwen3-vl-32b-instruct,1.080167273339933,-0.07849370105073271
test_stage1_dn_0018,scene0106_00,distance,context,2.0,reference_only,en,scene0106_00__sofa_006,scene0106_00__table_000,,0.2984196841716766,scene0106_00__chair_018,scene0106_00__monitor_033,scene0106_00__chair_012,scene0106_00__monitor_020,False,1.0855498900658629,1.5584728717803955,,,"scene0106_00__chair_012, scene0106_00__monitor_020",,e2e_grounding_test_official_raw_distance_ctx_l2_ref_only_en.csv,,,1.0855498900658629,-0.08153873971662635
test_stage1_dn_0018,scene0106_00,distance,context,1.0,all,en,scene0106_00__sofa_006,scene0106_00__table_000,,0.2984196841716766,scene0106_00__chair_018,scene0106_00__monitor_033,scene0106_00__chair_012,scene0106_00__monitor_020,False,1.0855498900658629,1.5584728717803955,,,"scene0106_00__chair_012, scene0106_00__monitor_020",,e2e_grounding_test_official_raw_distance_ctx_l1_en.csv,,,1.0855498900658629,-0.08153873971662635
test_stage1_dn_0018,scene0106_00,distance,context,1.0,all,en,scene0106_00__sofa_006,scene0106_00__table_000,,0.2984196841716766,scene0106_00__chair_018,scene0106_00__monitor_033,scene0106_00__chair_012,scene0106_00__monitor_020,False,1.0855498900658629,1.5584728717803955,,,"scene0106_00__chair_012, scene0106_00__monitor_020",,e2e_grounding_test_official_raw_distance_ctx_l1_en_qwen3vl235b_run2.csv,openrouter,qwen/qwen3-vl-235b-a22b-instruct,1.0855498900658629,-0.08153873971662635
test_stage1_dn_0018,scene0106_00,distance,context,2.0,all,en,scene0106_00__sofa_006,scene0106_00__table_000,,0.2984196841716766,scene0106_00__chair_018,scene0106_00__monitor_033,scene0106_00__chair_012,scene0106_00__monitor_020,False,1.0855498900658629,1.5584728717803955,,,"scene0106_00__chair_012, scene0106_00__monitor_020",,e2e_grounding_test_official_raw_distance_ctx_l2_en_run2.csv,,,1.0855498900658629,-0.08153873971662635
test_stage1_dn_0018,scene0106_00,distance,context,1.0,all,en,scene0106_00__sofa_006,scene0106_00__table_000,,0.2984196841716766,scene0106_00__chair_018,scene0106_00__monitor_033,scene0106_00__chair_012,scene0106_00__monitor_020,False,1.0855498900658629,1.5584728717803955,,,"scene0106_00__chair_012, scene0106_00__monitor_020",,e2e_grounding_test_official_raw_distance_ctx_l1_en_qwen3vl235b_run1.csv,openrouter,qwen/qwen3-vl-235b-a22b-instruct,1.0855498900658629,-0.08153873971662635
test_stage1_dn_0018,scene0106_00,distance,context,2.0,reference_only,en,scene0106_00__sofa_006,scene0106_00__table_000,,0.2984196841716766,scene0106_00__chair_018,scene0106_00__monitor_033,scene0106_00__chair_012,scene0106_00__monitor_020,False,1.0855498900658629,1.5584728717803955,,,"scene0106_00__chair_012, scene0106_00__monitor_020",,e2e_grounding_test_official_raw_distance_ctx_l2_ref_only_en_run2.csv,,,1.0855498900658629,-0.08153873971662635
test_stage1_dn_0018,scene0106_00,distance,context,2.0,reference_only,en,scene0106_00__sofa_006,scene0106_00__table_000,,0.2984196841716766,scene0106_00__chair_018,scene0106_00__monitor_033,scene0106_00__chair_012,scene0106_00__monitor_020,False,1.0855498900658629,1.5584728717803955,,,"scene0106_00__chair_012, scene0106_00__monitor_020",,e2e_grounding_test_official_raw_distance_ctx_l2_ref_only_en_qwen3vl32b_run2.csv,openrouter,qwen/qwen3-vl-32b-instruct,1.0855498900658629,-0.08153873971662635
test_stage1_dn_0018,scene0106_00,distance,context,1.0,all,en,scene0106_00__sofa_006,scene0106_00__table_000,,0.2984196841716766,scene0106_00__chair_018,scene0106_00__monitor_033,scene0106_00__chair_012,scene0106_00__monitor_020,False,1.0855498900658629,1.5584728717803955,,,"scene0106_00__chair_012, scene0106_00__monitor_020",,e2e_grounding_test_official_raw_distance_ctx_l1_en_run2.csv,,,1.0855498900658629,-0.08153873971662635
test_stage1_dn_0018,scene0106_00,distance,context,2.0,all,en,scene0106_00__sofa_006,scene0106_00__table_000,,0.2984196841716766,scene0106_00__chair_018,scene0106_00__monitor_033,scene0106_00__chair_012,scene0106_00__monitor_020,False,1.0855498900658629,1.5584728717803955,,,"scene0106_00__chair_012, scene0106_00__monitor_020",,e2e_grounding_test_official_raw_distance_ctx_l2_en_qwen3vl8b_run1.csv,openrouter,qwen/qwen3-vl-8b-instruct,1.0855498900658629,-0.08153873971662635
test_stage1_dn_0018,scene0106_00,distance,context,1.0,all,en,scene0106_00__sofa_006,scene0106_00__table_000,,0.2984196841716766,scene0106_00__chair_018,scene0106_00__monitor_033,scene0106_00__chair_012,scene0106_00__monitor_020,False,1.0855498900658629,1.5584728717803955,,,"scene0106_00__chair_012, scene0106_00__monitor_020",,e2e_grounding_test_official_raw_distance_ctx_l1_en_qwen3vl32b_run1.csv,openrouter,qwen/qwen3-vl-32b-instruct,1.0855498900658629,-0.08153873971662635
test_stage1_dn_0018,scene0106_00,distance,context,2.0,all,en,scene0106_00__sofa_006,scene0106_00__table_000,,0.2984196841716766,scene0106_00__chair_018,scene0106_00__monitor_033,scene0106_00__chair_012,scene0106_00__monitor_020,False,1.0855498900658629,1.5584728717803955,,,"scene0106_00__chair_012, scene0106_00__monitor_020",,e2e_grounding_test_official_raw_distance_ctx_l2_en_qwen3vl32b_run2.csv,openrouter,qwen/qwen3-vl-32b-instruct,1.0855498900658629,-0.08153873971662635
test_stage1_dn_0018,scene0106_00,distance,context,2.0,all,en,scene0106_00__sofa_006,scene0106_00__table_000,,0.2984196841716766,scene0106_00__chair_018,scene0106_00__monitor_033,scene0106_00__chair_012,scene0106_00__monitor_020,False,1.0855498900658629,1.5584728717803955,,,"scene0106_00__chair_012, scene0106_00__monitor_020",,e2e_grounding_test_official_raw_distance_ctx_l2_en.csv,,,1.0855498900658629,-0.08153873971662635
test_stage1_dn_0018,scene0106_00,distance,context,3.0,all,en,scene0106_00__sofa_006,scene0106_00__table_000,,0.2984196841716766,scene0106_00__chair_018,scene0106_00__monitor_033,scene0106_00__chair_012,scene0106_00__monitor_020,False,1.0855498900658629,1.5584728717803955,,,"scene0106_00__chair_012, scene0106_00__monitor_020",,e2e_grounding_test_official_raw_distance_ctx_l3_en_qwen3vl8b_run2.csv,openrouter,qwen/qwen3-vl-8b-instruct,1.0855498900658629,-0.08153873971662635
test_stage1_dn_0018,scene0106_00,distance,context,1.0,all,en,scene0106_00__sofa_006,scene0106_00__table_000,,0.2984196841716766,scene0106_00__chair_018,scene0106_00__monitor_033,scene0106_00__chair_012,scene0106_00__monitor_020,False,1.0855498900658629,1.5584728717803955,,,"scene0106_00__chair_012, scene0106_00__monitor_020",,e2e_grounding_test_official_raw_distance_ctx_l1_en_qwen3vl8b_run2.csv,openrouter,qwen/qwen3-vl-8b-instruct,1.0855498900658629,-0.08153873971662635
test_stage1_dn_0018,scene0106_00,distance,context,3.0,all,en,scene0106_00__sofa_006,scene0106_00__table_000,,0.2984196841716766,scene0106_00__chair_018,scene0106_00__monitor_033,scene0106_00__chair_012,scene0106_00__monitor_020,False,1.0855498900658629,1.5584728717803955,,,"scene0106_00__chair_012, scene0106_00__monitor_020",,e2e_grounding_test_official_raw_distance_ctx_l3_en_qwen3vl32b_run2.csv,openrouter,qwen/qwen3-vl-32b-instruct,1.0855498900658629,-0.08153873971662635
test_stage1_dn_0018,scene0106_00,distance,context,1.0,all,en,scene0106_00__sofa_006,scene0106_00__table_000,,0.2984196841716766,scene0106_00__chair_018,scene0106_00__monitor_033,scene0106_00__chair_012,scene0106_00__monitor_020,False,1.0855498900658629,1.5584728717803955,,,"scene0106_00__chair_012, scene0106_00__monitor_020",,e2e_grounding_test_official_raw_distance_ctx_l1_en_qwen3vl8b_run1.csv,openrouter,qwen/qwen3-vl-8b-instruct,1.0855498900658629,-0.08153873971662635
test_stage1_dn_0018,scene0106_00,distance,context,3.0,all,en,scene0106_00__sofa_006,scene0106_00__table_000,,0.2984196841716766,scene0106_00__chair_018,scene0106_00__monitor_033,scene0106_00__chair_012,scene0106_00__monitor_020,False,1.0855498900658629,1.5584728717803955,,,"scene0106_00__chair_012, scene0106_00__monitor_020",,e2e_grounding_test_official_raw_distance_ctx_l3_en_qwen3vl32b_run1.csv,openrouter,qwen/qwen3-vl-32b-instruct,1.0855498900658629,-0.08153873971662635
test_stage1_dn_0018,scene0106_00,distance,context,2.0,all,en,scene0106_00__sofa_006,scene0106_00__table_000,,0.2984196841716766,scene0106_00__chair_018,scene0106_00__monitor_033,scene0106_00__chair_012,scene0106_00__monitor_020,False,1.0855498900658629,1.5584728717803955,,,"scene0106_00__chair_012, scene0106_00__monitor_020",,e2e_grounding_test_official_raw_distance_ctx_l2_en_qwen3vl32b_run1.csv,openrouter,qwen/qwen3-vl-32b-instruct,1.0855498900658629,-0.08153873971662635
test_stage1_dn_0018,scene0106_00,distance,context,2.0,reference_only,en,scene0106_00__sofa_006,scene0106_00__table_000,,0.2984196841716766,scene0106_00__chair_018,scene0106_00__monitor_033,scene0106_00__chair_012,scene0106_00__monitor_020,False,1.0855498900658629,1.5584728717803955,,,"scene0106_00__chair_012, scene0106_00__monitor_020",,e2e_grounding_test_official_raw_distance_ctx_l2_ref_only_en_qwen3vl32b_run1.csv,openrouter,qwen/qwen3-vl-32b-instruct,1.0855498900658629,-0.08153873971662635
test_stage1_dn_0018,scene0106_00,distance,context,2.0,all,en,scene0106_00__sofa_006,scene0106_00__table_000,,0.2984196841716766,scene0106_00__chair_018,scene0106_00__monitor_033,scene0106_00__chair_012,scene0106_00__monitor_020,False,1.0855498900658629,1.5584728717803955,,,"scene0106_00__chair_012, scene0106_00__monitor_020",,e2e_grounding_test_official_raw_distance_ctx_l2_en_qwen3vl8b_run2.csv,openrouter,qwen/qwen3-vl-8b-instruct,1.0855498900658629,-0.08153873971662635
test_stage1_dn_0018,scene0106_00,distance,context,1.0,all,en,scene0106_00__sofa_006,scene0106_00__table_000,,0.2984196841716766,scene0106_00__chair_018,scene0106_00__monitor_033,scene0106_00__chair_012,scene0106_00__monitor_020,False,1.0855498900658629,1.5584728717803955,,,"scene0106_00__chair_012, scene0106_00__monitor_020",,e2e_grounding_test_official_raw_distance_ctx_l1_en_qwen3vl32b_run2.csv,openrouter,qwen/qwen3-vl-32b-instruct,1.0855498900658629,-0.08153873971662635
test_stage1_dn_0026,scene0137_01,distance,original,,,en,scene0137_01__table_015,scene0137_01__bed_002,,0.2886812686920166,scene0137_01__chair_007,scene0137_01__monitor_009,scene0137_01__chair_006,scene0137_01__monitor_009,False,1.107643763758982,2.075493097305298,,,"scene0137_01__chair_006, scene0137_01__monitor_009",,e2e_grounding_test_official_raw_distance_baseline_en_qwen3vl235b_run2.csv,openrouter,qwen/qwen3-vl-235b-a22b-instruct,1.107643763758982,-0.0946446853797923
test_stage1_dn_0026,scene0137_01,distance,original,,,en,scene0137_01__table_015,scene0137_01__bed_002,,0.2886812686920166,scene0137_01__chair_007,scene0137_01__monitor_009,scene0137_01__chair_006,scene0137_01__monitor_009,False,1.107643763758982,2.075493097305298,,,"scene0137_01__chair_006, scene0137_01__monitor_009",,e2e_grounding_test_official_raw_distance_baseline_en_qwen3vl235b_run1.csv,openrouter,qwen/qwen3-vl-235b-a22b-instruct,1.107643763758982,-0.0946446853797923
test_stage1_dn_0026,scene0137_01,distance,context,1.0,all,en,scene0137_01__table_015,scene0137_01__bed_002,,0.2886812686920166,scene0137_01__chair_007,scene0137_01__monitor_009,scene0137_01__chair_006,scene0137_01__monitor_009,False,1.107643763758982,2.075493097305298,,,"scene0137_01__chair_006, scene0137_01__monitor_009",,e2e_grounding_test_official_raw_distance_ctx_l1_en_qwen3vl235b_run1.csv,openrouter,qwen/qwen3-vl-235b-a22b-instruct,1.107643763758982,-0.0946446853797923
test_stage1_dn_0026,scene0137_01,distance,context,1.0,all,en,scene0137_01__table_015,scene0137_01__bed_002,,0.2886812686920166,scene0137_01__chair_007,scene0137_01__monitor_009,scene0137_01__chair_006,scene0137_01__monitor_009,False,1.107643763758982,2.075493097305298,,,"scene0137_01__chair_006, scene0137_01__monitor_009",,e2e_grounding_test_official_raw_distance_ctx_l1_en_qwen3vl235b_run2.csv,openrouter,qwen/qwen3-vl-235b-a22b-instruct,1.107643763758982,-0.0946446853797923
test_stage1_dn_0026,scene0137_01,distance,context,2.0,reference_only,en,scene0137_01__table_015,scene0137_01__bed_002,,0.2886812686920166,scene0137_01__chair_007,scene0137_01__monitor_009,scene0137_01__chair_006,scene0137_01__monitor_009,False,1.107643763758982,2.075493097305298,,,"scene0137_01__chair_006, scene0137_01__monitor_009",,e2e_grounding_test_official_raw_distance_ctx_l2_ref_only_en_run2.csv,,,1.107643763758982,-0.0946446853797923
test_stage1_dn_0028,scene0138_00,distance,original,,,en,scene0138_00__cabinet_038,scene0138_00__chair_023,,0.1779582500457763,scene0138_00__desk_018,scene0138_00__monitor_005,scene0138_00__desk_035,scene0138_00__monitor_008,False,1.136661955785312,1.8840092420578003,,,"scene0138_00__desk_035, scene0138_00__monitor_008",,e2e_grounding_test_official_raw_distance_baseline_en_qwen3vl235b_run2.csv,openrouter,qwen/qwen3-vl-235b-a22b-instruct,1.136661955785312,-0.1133412724731913
test_stage1_dn_0014,scene0095_00,distance,context,3.0,all,en,scene0095_00__door_057,scene0095_00__table_017,,0.3191365003585815,scene0095_00__chair_035,scene0095_00__monitor_018,scene0095_00__chair_014,scene0095_00__monitor_004,False,0.4272833472991289,0.6723561882972717,,,"scene0095_00__chair_014, scene0095_00__monitor_004",,e2e_grounding_test_official_raw_distance_ctx_l3_en_run2.csv,,,0.4272833472991289,-0.13891770320054178
test_stage1_dn_0000,scene0008_00,distance,context,2.0,reference_only,en,scene0008_00__sofa_000,scene0008_00__door_010,,0.4495985805988312,scene0008_00__monitor_029,scene0008_00__table_032,scene0008_00__monitor_029,scene0008_00__table_008,False,1.2377844663220965,2.2342519760131836,,,"scene0008_00__monitor_029, scene0008_00__table_008",,e2e_grounding_test_official_raw_distance_ctx_l2_ref_only_en_qwen3vl8b_run2.csv,openrouter,qwen/qwen3-vl-8b-instruct,1.2377844663220965,-0.1916552389529228
test_stage1_dn_0000,scene0008_00,distance,context,3.0,all,en,scene0008_00__sofa_000,scene0008_00__door_010,,0.4495985805988312,scene0008_00__monitor_029,scene0008_00__table_032,scene0008_00__monitor_029,scene0008_00__table_008,False,1.2377844663220965,2.2342519760131836,,,"scene0008_00__monitor_029, scene0008_00__table_008",,e2e_grounding_test_official_raw_distance_ctx_l3_en_qwen3vl32b_run2.csv,openrouter,qwen/qwen3-vl-32b-instruct,1.2377844663220965,-0.1916552389529228
test_stage1_dn_0000,scene0008_00,distance,original,,,en,scene0008_00__sofa_000,scene0008_00__door_010,,0.4495985805988312,scene0008_00__monitor_029,scene0008_00__table_032,scene0008_00__monitor_029,scene0008_00__table_008,False,1.2377844663220965,2.2342519760131836,,,"scene0008_00__monitor_029, scene0008_00__table_008",,e2e_grounding_test_official_raw_distance_baseline_en_qwen3vl32b_run1.csv,openrouter,qwen/qwen3-vl-32b-instruct,1.2377844663220965,-0.1916552389529228
test_stage1_dn_0000,scene0008_00,distance,context,3.0,all,en,scene0008_00__sofa_000,scene0008_00__door_010,,0.4495985805988312,scene0008_00__monitor_029,scene0008_00__table_032,scene0008_00__monitor_029,scene0008_00__table_008,False,1.2377844663220965,2.2342519760131836,,,"scene0008_00__monitor_029, scene0008_00__table_008",,e2e_grounding_test_official_raw_distance_ctx_l3_en_qwen3vl8b_run1.csv,openrouter,qwen/qwen3-vl-8b-instruct,1.2377844663220965,-0.1916552389529228
test_stage1_dn_0000,scene0008_00,distance,context,2.0,reference_only,en,scene0008_00__sofa_000,scene0008_00__door_010,,0.4495985805988312,scene0008_00__monitor_029,scene0008_00__table_032,scene0008_00__monitor_029,scene0008_00__table_008,False,1.2377844663220965,2.2342519760131836,,,"scene0008_00__monitor_029, scene0008_00__table_008",,e2e_grounding_test_official_raw_distance_ctx_l2_ref_only_en_qwen3vl32b_run2.csv,openrouter,qwen/qwen3-vl-32b-instruct,1.2377844663220965,-0.1916552389529228
test_stage1_dn_0000,scene0008_00,distance,context,2.0,reference_only,en,scene0008_00__sofa_000,scene0008_00__door_010,,0.4495985805988312,scene0008_00__monitor_029,scene0008_00__table_032,scene0008_00__monitor_029,scene0008_00__table_008,False,1.2377844663220965,2.2342519760131836,,,"scene0008_00__monitor_029, scene0008_00__table_008",,e2e_grounding_test_official_raw_distance_ctx_l2_ref_only_en_qwen3vl8b_run1.csv,openrouter,qwen/qwen3-vl-8b-instruct,1.2377844663220965,-0.1916552389529228
test_stage1_dn_0000,scene0008_00,distance,original,,,en,scene0008_00__sofa_000,scene0008_00__door_010,,0.4495985805988312,scene0008_00__monitor_029,scene0008_00__table_032,scene0008_00__monitor_029,scene0008_00__table_008,False,1.2377844663220965,2.2342519760131836,,,"scene0008_00__monitor_029, scene0008_00__table_008",,e2e_grounding_test_official_raw_distance_baseline_en_qwen3vl32b_run2.csv,openrouter,qwen/qwen3-vl-32b-instruct,1.2377844663220965,-0.1916552389529228
test_stage1_dn_0000,scene0008_00,distance,context,3.0,all,en,scene0008_00__sofa_000,scene0008_00__door_010,,0.4495985805988312,scene0008_00__monitor_029,scene0008_00__table_032,scene0008_00__monitor_029,scene0008_00__table_008,False,1.2377844663220965,2.2342519760131836,,,"scene0008_00__monitor_029, scene0008_00__table_008",,e2e_grounding_test_official_raw_distance_ctx_l3_en_qwen3vl235b_run1.csv,openrouter,qwen/qwen3-vl-235b-a22b-instruct,1.2377844663220965,-0.1916552389529228
test_stage1_dn_0000,scene0008_00,distance,context,3.0,all,en,scene0008_00__sofa_000,scene0008_00__door_010,,0.4495985805988312,scene0008_00__monitor_029,scene0008_00__table_032,scene0008_00__monitor_029,scene0008_00__table_008,False,1.2377844663220965,2.2342519760131836,,,"scene0008_00__monitor_029, scene0008_00__table_008",,e2e_grounding_test_official_raw_distance_ctx_l3_en_qwen3vl32b_run1.csv,openrouter,qwen/qwen3-vl-32b-instruct,1.2377844663220965,-0.1916552389529228
test_stage1_dn_0000,scene0008_00,distance,context,3.0,all,en,scene0008_00__sofa_000,scene0008_00__door_010,,0.4495985805988312,scene0008_00__monitor_029,scene0008_00__table_032,scene0008_00__monitor_029,scene0008_00__table_008,False,1.2377844663220965,2.2342519760131836,,,"scene0008_00__monitor_029, scene0008_00__table_008",,e2e_grounding_test_official_raw_distance_ctx_l3_en_qwen3vl235b_run2.csv,openrouter,qwen/qwen3-vl-235b-a22b-instruct,1.2377844663220965,-0.1916552389529228
test_stage1_dn_0000,scene0008_00,distance,original,,,en,scene0008_00__sofa_000,scene0008_00__door_010,,0.4495985805988312,scene0008_00__monitor_029,scene0008_00__table_032,scene0008_00__monitor_029,scene0008_00__table_008,False,1.2377844663220965,2.2342519760131836,,,"scene0008_00__monitor_029, scene0008_00__table_008",,e2e_grounding_test_official_raw_smoketest_qwen3vl_32b.csv,openrouter,qwen/qwen3-vl-32b-instruct,1.2377844663220965,-0.1916552389529228
test_stage1_dn_0000,scene0008_00,distance,context,2.0,reference_only,en,scene0008_00__sofa_000,scene0008_00__door_010,,0.4495985805988312,scene0008_00__monitor_029,scene0008_00__table_032,scene0008_00__monitor_029,scene0008_00__table_008,False,1.2377844663220965,2.2342519760131836,,,"scene0008_00__monitor_029, scene0008_00__table_008",,e2e_grounding_test_official_raw_distance_ctx_l2_ref_only_en_qwen3vl32b_run1.csv,openrouter,qwen/qwen3-vl-32b-instruct,1.2377844663220965,-0.1916552389529228
test_stage1_dn_0000,scene0008_00,distance,context,2.0,reference_only,en,scene0008_00__sofa_000,scene0008_00__door_010,,0.4495985805988312,scene0008_00__monitor_029,scene0008_00__table_032,scene0008_00__monitor_029,scene0008_00__table_008,False,1.2377844663220965,2.2342519760131836,,,"scene0008_00__monitor_029, scene0008_00__table_008",,e2e_grounding_test_official_raw_distance_ctx_l2_ref_only_en_qwen3vl235b_run1.csv,openrouter,qwen/qwen3-vl-235b-a22b-instruct,1.2377844663220965,-0.1916552389529228
test_stage1_dn_0000,scene0008_00,distance,context,2.0,all,en,scene0008_00__sofa_000,scene0008_00__door_010,,0.4495985805988312,scene0008_00__monitor_029,scene0008_00__table_032,scene0008_00__monitor_029,scene0008_00__table_008,False,1.2377844663220965,2.2342519760131836,,,"scene0008_00__monitor_029, scene0008_00__table_008",,e2e_grounding_test_official_raw_distance_ctx_l2_en_qwen3vl235b_run1.csv,openrouter,qwen/qwen3-vl-235b-a22b-instruct,1.2377844663220965,-0.1916552389529228
test_stage1_dn_0000,scene0008_00,distance,context,2.0,all,en,scene0008_00__sofa_000,scene0008_00__door_010,,0.4495985805988312,scene0008_00__monitor_029,scene0008_00__table_032,scene0008_00__monitor_029,scene0008_00__table_008,False,1.2377844663220965,2.2342519760131836,,,"scene0008_00__monitor_029, scene0008_00__table_008",,e2e_grounding_test_official_raw_distance_ctx_l2_en_qwen3vl235b_run2.csv,openrouter,qwen/qwen3-vl-235b-a22b-instruct,1.2377844663220965,-0.1916552389529228
test_stage1_dn_0000,scene0008_00,distance,context,2.0,all,en,scene0008_00__sofa_000,scene0008_00__door_010,,0.4495985805988312,scene0008_00__monitor_029,scene0008_00__table_032,scene0008_00__monitor_029,scene0008_00__table_008,False,1.2377844663220965,2.2342519760131836,,,"scene0008_00__monitor_029, scene0008_00__table_008",,e2e_grounding_test_official_raw_distance_ctx_l2_en_qwen3vl32b_run1.csv,openrouter,qwen/qwen3-vl-32b-instruct,1.2377844663220965,-0.1916552389529228
test_stage1_dn_0000,scene0008_00,distance,context,1.0,all,en,scene0008_00__sofa_000,scene0008_00__door_010,,0.4495985805988312,scene0008_00__monitor_029,scene0008_00__table_032,scene0008_00__monitor_029,scene0008_00__table_008,False,1.2377844663220965,2.2342519760131836,,,"scene0008_00__monitor_029, scene0008_00__table_008",,e2e_grounding_test_official_raw_distance_ctx_l1_en_qwen3vl8b_run1.csv,openrouter,qwen/qwen3-vl-8b-instruct,1.2377844663220965,-0.1916552389529228
test_stage1_dn_0000,scene0008_00,distance,context,2.0,all,en,scene0008_00__sofa_000,scene0008_00__door_010,,0.4495985805988312,scene0008_00__monitor_029,scene0008_00__table_032,scene0008_00__monitor_029,scene0008_00__table_008,False,1.2377844663220965,2.2342519760131836,,,"scene0008_00__monitor_029, scene0008_00__table_008",,e2e_grounding_test_official_raw_distance_ctx_l2_en_qwen3vl32b_run2.csv,openrouter,qwen/qwen3-vl-32b-instruct,1.2377844663220965,-0.1916552389529228
test_stage1_dn_0000,scene0008_00,distance,context,1.0,all,en,scene0008_00__sofa_000,scene0008_00__door_010,,0.4495985805988312,scene0008_00__monitor_029,scene0008_00__table_032,scene0008_00__monitor_029,scene0008_00__table_008,False,1.2377844663220965,2.2342519760131836,,,"scene0008_00__monitor_029, scene0008_00__table_008",,e2e_grounding_test_official_raw_distance_ctx_l1_en_qwen3vl32b_run1.csv,openrouter,qwen/qwen3-vl-32b-instruct,1.2377844663220965,-0.1916552389529228
test_stage1_dn_0000,scene0008_00,distance,context,1.0,all,en,scene0008_00__sofa_000,scene0008_00__door_010,,0.4495985805988312,scene0008_00__monitor_029,scene0008_00__table_032,scene0008_00__monitor_029,scene0008_00__table_008,False,1.2377844663220965,2.2342519760131836,,,"scene0008_00__monitor_029, scene0008_00__table_008",,e2e_grounding_test_official_raw_distance_ctx_l1_en_qwen3vl235b_run2.csv,openrouter,qwen/qwen3-vl-235b-a22b-instruct,1.2377844663220965,-0.1916552389529228
test_stage1_dn_0000,scene0008_00,distance,context,1.0,all,en,scene0008_00__sofa_000,scene0008_00__door_010,,0.4495985805988312,scene0008_00__monitor_029,scene0008_00__table_032,scene0008_00__monitor_029,scene0008_00__table_008,False,1.2377844663220965,2.2342519760131836,,,"scene0008_00__monitor_029, scene0008_00__table_008",,e2e_grounding_test_official_raw_distance_ctx_l1_en_qwen3vl32b_run2.csv,openrouter,qwen/qwen3-vl-32b-instruct,1.2377844663220965,-0.1916552389529228
test_stage1_dn_0000,scene0008_00,distance,context,1.0,all,en,scene0008_00__sofa_000,scene0008_00__door_010,,0.4495985805988312,scene0008_00__monitor_029,scene0008_00__table_032,scene0008_00__monitor_029,scene0008_00__table_008,False,1.2377844663220965,2.2342519760131836,,,"scene0008_00__monitor_029, scene0008_00__table_008",,e2e_grounding_test_official_raw_distance_ctx_l1_en_qwen3vl235b_run1.csv,openrouter,qwen/qwen3-vl-235b-a22b-instruct,1.2377844663220965,-0.1916552389529228
test_stage1_dn_0035,scene0142_00,distance,context,1.0,all,en,scene0142_00__chair_021,scene0142_00__chair_020,,0.1605832576751709,scene0142_00__cabinet_037,scene0142_00__table_006,scene0142_00__cabinet_043,scene0142_00__table_003,False,1.266897346479437,1.9985792636871336,,,"scene0142_00__cabinet_043, scene0142_00__table_003",,e2e_grounding_test_official_raw_distance_ctx_l1_en_qwen3vl8b_run2.csv,openrouter,qwen/qwen3-vl-8b-instruct,1.266897346479437,-0.21799313214953947
test_stage1_dn_0035,scene0142_00,distance,context,3.0,all,en,scene0142_00__chair_021,scene0142_00__chair_020,,0.1605832576751709,scene0142_00__cabinet_037,scene0142_00__table_006,scene0142_00__cabinet_043,scene0142_00__table_003,False,1.266897346479437,1.9985792636871336,,,"scene0142_00__cabinet_043, scene0142_00__table_003",,e2e_grounding_test_official_raw_distance_ctx_l3_en.csv,,,1.266897346479437,-0.21799313214953947
test_stage1_dn_0035,scene0142_00,distance,context,2.0,reference_only,en,scene0142_00__chair_021,scene0142_00__chair_020,,0.1605832576751709,scene0142_00__cabinet_037,scene0142_00__table_006,scene0142_00__cabinet_043,scene0142_00__table_003,False,1.266897346479437,1.9985792636871336,,,"scene0142_00__cabinet_043, scene0142_00__table_003",,e2e_grounding_test_official_raw_distance_ctx_l2_ref_only_en.csv,,,1.266897346479437,-0.21799313214953947
test_stage1_dn_0035,scene0142_00,distance,original,,,en,scene0142_00__chair_021,scene0142_00__chair_020,,0.1605832576751709,scene0142_00__cabinet_037,scene0142_00__table_006,scene0142_00__cabinet_043,scene0142_00__table_003,False,1.266897346479437,1.9985792636871336,,,"scene0142_00__cabinet_043, scene0142_00__table_003",,e2e_grounding_test_official_raw_distance_baseline_en_qwen3vl235b_run1.csv,openrouter,qwen/qwen3-vl-235b-a22b-instruct,1.266897346479437,-0.21799313214953947
test_stage1_dn_0035,scene0142_00,distance,context,1.0,all,en,scene0142_00__chair_021,scene0142_00__chair_020,,0.1605832576751709,scene0142_00__cabinet_037,scene0142_00__table_006,scene0142_00__cabinet_043,scene0142_00__table_003,False,1.266897346479437,1.9985792636871336,,,"scene0142_00__cabinet_043, scene0142_00__table_003",,e2e_grounding_test_official_raw_distance_ctx_l1_en_qwen3vl32b_run2.csv,openrouter,qwen/qwen3-vl-32b-instruct,1.266897346479437,-0.21799313214953947
test_stage1_dn_0035,scene0142_00,distance,context,2.0,all,en,scene0142_00__chair_021,scene0142_00__chair_020,,0.1605832576751709,scene0142_00__cabinet_037,scene0142_00__table_006,scene0142_00__cabinet_043,scene0142_00__table_003,False,1.266897346479437,1.9985792636871336,,,"scene0142_00__cabinet_043, scene0142_00__table_003",,e2e_grounding_test_official_raw_distance_ctx_l2_en_run2.csv,,,1.266897346479437,-0.21799313214953947
test_stage1_dn_0035,scene0142_00,distance,context,1.0,all,en,scene0142_00__chair_021,scene0142_00__chair_020,,0.1605832576751709,scene0142_00__cabinet_037,scene0142_00__table_006,scene0142_00__cabinet_043,scene0142_00__table_003,False,1.266897346479437,1.9985792636871336,,,"scene0142_00__cabinet_043, scene0142_00__table_003",,e2e_grounding_test_official_raw_distance_ctx_l1_en_qwen3vl8b_run1.csv,openrouter,qwen/qwen3-vl-8b-instruct,1.266897346479437,-0.21799313214953947
test_stage1_dn_0011,scene0092_03,distance,original,,,en,scene0092_03__chair_057,scene0092_03__desk_059,,0.5432937741279602,scene0092_03__bed_062,scene0092_03__monitor_018,scene0092_03__bed_062,scene0092_03__monitor_017,False,1.2676193815808738,1.9572697877883911,,,"scene0092_03__bed_062, scene0092_03__monitor_017",,e2e_grounding_test_official_raw_distance_baseline_en_qwen3vl8b_run2.csv,openrouter,qwen/qwen3-vl-8b-instruct,1.2676193815808738,-0.21866788603007886
test_stage1_dn_0011,scene0092_03,distance,context,1.0,all,en,scene0092_03__chair_057,scene0092_03__desk_059,,0.5432937741279602,scene0092_03__bed_062,scene0092_03__monitor_018,scene0092_03__bed_062,scene0092_03__monitor_017,False,1.2676193815808738,1.9572697877883911,,,"scene0092_03__bed_062, scene0092_03__monitor_017",,e2e_grounding_test_official_raw_distance_ctx_l1_en_run2.csv,,,1.2676193815808738,-0.21866788603007886
test_stage1_dn_0011,scene0092_03,distance,original,,,en,scene0092_03__chair_057,scene0092_03__desk_059,,0.5432937741279602,scene0092_03__bed_062,scene0092_03__monitor_018,scene0092_03__bed_062,scene0092_03__monitor_017,False,1.2676193815808738,1.9572697877883911,,,"scene0092_03__bed_062, scene0092_03__monitor_017",,e2e_grounding_test_official_raw_distance_baseline_en.csv,,,1.2676193815808738,-0.21866788603007886
test_stage1_dn_0011,scene0092_03,distance,original,,,en,scene0092_03__chair_057,scene0092_03__desk_059,,0.5432937741279602,scene0092_03__bed_062,scene0092_03__monitor_018,scene0092_03__bed_062,scene0092_03__monitor_017,False,1.2676193815808738,1.9572697877883911,,,"scene0092_03__bed_062, scene0092_03__monitor_017",,e2e_grounding_test_official_raw_distance_baseline_en_qwen3vl8b_run1.csv,openrouter,qwen/qwen3-vl-8b-instruct,1.2676193815808738,-0.21866788603007886
test_stage1_dn_0011,scene0092_03,distance,context,2.0,all,en,scene0092_03__chair_057,scene0092_03__desk_059,,0.5432937741279602,scene0092_03__bed_062,scene0092_03__monitor_018,scene0092_03__bed_062,scene0092_03__monitor_017,False,1.2676193815808738,1.9572697877883911,,,"scene0092_03__bed_062, scene0092_03__monitor_017",,e2e_grounding_test_official_raw_distance_ctx_l2_en_run2.csv,,,1.2676193815808738,-0.21866788603007886
test_stage1_dn_0011,scene0092_03,distance,context,3.0,all,en,scene0092_03__chair_057,scene0092_03__desk_059,,0.5432937741279602,scene0092_03__bed_062,scene0092_03__monitor_018,scene0092_03__bed_062,scene0092_03__monitor_017,False,1.2676193815808738,1.9572697877883911,,,"scene0092_03__bed_062, scene0092_03__monitor_017",,e2e_grounding_test_official_raw_distance_ctx_l3_en_qwen3vl8b_run1.csv,openrouter,qwen/qwen3-vl-8b-instruct,1.2676193815808738,-0.21866788603007886
test_stage1_dn_0011,scene0092_03,distance,original,,,en,scene0092_03__chair_057,scene0092_03__desk_059,,0.5432937741279602,scene0092_03__bed_062,scene0092_03__monitor_018,scene0092_03__bed_062,scene0092_03__monitor_017,False,1.2676193815808738,1.9572697877883911,,,"scene0092_03__bed_062, scene0092_03__monitor_017",,e2e_grounding_test_official_raw_distance_baseline_en_run2.csv,,,1.2676193815808738,-0.21866788603007886
test_stage1_dn_0011,scene0092_03,distance,context,1.0,all,en,scene0092_03__chair_057,scene0092_03__desk_059,,0.5432937741279602,scene0092_03__bed_062,scene0092_03__monitor_018,scene0092_03__bed_062,scene0092_03__monitor_017,False,1.2676193815808738,1.9572697877883911,,,"scene0092_03__bed_062, scene0092_03__monitor_017",,e2e_grounding_test_official_raw_distance_ctx_l1_en.csv,,,1.2676193815808738,-0.21866788603007886
test_stage1_dn_0034,scene0142_00,distance,context,3.0,all,en,scene0142_00__monitor_025,scene0142_00__monitor_000,,0.2170539945363998,scene0142_00__cabinet_037,scene0142_00__chair_019,scene0142_00__cabinet_043,scene0142_00__chair_019,False,1.3367608363088477,1.8287553787231443,,,"scene0142_00__cabinet_043, scene0142_00__chair_019",,e2e_grounding_test_official_raw_distance_ctx_l3_en_run2.csv,,,1.3367608363088477,-0.2881121953949735
test_stage1_dn_0026,scene0137_01,distance,context,1.0,all,en,scene0137_01__table_015,scene0137_01__bed_002,,0.2886812686920166,scene0137_01__chair_007,scene0137_01__monitor_009,scene0137_01__chair_006,scene0137_01__monitor_013,False,1.3675581419681724,2.230942487716675,,,"scene0137_01__chair_006, scene0137_01__monitor_013",,e2e_grounding_test_official_raw_distance_ctx_l1_en_qwen3vl32b_run1.csv,openrouter,qwen/qwen3-vl-32b-instruct,1.3675581419681724,-0.32212224451436405
test_stage1_dn_0026,scene0137_01,distance,original,,,en,scene0137_01__table_015,scene0137_01__bed_002,,0.2886812686920166,scene0137_01__chair_007,scene0137_01__monitor_009,scene0137_01__chair_006,scene0137_01__monitor_013,False,1.3675581419681724,2.230942487716675,,,"scene0137_01__chair_006, scene0137_01__monitor_013",,e2e_grounding_test_official_raw_distance_baseline_en_qwen3vl32b_run2.csv,openrouter,qwen/qwen3-vl-32b-instruct,1.3675581419681724,-0.32212224451436405
test_stage1_dn_0026,scene0137_01,distance,context,1.0,all,en,scene0137_01__table_015,scene0137_01__bed_002,,0.2886812686920166,scene0137_01__chair_007,scene0137_01__monitor_009,scene0137_01__chair_006,scene0137_01__monitor_013,False,1.3675581419681724,2.230942487716675,,,"scene0137_01__chair_006, scene0137_01__monitor_013",,e2e_grounding_test_official_raw_distance_ctx_l1_en_qwen3vl32b_run2.csv,openrouter,qwen/qwen3-vl-32b-instruct,1.3675581419681724,-0.32212224451436405
test_stage1_dn_0026,scene0137_01,distance,original,,,en,scene0137_01__table_015,scene0137_01__bed_002,,0.2886812686920166,scene0137_01__chair_007,scene0137_01__monitor_009,scene0137_01__chair_006,scene0137_01__monitor_013,False,1.3675581419681724,2.230942487716675,,,"scene0137_01__chair_006, scene0137_01__monitor_013",,e2e_grounding_test_official_raw_distance_baseline_en_qwen3vl32b_run1.csv,openrouter,qwen/qwen3-vl-32b-instruct,1.3675581419681724,-0.32212224451436405
test_stage1_dn_0037,scene0143_01,distance,context,2.0,all,en,scene0143_01__desk_008,scene0143_01__door_005,,0.793123722076416,scene0143_01__bed_011,scene0143_01__cabinet_004,scene0143_01__bed_011,scene0143_01__cabinet_003,False,1.3820748699473315,3.003809690475464,,,"scene0143_01__bed_011, scene0143_01__cabinet_003",,e2e_grounding_test_official_raw_distance_ctx_l2_en.csv,,,1.3820748699473315,-0.3388111542242029
test_stage1_dn_0037,scene0143_01,distance,original,,,en,scene0143_01__desk_008,scene0143_01__door_005,,0.793123722076416,scene0143_01__bed_011,scene0143_01__cabinet_004,scene0143_01__bed_011,scene0143_01__cabinet_003,False,1.3820748699473315,3.003809690475464,,,"scene0143_01__bed_011, scene0143_01__cabinet_003",,e2e_grounding_test_official_raw_distance_baseline_en_qwen3vl32b_run1.csv,openrouter,qwen/qwen3-vl-32b-instruct,1.3820748699473315,-0.3388111542242029
test_stage1_dn_0037,scene0143_01,distance,context,1.0,all,en,scene0143_01__desk_008,scene0143_01__door_005,,0.793123722076416,scene0143_01__bed_011,scene0143_01__cabinet_004,scene0143_01__bed_011,scene0143_01__cabinet_003,False,1.3820748699473315,3.003809690475464,,,"scene0143_01__bed_011, scene0143_01__cabinet_003",,e2e_grounding_test_official_raw_distance_ctx_l1_en_qwen3vl8b_run2.csv,openrouter,qwen/qwen3-vl-8b-instruct,1.3820748699473315,-0.3388111542242029
test_stage1_dn_0037,scene0143_01,distance,context,3.0,all,en,scene0143_01__desk_008,scene0143_01__door_005,,0.793123722076416,scene0143_01__bed_011,scene0143_01__cabinet_004,scene0143_01__bed_011,scene0143_01__cabinet_003,False,1.3820748699473315,3.003809690475464,,,"scene0143_01__bed_011, scene0143_01__cabinet_003",,e2e_grounding_test_official_raw_distance_ctx_l3_en_qwen3vl8b_run1.csv,openrouter,qwen/qwen3-vl-8b-instruct,1.3820748699473315,-0.3388111542242029
test_stage1_dn_0037,scene0143_01,distance,original,,,en,scene0143_01__desk_008,scene0143_01__door_005,,0.793123722076416,scene0143_01__bed_011,scene0143_01__cabinet_004,scene0143_01__bed_011,scene0143_01__cabinet_003,False,1.3820748699473315,3.003809690475464,,,"scene0143_01__bed_011, scene0143_01__cabinet_003",,e2e_grounding_test_official_raw_distance_baseline_en_qwen3vl235b_run2.csv,openrouter,qwen/qwen3-vl-235b-a22b-instruct,1.3820748699473315,-0.3388111542242029
test_stage1_dn_0037,scene0143_01,distance,context,1.0,all,en,scene0143_01__desk_008,scene0143_01__door_005,,0.793123722076416,scene0143_01__bed_011,scene0143_01__cabinet_004,scene0143_01__bed_011,scene0143_01__cabinet_003,False,1.3820748699473315,3.003809690475464,,,"scene0143_01__bed_011, scene0143_01__cabinet_003",,e2e_grounding_test_official_raw_distance_ctx_l1_en.csv,,,1.3820748699473315,-0.3388111542242029
test_stage1_dn_0037,scene0143_01,distance,original,,,en,scene0143_01__desk_008,scene0143_01__door_005,,0.793123722076416,scene0143_01__bed_011,scene0143_01__cabinet_004,scene0143_01__bed_011,scene0143_01__cabinet_003,False,1.3820748699473315,3.003809690475464,,,"scene0143_01__bed_011, scene0143_01__cabinet_003",,e2e_grounding_test_official_raw_distance_baseline_en_qwen3vl235b_run1.csv,openrouter,qwen/qwen3-vl-235b-a22b-instruct,1.3820748699473315,-0.3388111542242029
test_stage1_dn_0037,scene0143_01,distance,context,3.0,all,en,scene0143_01__desk_008,scene0143_01__door_005,,0.793123722076416,scene0143_01__bed_011,scene0143_01__cabinet_004,scene0143_01__bed_011,scene0143_01__cabinet_003,False,1.3820748699473315,3.003809690475464,,,"scene0143_01__bed_011, scene0143_01__cabinet_003",,e2e_grounding_test_official_raw_distance_ctx_l3_en_qwen3vl235b_run2.csv,openrouter,qwen/qwen3-vl-235b-a22b-instruct,1.3820748699473315,-0.3388111542242029
test_stage1_dn_0037,scene0143_01,distance,context,1.0,all,en,scene0143_01__desk_008,scene0143_01__door_005,,0.793123722076416,scene0143_01__bed_011,scene0143_01__cabinet_004,scene0143_01__bed_011,scene0143_01__cabinet_003,False,1.3820748699473315,3.003809690475464,,,"scene0143_01__bed_011, scene0143_01__cabinet_003",,e2e_grounding_test_official_raw_distance_ctx_l1_en_qwen3vl8b_run1.csv,openrouter,qwen/qwen3-vl-8b-instruct,1.3820748699473315,-0.3388111542242029
test_stage1_dn_0037,scene0143_01,distance,context,2.0,all,en,scene0143_01__desk_008,scene0143_01__door_005,,0.793123722076416,scene0143_01__bed_011,scene0143_01__cabinet_004,scene0143_01__bed_011,scene0143_01__cabinet_003,False,1.3820748699473315,3.003809690475464,,,"scene0143_01__bed_011, scene0143_01__cabinet_003",,e2e_grounding_test_official_raw_distance_ctx_l2_en_qwen3vl235b_run2.csv,openrouter,qwen/qwen3-vl-235b-a22b-instruct,1.3820748699473315,-0.3388111542242029
test_stage1_dn_0037,scene0143_01,distance,context,2.0,reference_only,en,scene0143_01__desk_008,scene0143_01__door_005,,0.793123722076416,scene0143_01__bed_011,scene0143_01__cabinet_004,scene0143_01__bed_011,scene0143_01__cabinet_003,False,1.3820748699473315,3.003809690475464,,,"scene0143_01__bed_011, scene0143_01__cabinet_003",,e2e_grounding_test_official_raw_distance_ctx_l2_ref_only_en_qwen3vl235b_run2.csv,openrouter,qwen/qwen3-vl-235b-a22b-instruct,1.3820748699473315,-0.3388111542242029
test_stage1_dn_0037,scene0143_01,distance,context,3.0,all,en,scene0143_01__desk_008,scene0143_01__door_005,,0.793123722076416,scene0143_01__bed_011,scene0143_01__cabinet_004,scene0143_01__bed_011,scene0143_01__cabinet_003,False,1.3820748699473315,3.003809690475464,,,"scene0143_01__bed_011, scene0143_01__cabinet_003",,e2e_grounding_test_official_raw_distance_ctx_l3_en_qwen3vl8b_run2.csv,openrouter,qwen/qwen3-vl-8b-instruct,1.3820748699473315,-0.3388111542242029
test_stage1_dn_0037,scene0143_01,distance,original,,,en,scene0143_01__desk_008,scene0143_01__door_005,,0.793123722076416,scene0143_01__bed_011,scene0143_01__cabinet_004,scene0143_01__bed_011,scene0143_01__cabinet_003,False,1.3820748699473315,3.003809690475464,,,"scene0143_01__bed_011, scene0143_01__cabinet_003",,e2e_grounding_test_official_raw_distance_baseline_en_run2.csv,,,1.3820748699473315,-0.3388111542242029
test_stage1_dn_0037,scene0143_01,distance,context,3.0,all,en,scene0143_01__desk_008,scene0143_01__door_005,,0.793123722076416,scene0143_01__bed_011,scene0143_01__cabinet_004,scene0143_01__bed_011,scene0143_01__cabinet_003,False,1.3820748699473315,3.003809690475464,,,"scene0143_01__bed_011, scene0143_01__cabinet_003",,e2e_grounding_test_official_raw_distance_ctx_l3_en_qwen3vl235b_run1.csv,openrouter,qwen/qwen3-vl-235b-a22b-instruct,1.3820748699473315,-0.3388111542242029
test_stage1_dn_0037,scene0143_01,distance,context,3.0,all,en,scene0143_01__desk_008,scene0143_01__door_005,,0.793123722076416,scene0143_01__bed_011,scene0143_01__cabinet_004,scene0143_01__bed_011,scene0143_01__cabinet_003,False,1.3820748699473315,3.003809690475464,,,"scene0143_01__bed_011, scene0143_01__cabinet_003",,e2e_grounding_test_official_raw_distance_ctx_l3_en_run2.csv,,,1.3820748699473315,-0.3388111542242029
test_stage1_dn_0037,scene0143_01,distance,context,1.0,all,en,scene0143_01__desk_008,scene0143_01__door_005,,0.793123722076416,scene0143_01__bed_011,scene0143_01__cabinet_004,scene0143_01__bed_011,scene0143_01__cabinet_003,False,1.3820748699473315,3.003809690475464,,,"scene0143_01__bed_011, scene0143_01__cabinet_003",,e2e_grounding_test_official_raw_distance_ctx_l1_en_qwen3vl235b_run1.csv,openrouter,qwen/qwen3-vl-235b-a22b-instruct,1.3820748699473315,-0.3388111542242029
test_stage1_dn_0037,scene0143_01,distance,context,2.0,reference_only,en,scene0143_01__desk_008,scene0143_01__door_005,,0.793123722076416,scene0143_01__bed_011,scene0143_01__cabinet_004,scene0143_01__bed_011,scene0143_01__cabinet_003,False,1.3820748699473315,3.003809690475464,,,"scene0143_01__bed_011, scene0143_01__cabinet_003",,e2e_grounding_test_official_raw_distance_ctx_l2_ref_only_en.csv,,,1.3820748699473315,-0.3388111542242029
test_stage1_dn_0037,scene0143_01,distance,context,2.0,reference_only,en,scene0143_01__desk_008,scene0143_01__door_005,,0.793123722076416,scene0143_01__bed_011,scene0143_01__cabinet_004,scene0143_01__bed_011,scene0143_01__cabinet_003,False,1.3820748699473315,3.003809690475464,,,"scene0143_01__bed_011, scene0143_01__cabinet_003",,e2e_grounding_test_official_raw_distance_ctx_l2_ref_only_en_qwen3vl235b_run1.csv,openrouter,qwen/qwen3-vl-235b-a22b-instruct,1.3820748699473315,-0.3388111542242029
test_stage1_dn_0037,scene0143_01,distance,context,2.0,reference_only,en,scene0143_01__desk_008,scene0143_01__door_005,,0.793123722076416,scene0143_01__bed_011,scene0143_01__cabinet_004,scene0143_01__bed_011,scene0143_01__cabinet_003,False,1.3820748699473315,3.003809690475464,,,"scene0143_01__bed_011, scene0143_01__cabinet_003",,e2e_grounding_test_official_raw_distance_ctx_l2_ref_only_en_qwen3vl8b_run1.csv,openrouter,qwen/qwen3-vl-8b-instruct,1.3820748699473315,-0.3388111542242029
test_stage1_dn_0037,scene0143_01,distance,context,2.0,all,en,scene0143_01__desk_008,scene0143_01__door_005,,0.793123722076416,scene0143_01__bed_011,scene0143_01__cabinet_004,scene0143_01__bed_011,scene0143_01__cabinet_003,False,1.3820748699473315,3.003809690475464,,,"scene0143_01__bed_011, scene0143_01__cabinet_003",,e2e_grounding_test_official_raw_distance_ctx_l2_en_run2.csv,,,1.3820748699473315,-0.3388111542242029
test_stage1_dn_0037,scene0143_01,distance,original,,,en,scene0143_01__desk_008,scene0143_01__door_005,,0.793123722076416,scene0143_01__bed_011,scene0143_01__cabinet_004,scene0143_01__bed_011,scene0143_01__cabinet_003,False,1.3820748699473315,3.003809690475464,,,"scene0143_01__bed_011, scene0143_01__cabinet_003",,e2e_grounding_test_official_raw_distance_baseline_en_qwen3vl8b_run2.csv,openrouter,qwen/qwen3-vl-8b-instruct,1.3820748699473315,-0.3388111542242029
test_stage1_dn_0037,scene0143_01,distance,context,2.0,reference_only,en,scene0143_01__desk_008,scene0143_01__door_005,,0.793123722076416,scene0143_01__bed_011,scene0143_01__cabinet_004,scene0143_01__bed_011,scene0143_01__cabinet_003,False,1.3820748699473315,3.003809690475464,,,"scene0143_01__bed_011, scene0143_01__cabinet_003",,e2e_grounding_test_official_raw_distance_ctx_l2_ref_only_en_qwen3vl8b_run2.csv,openrouter,qwen/qwen3-vl-8b-instruct,1.3820748699473315,-0.3388111542242029
test_stage1_dn_0037,scene0143_01,distance,original,,,en,scene0143_01__desk_008,scene0143_01__door_005,,0.793123722076416,scene0143_01__bed_011,scene0143_01__cabinet_004,scene0143_01__bed_011,scene0143_01__cabinet_003,False,1.3820748699473315,3.003809690475464,,,"scene0143_01__bed_011, scene0143_01__cabinet_003",,e2e_grounding_test_official_raw_distance_baseline_en.csv,,,1.3820748699473315,-0.3388111542242029
test_stage1_dn_0037,scene0143_01,distance,context,1.0,all,en,scene0143_01__desk_008,scene0143_01__door_005,,0.793123722076416,scene0143_01__bed_011,scene0143_01__cabinet_004,scene0143_01__bed_011,scene0143_01__cabinet_003,False,1.3820748699473315,3.003809690475464,,,"scene0143_01__bed_011, scene0143_01__cabinet_003",,e2e_grounding_test_official_raw_distance_ctx_l1_en_qwen3vl235b_run2.csv,openrouter,qwen/qwen3-vl-235b-a22b-instruct,1.3820748699473315,-0.3388111542242029
test_stage1_dn_0037,scene0143_01,distance,original,,,en,scene0143_01__desk_008,scene0143_01__door_005,,0.793123722076416,scene0143_01__bed_011,scene0143_01__cabinet_004,scene0143_01__bed_011,scene0143_01__cabinet_003,False,1.3820748699473315,3.003809690475464,,,"scene0143_01__bed_011, scene0143_01__cabinet_003",,e2e_grounding_test_official_raw_distance_baseline_en_qwen3vl8b_run1.csv,openrouter,qwen/qwen3-vl-8b-instruct,1.3820748699473315,-0.3388111542242029
test_stage1_dn_0037,scene0143_01,distance,context,1.0,all,en,scene0143_01__desk_008,scene0143_01__door_005,,0.793123722076416,scene0143_01__bed_011,scene0143_01__cabinet_004,scene0143_01__bed_011,scene0143_01__cabinet_003,False,1.3820748699473315,3.003809690475464,,,"scene0143_01__bed_011, scene0143_01__cabinet_003",,e2e_grounding_test_official_raw_distance_ctx_l1_en_run2.csv,,,1.3820748699473315,-0.3388111542242029
test_stage1_dn_0037,scene0143_01,distance,context,2.0,reference_only,en,scene0143_01__desk_008,scene0143_01__door_005,,0.793123722076416,scene0143_01__bed_011,scene0143_01__cabinet_004,scene0143_01__bed_011,scene0143_01__cabinet_003,False,1.3820748699473315,3.003809690475464,,,"scene0143_01__bed_011, scene0143_01__cabinet_003",,e2e_grounding_test_official_raw_distance_ctx_l2_ref_only_en_run2.csv,,,1.3820748699473315,-0.3388111542242029
test_stage1_dn_0037,scene0143_01,distance,context,2.0,all,en,scene0143_01__desk_008,scene0143_01__door_005,,0.793123722076416,scene0143_01__bed_011,scene0143_01__cabinet_004,scene0143_01__bed_011,scene0143_01__cabinet_003,False,1.3820748699473315,3.003809690475464,,,"scene0143_01__bed_011, scene0143_01__cabinet_003",,e2e_grounding_test_official_raw_distance_ctx_l2_en_qwen3vl8b_run2.csv,openrouter,qwen/qwen3-vl-8b-instruct,1.3820748699473315,-0.3388111542242029
test_stage1_dn_0037,scene0143_01,distance,context,3.0,all,en,scene0143_01__desk_008,scene0143_01__door_005,,0.793123722076416,scene0143_01__bed_011,scene0143_01__cabinet_004,scene0143_01__bed_011,scene0143_01__cabinet_003,False,1.3820748699473315,3.003809690475464,,,"scene0143_01__bed_011, scene0143_01__cabinet_003",,e2e_grounding_test_official_raw_distance_ctx_l3_en.csv,,,1.3820748699473315,-0.3388111542242029
test_stage1_dn_0037,scene0143_01,distance,context,2.0,all,en,scene0143_01__desk_008,scene0143_01__door_005,,0.793123722076416,scene0143_01__bed_011,scene0143_01__cabinet_004,scene0143_01__bed_011,scene0143_01__cabinet_003,False,1.3820748699473315,3.003809690475464,,,"scene0143_01__bed_011, scene0143_01__cabinet_003",,e2e_grounding_test_official_raw_distance_ctx_l2_en_qwen3vl8b_run1.csv,openrouter,qwen/qwen3-vl-8b-instruct,1.3820748699473315,-0.3388111542242029
test_stage1_dn_0037,scene0143_01,distance,context,2.0,all,en,scene0143_01__desk_008,scene0143_01__door_005,,0.793123722076416,scene0143_01__bed_011,scene0143_01__cabinet_004,scene0143_01__bed_011,scene0143_01__cabinet_003,False,1.3820748699473315,3.003809690475464,,,"scene0143_01__bed_011, scene0143_01__cabinet_003",,e2e_grounding_test_official_raw_distance_ctx_l2_en_qwen3vl235b_run1.csv,openrouter,qwen/qwen3-vl-235b-a22b-instruct,1.3820748699473315,-0.3388111542242029
test_stage1_dn_0037,scene0143_01,distance,original,,,en,scene0143_01__desk_008,scene0143_01__door_005,,0.793123722076416,scene0143_01__bed_011,scene0143_01__cabinet_004,scene0143_01__bed_011,scene0143_01__cabinet_003,False,1.3820748699473315,3.003809690475464,,,"scene0143_01__bed_011, scene0143_01__cabinet_003",,e2e_grounding_test_official_raw_distance_baseline_en_qwen3vl32b_run2.csv,openrouter,qwen/qwen3-vl-32b-instruct,1.3820748699473315,-0.3388111542242029
test_stage1_dn_0000,scene0008_00,distance,original,,,en,scene0008_00__sofa_000,scene0008_00__door_010,,0.4495985805988312,scene0008_00__monitor_029,scene0008_00__table_032,scene0008_00__monitor_018,scene0008_00__table_014,False,1.3887504528972936,2.1730964183807373,,,"scene0008_00__monitor_018, scene0008_00__table_014",,e2e_grounding_test_official_raw_distance_baseline_en_qwen3vl235b_run1.csv,openrouter,qwen/qwen3-vl-235b-a22b-instruct,1.3887504528972936,-0.34662709578676826
test_stage1_dn_0000,scene0008_00,distance,original,,,en,scene0008_00__sofa_000,scene0008_00__door_010,,0.4495985805988312,scene0008_00__monitor_029,scene0008_00__table_032,scene0008_00__monitor_018,scene0008_00__table_014,False,1.3887504528972936,2.1730964183807373,,,"scene0008_00__monitor_018, scene0008_00__table_014",,e2e_grounding_test_official_raw_smoketest_qwen3vl_235b.csv,openrouter,qwen/qwen3-vl-235b-a22b-instruct,1.3887504528972936,-0.34662709578676826
test_stage1_dn_0000,scene0008_00,distance,original,,,en,scene0008_00__sofa_000,scene0008_00__door_010,,0.4495985805988312,scene0008_00__monitor_029,scene0008_00__table_032,scene0008_00__monitor_018,scene0008_00__table_014,False,1.3887504528972936,2.1730964183807373,,,"scene0008_00__monitor_018, scene0008_00__table_014",,e2e_grounding_test_official_raw_distance_baseline_en_qwen3vl235b_run2.csv,openrouter,qwen/qwen3-vl-235b-a22b-instruct,1.3887504528972936,-0.34662709578676826
test_stage1_dn_0000,scene0008_00,distance,context,2.0,reference_only,en,scene0008_00__sofa_000,scene0008_00__door_010,,0.4495985805988312,scene0008_00__monitor_029,scene0008_00__table_032,scene0008_00__monitor_018,scene0008_00__table_014,False,1.3887504528972936,2.1730964183807373,,,"scene0008_00__monitor_018, scene0008_00__table_014",,e2e_grounding_test_official_raw_distance_ctx_l2_ref_only_en_qwen3vl235b_run2.csv,openrouter,qwen/qwen3-vl-235b-a22b-instruct,1.3887504528972936,-0.34662709578676826
test_stage1_dn_0035,scene0142_00,distance,context,2.0,reference_only,en,scene0142_00__chair_021,scene0142_00__chair_020,,0.1605832576751709,scene0142_00__cabinet_037,scene0142_00__table_006,scene0142_00__cabinet_045,scene0142_00__table_003,False,1.410080097746527,2.1056339740753174,,,"scene0142_00__cabinet_045, scene0142_00__table_003",,e2e_grounding_test_official_raw_distance_ctx_l2_ref_only_en_qwen3vl32b_run1.csv,openrouter,qwen/qwen3-vl-32b-instruct,1.410080097746527,-0.372197725666412
test_stage1_dn_0035,scene0142_00,distance,original,,,en,scene0142_00__chair_021,scene0142_00__chair_020,,0.1605832576751709,scene0142_00__cabinet_037,scene0142_00__table_006,scene0142_00__cabinet_045,scene0142_00__table_003,False,1.410080097746527,2.1056339740753174,,,"scene0142_00__cabinet_045, scene0142_00__table_003",,e2e_grounding_test_official_raw_distance_baseline_en_qwen3vl8b_run2.csv,openrouter,qwen/qwen3-vl-8b-instruct,1.410080097746527,-0.372197725666412
test_stage1_dn_0035,scene0142_00,distance,context,2.0,all,en,scene0142_00__chair_021,scene0142_00__chair_020,,0.1605832576751709,scene0142_00__cabinet_037,scene0142_00__table_006,scene0142_00__cabinet_045,scene0142_00__table_003,False,1.410080097746527,2.1056339740753174,,,"scene0142_00__cabinet_045, scene0142_00__table_003",,e2e_grounding_test_official_raw_distance_ctx_l2_en_qwen3vl32b_run1.csv,openrouter,qwen/qwen3-vl-32b-instruct,1.410080097746527,-0.372197725666412
test_stage1_dn_0035,scene0142_00,distance,context,2.0,reference_only,en,scene0142_00__chair_021,scene0142_00__chair_020,,0.1605832576751709,scene0142_00__cabinet_037,scene0142_00__table_006,scene0142_00__cabinet_045,scene0142_00__table_003,False,1.410080097746527,2.1056339740753174,,,"scene0142_00__cabinet_045, scene0142_00__table_003",,e2e_grounding_test_official_raw_distance_ctx_l2_ref_only_en_qwen3vl32b_run2.csv,openrouter,qwen/qwen3-vl-32b-instruct,1.410080097746527,-0.372197725666412
test_stage1_dn_0035,scene0142_00,distance,original,,,en,scene0142_00__chair_021,scene0142_00__chair_020,,0.1605832576751709,scene0142_00__cabinet_037,scene0142_00__table_006,scene0142_00__cabinet_045,scene0142_00__table_003,False,1.410080097746527,2.1056339740753174,,,"scene0142_00__cabinet_045, scene0142_00__table_003",,e2e_grounding_test_official_raw_distance_baseline_en_qwen3vl32b_run1.csv,openrouter,qwen/qwen3-vl-32b-instruct,1.410080097746527,-0.372197725666412
test_stage1_dn_0035,scene0142_00,distance,context,2.0,all,en,scene0142_00__chair_021,scene0142_00__chair_020,,0.1605832576751709,scene0142_00__cabinet_037,scene0142_00__table_006,scene0142_00__cabinet_045,scene0142_00__table_003,False,1.410080097746527,2.1056339740753174,,,"scene0142_00__cabinet_045, scene0142_00__table_003",,e2e_grounding_test_official_raw_distance_ctx_l2_en_qwen3vl32b_run2.csv,openrouter,qwen/qwen3-vl-32b-instruct,1.410080097746527,-0.372197725666412
test_stage1_dn_0035,scene0142_00,distance,context,1.0,all,en,scene0142_00__chair_021,scene0142_00__chair_020,,0.1605832576751709,scene0142_00__cabinet_037,scene0142_00__table_006,scene0142_00__cabinet_045,scene0142_00__table_003,False,1.410080097746527,2.1056339740753174,,,"scene0142_00__cabinet_045, scene0142_00__table_003",,e2e_grounding_test_official_raw_distance_ctx_l1_en_qwen3vl32b_run1.csv,openrouter,qwen/qwen3-vl-32b-instruct,1.410080097746527,-0.372197725666412
test_stage1_dn_0035,scene0142_00,distance,original,,,en,scene0142_00__chair_021,scene0142_00__chair_020,,0.1605832576751709,scene0142_00__cabinet_037,scene0142_00__table_006,scene0142_00__cabinet_045,scene0142_00__table_003,False,1.410080097746527,2.1056339740753174,,,"scene0142_00__cabinet_045, scene0142_00__table_003",,e2e_grounding_test_official_raw_distance_baseline_en_qwen3vl8b_run1.csv,openrouter,qwen/qwen3-vl-8b-instruct,1.410080097746527,-0.372197725666412
test_stage1_dn_0031,scene0141_00,distance,context,2.0,all,en,scene0141_00__chair_008,scene0141_00__monitor_014,,0.3524557948112488,scene0141_00__cabinet_057,scene0141_00__desk_012,scene0141_00__cabinet_040,scene0141_00__desk_011,False,1.4283215874191777,2.1475234031677246,,,"scene0141_00__cabinet_040, scene0141_00__desk_011",,e2e_grounding_test_official_raw_distance_ctx_l2_en_qwen3vl8b_run2.csv,openrouter,qwen/qwen3-vl-8b-instruct,1.4283215874191777,-0.3947880172169553
test_stage1_dn_0000,scene0008_00,distance,context,3.0,all,en,scene0008_00__sofa_000,scene0008_00__door_010,,0.4495985805988312,scene0008_00__monitor_029,scene0008_00__table_032,scene0008_00__monitor_029,scene0008_00__table_007,False,1.4359257969214685,2.30340576171875,,,"scene0008_00__monitor_029, scene0008_00__table_007",,e2e_grounding_test_official_raw_distance_ctx_l3_en_run2.csv,,,1.4359257969214685,-0.40440161919020473
test_stage1_dn_0000,scene0008_00,distance,context,1.0,all,en,scene0008_00__sofa_000,scene0008_00__door_010,,0.4495985805988312,scene0008_00__monitor_029,scene0008_00__table_032,scene0008_00__monitor_029,scene0008_00__table_007,False,1.4359257969214685,2.30340576171875,,,"scene0008_00__monitor_029, scene0008_00__table_007",,e2e_grounding_test_official_raw_distance_ctx_l1_en.csv,,,1.4359257969214685,-0.40440161919020473
test_stage1_dn_0028,scene0138_00,distance,original,,,en,scene0138_00__cabinet_038,scene0138_00__chair_023,,0.1779582500457763,scene0138_00__desk_018,scene0138_00__monitor_005,scene0138_00__desk_035,scene0138_00__monitor_037,False,1.4435527901511889,2.6012704372406006,,,"scene0138_00__desk_035, scene0138_00__monitor_037",,e2e_grounding_test_official_raw_distance_baseline_en_qwen3vl235b_run1.csv,openrouter,qwen/qwen3-vl-235b-a22b-instruct,1.4435527901511889,-0.4141601937113801
test_stage1_dn_0024,scene0132_00,distance,context,1.0,all,en,scene0132_00__chair_016,scene0132_00__chair_007,,0.2692267298698425,scene0132_00__sofa_002,scene0132_00__table_010,scene0132_00__sofa_002,scene0132_00__table_012,False,1.468912671596572,2.1174309253692627,,,"scene0132_00__sofa_002, scene0132_00__table_012",,e2e_grounding_test_official_raw_distance_ctx_l1_en_qwen3vl32b_run2.csv,openrouter,qwen/qwen3-vl-32b-instruct,1.468912671596572,-0.4474441622224632
test_stage1_dn_0024,scene0132_00,distance,context,1.0,all,en,scene0132_00__chair_016,scene0132_00__chair_007,,0.2692267298698425,scene0132_00__sofa_002,scene0132_00__table_010,scene0132_00__sofa_002,scene0132_00__table_012,False,1.468912671596572,2.1174309253692627,,,"scene0132_00__sofa_002, scene0132_00__table_012",,e2e_grounding_test_official_raw_distance_ctx_l1_en_qwen3vl32b_run1.csv,openrouter,qwen/qwen3-vl-32b-instruct,1.468912671596572,-0.4474441622224632
test_stage1_dn_0014,scene0095_00,distance,context,1.0,all,en,scene0095_00__door_057,scene0095_00__table_017,,0.3191365003585815,scene0095_00__chair_035,scene0095_00__monitor_018,scene0095_00__chair_039,scene0095_00__monitor_004,False,1.486950341551508,1.9648925065994265,,,"scene0095_00__chair_039, scene0095_00__monitor_004",,e2e_grounding_test_official_raw_distance_ctx_l1_en_run2.csv,,,1.486950341551508,-0.4719007717577334
test_stage1_dn_0014,scene0095_00,distance,context,2.0,all,en,scene0095_00__door_057,scene0095_00__table_017,,0.3191365003585815,scene0095_00__chair_035,scene0095_00__monitor_018,scene0095_00__chair_039,scene0095_00__monitor_004,False,1.486950341551508,1.9648925065994265,,,"scene0095_00__chair_039, scene0095_00__monitor_004",,e2e_grounding_test_official_raw_distance_ctx_l2_en.csv,,,1.486950341551508,-0.4719007717577334
test_stage1_dn_0014,scene0095_00,distance,context,1.0,all,en,scene0095_00__door_057,scene0095_00__table_017,,0.3191365003585815,scene0095_00__chair_035,scene0095_00__monitor_018,scene0095_00__chair_039,scene0095_00__monitor_004,False,1.486950341551508,1.9648925065994265,,,"scene0095_00__chair_039, scene0095_00__monitor_004",,e2e_grounding_test_official_raw_distance_ctx_l1_en.csv,,,1.486950341551508,-0.4719007717577334
test_stage1_dn_0014,scene0095_00,distance,context,2.0,all,en,scene0095_00__door_057,scene0095_00__table_017,,0.3191365003585815,scene0095_00__chair_035,scene0095_00__monitor_018,scene0095_00__chair_039,scene0095_00__monitor_004,False,1.486950341551508,1.9648925065994265,,,"scene0095_00__chair_039, scene0095_00__monitor_004",,e2e_grounding_test_official_raw_distance_ctx_l2_en_run2.csv,,,1.486950341551508,-0.4719007717577334
test_stage1_dn_0014,scene0095_00,distance,context,1.0,all,en,scene0095_00__door_057,scene0095_00__table_017,,0.3191365003585815,scene0095_00__chair_035,scene0095_00__monitor_018,scene0095_00__chair_039,scene0095_00__monitor_004,False,1.486950341551508,1.9648925065994265,,,"scene0095_00__chair_039, scene0095_00__monitor_004",,e2e_grounding_test_official_raw_distance_ctx_l1_en_qwen3vl8b_run1.csv,openrouter,qwen/qwen3-vl-8b-instruct,1.486950341551508,-0.4719007717577334
test_stage1_dn_0014,scene0095_00,distance,context,1.0,all,en,scene0095_00__door_057,scene0095_00__table_017,,0.3191365003585815,scene0095_00__chair_035,scene0095_00__monitor_018,scene0095_00__chair_039,scene0095_00__monitor_004,False,1.486950341551508,1.9648925065994265,,,"scene0095_00__chair_039, scene0095_00__monitor_004",,e2e_grounding_test_official_raw_distance_ctx_l1_en_qwen3vl8b_run2.csv,openrouter,qwen/qwen3-vl-8b-instruct,1.486950341551508,-0.4719007717577334
