scene_id,object_id,label_norm,n_points,centroid_x,centroid_y,centroid_z,extent_x,extent_y,extent_z
scene0051_01,scene0051_01__bed_017,bed,9247,1.3326075077056885,2.785174608230591,0.7533940076828003,1.6934911012649536,2.36258316040039,1.123806715011597
scene0051_01,scene0051_01__cabinet_011,cabinet,3686,0.4046986997127533,5.164983749389648,0.9513792395591736,0.49322310090065,0.8434982299804688,1.162212371826172
scene0051_01,scene0051_01__chair_004,chair,3632,2.01234769821167,4.73541784286499,0.6569903492927551,0.57491135597229,0.728363037109375,1.068026781082153
scene0051_01,scene0051_01__chair_005,chair,1627,3.0210351943969727,4.8247480392456055,0.6707687377929688,0.5529520511627197,0.5568737983703613,0.5454452037811279
scene0051_01,scene0051_01__desk_022,desk,3305,2.156623601913452,5.336419105529785,0.8065590262413025,1.6568574905395508,0.9615216255187988,0.8374477624893188
scene0051_01,scene0051_01__door_023,door,2350,3.673641204833984,1.3501285314559937,1.0176163911819458,0.2688102722167969,0.8695054650306702,1.718134880065918
scene0051_01,scene0051_01__door_024,door,4462,3.926849842071533,3.082527875900269,1.1959384679794312,0.6010644435882568,0.7800376415252686,1.7708818912506104
scene0051_01,scene0051_01__door_045,door,2370,4.064236164093018,1.8510807752609253,1.2234901189804075,0.8795967102050781,0.3612586259841919,1.758020043373108
scene0051_01,scene0051_01__monitor_026,monitor,1241,1.9507020711898804,5.577792167663574,1.1683498620986938,0.5465297698974609,0.1719594001770019,0.4052225947380066
