query_id,scene_id,object_a,object_b,available_points_a,available_points_b,n_points_requested,seed,sampled_distance_m,full_point_distance_m,stored_gt_distance_m,abs_error_vs_full_m,abs_error_full_vs_stored_gt_m
test_stage1_dn_0000,scene0008_00,scene0008_00__monitor_029,scene0008_00__table_032,5174,1941,512,0,0.45601631258737213,0.4495985585007109,0.4495985805988312,0.0064177540866612315,2.2098120278091216e-08
test_stage1_dn_0000,scene0008_00,scene0008_00__monitor_029,scene0008_00__table_032,5174,1941,512,1,0.4517051480708475,0.4495985585007109,0.4495985805988312,0.0021065895701365966,2.2098120278091216e-08
test_stage1_dn_0000,scene0008_00,scene0008_00__monitor_029,scene0008_00__table_032,5174,1941,512,2,0.4517722333999813,0.4495985585007109,0.4495985805988312,0.0021736748992703947,2.2098120278091216e-08
test_stage1_dn_0000,scene0008_00,scene0008_00__monitor_029,scene0008_00__table_032,5174,1941,512,3,0.449872992704825,0.4495985585007109,0.4495985805988312,0.0002744342041141046,2.2098120278091216e-08
test_stage1_dn_0000,scene0008_00,scene0008_00__monitor_029,scene0008_00__table_032,5174,1941,512,4,0.4514719775819653,0.4495985585007109,0.4495985805988312,0.0018734190812543794,2.2098120278091216e-08
test_stage1_dn_0000,scene0008_00,scene0008_00__monitor_029,scene0008_00__table_032,5174,1941,1000,0,0.4520824321771499,0.4495985585007109,0.4495985805988312,0.0024838736764389857,2.2098120278091216e-08
test_stage1_dn_0000,scene0008_00,scene0008_00__monitor_029,scene0008_00__table_032,5174,1941,1000,1,0.4502446843635956,0.4495985585007109,0.4495985805988312,0.0006461258628847055,2.2098120278091216e-08
test_stage1_dn_0000,scene0008_00,scene0008_00__monitor_029,scene0008_00__table_032,5174,1941,1000,2,0.4566350145988567,0.4495985585007109,0.4495985805988312,0.0070364560981457935,2.2098120278091216e-08
test_stage1_dn_0000,scene0008_00,scene0008_00__monitor_029,scene0008_00__table_032,5174,1941,1000,3,0.45207869170754844,0.4495985585007109,0.4495985805988312,0.0024801332068375426,2.2098120278091216e-08
test_stage1_dn_0000,scene0008_00,scene0008_00__monitor_029,scene0008_00__table_032,5174,1941,1000,4,0.45287911291268107,0.4495985585007109,0.4495985805988312,0.0032805544119701713,2.2098120278091216e-08
test_stage1_dn_0000,scene0008_00,scene0008_00__monitor_029,scene0008_00__table_032,5174,1941,2000,0,0.44991652736532656,0.4495985585007109,0.4495985805988312,0.00031796886461565865,2.2098120278091216e-08
test_stage1_dn_0000,scene0008_00,scene0008_00__monitor_029,scene0008_00__table_032,5174,1941,2000,1,0.44991652736532656,0.4495985585007109,0.4495985805988312,0.00031796886461565865,2.2098120278091216e-08
test_stage1_dn_0000,scene0008_00,scene0008_00__monitor_029,scene0008_00__table_032,5174,1941,2000,2,0.44991652736532656,0.4495985585007109,0.4495985805988312,0.00031796886461565865,2.2098120278091216e-08
test_stage1_dn_0000,scene0008_00,scene0008_00__monitor_029,scene0008_00__table_032,5174,1941,2000,3,0.4495985585007109,0.4495985585007109,0.4495985805988312,0.0,2.2098120278091216e-08
test_stage1_dn_0000,scene0008_00,scene0008_00__monitor_029,scene0008_00__table_032,5174,1941,2000,4,0.44984946437265766,0.4495985585007109,0.4495985805988312,0.0002509058719467605,2.2098120278091216e-08
test_stage1_dn_0000,scene0008_00,scene0008_00__monitor_029,scene0008_00__table_032,5174,1941,5000,0,0.44984946437265766,0.4495985585007109,0.4495985805988312,0.0002509058719467605,2.2098120278091216e-08
test_stage1_dn_0000,scene0008_00,scene0008_00__monitor_029,scene0008_00__table_032,5174,1941,5000,1,0.44984946437265766,0.4495985585007109,0.4495985805988312,0.0002509058719467605,2.2098120278091216e-08
test_stage1_dn_0000,scene0008_00,scene0008_00__monitor_029,scene0008_00__table_032,5174,1941,5000,2,0.4495985585007109,0.4495985585007109,0.4495985805988312,0.0,2.2098120278091216e-08
test_stage1_dn_0000,scene0008_00,scene0008_00__monitor_029,scene0008_00__table_032,5174,1941,5000,3,0.4495985585007109,0.4495985585007109,0.4495985805988312,0.0,2.2098120278091216e-08
test_stage1_dn_0000,scene0008_00,scene0008_00__monitor_029,scene0008_00__table_032,5174,1941,5000,4,0.4495985585007109,0.4495985585007109,0.4495985805988312,0.0,2.2098120278091216e-08
test_stage1_dn_0000,scene0008_00,scene0008_00__monitor_029,scene0008_00__table_032,5174,1941,10000,0,0.4495985585007109,0.4495985585007109,0.4495985805988312,0.0,2.2098120278091216e-08
test_stage1_dn_0000,scene0008_00,scene0008_00__monitor_029,scene0008_00__table_032,5174,1941,10000,1,0.4495985585007109,0.4495985585007109,0.4495985805988312,0.0,2.2098120278091216e-08
test_stage1_dn_0000,scene0008_00,scene0008_00__monitor_029,scene0008_00__table_032,5174,1941,10000,2,0.4495985585007109,0.4495985585007109,0.4495985805988312,0.0,2.2098120278091216e-08
test_stage1_dn_0000,scene0008_00,scene0008_00__monitor_029,scene0008_00__table_032,5174,1941,10000,3,0.4495985585007109,0.4495985585007109,0.4495985805988312,0.0,2.2098120278091216e-08
test_stage1_dn_0000,scene0008_00,scene0008_00__monitor_029,scene0008_00__table_032,5174,1941,10000,4,0.4495985585007109,0.4495985585007109,0.4495985805988312,0.0,2.2098120278091216e-08
test_stage1_dn_0000,scene0008_00,scene0008_00__monitor_029,scene0008_00__table_032,5174,1941,20000,0,0.4495985585007109,0.4495985585007109,0.4495985805988312,0.0,2.2098120278091216e-08
test_stage1_dn_0000,scene0008_00,scene0008_00__monitor_029,scene0008_00__table_032,5174,1941,20000,1,0.4495985585007109,0.4495985585007109,0.4495985805988312,0.0,2.2098120278091216e-08
test_stage1_dn_0000,scene0008_00,scene0008_00__monitor_029,scene0008_00__table_032,5174,1941,20000,2,0.4495985585007109,0.4495985585007109,0.4495985805988312,0.0,2.2098120278091216e-08
test_stage1_dn_0000,scene0008_00,scene0008_00__monitor_029,scene0008_00__table_032,5174,1941,20000,3,0.4495985585007109,0.4495985585007109,0.4495985805988312,0.0,2.2098120278091216e-08
test_stage1_dn_0000,scene0008_00,scene0008_00__monitor_029,scene0008_00__table_032,5174,1941,20000,4,0.4495985585007109,0.4495985585007109,0.4495985805988312,0.0,2.2098120278091216e-08
test_stage1_dn_0001,scene0012_01,scene0012_01__chair_002,scene0012_01__table_008,4721,2131,512,0,0.5031964837368532,0.4960574505071725,0.4960574507713318,0.007139033229680736,2.641593055408009e-10
test_stage1_dn_0001,scene0012_01,scene0012_01__chair_002,scene0012_01__table_008,4721,2131,512,1,0.5111979739206449,0.4960574505071725,0.4960574507713318,0.01514052341347244,2.641593055408009e-10
test_stage1_dn_0001,scene0012_01,scene0012_01__chair_002,scene0012_01__table_008,4721,2131,512,2,0.5003213480929567,0.4960574505071725,0.4960574507713318,0.004263897585784215,2.641593055408009e-10
test_stage1_dn_0001,scene0012_01,scene0012_01__chair_002,scene0012_01__table_008,4721,2131,512,3,0.5099540642389983,0.4960574505071725,0.4960574507713318,0.013896613731825769,2.641593055408009e-10
test_stage1_dn_0001,scene0012_01,scene0012_01__chair_002,scene0012_01__table_008,4721,2131,512,4,0.517887029829597,0.4960574505071725,0.4960574507713318,0.02182957932242452,2.641593055408009e-10
test_stage1_dn_0001,scene0012_01,scene0012_01__chair_002,scene0012_01__table_008,4721,2131,1000,0,0.5003683925827564,0.4960574505071725,0.4960574507713318,0.004310942075583968,2.641593055408009e-10
test_stage1_dn_0001,scene0012_01,scene0012_01__chair_002,scene0012_01__table_008,4721,2131,1000,1,0.5038480505229272,0.4960574505071725,0.4960574507713318,0.007790600015754767,2.641593055408009e-10
test_stage1_dn_0001,scene0012_01,scene0012_01__chair_002,scene0012_01__table_008,4721,2131,1000,2,0.4988672993273871,0.4960574505071725,0.4960574507713318,0.002809848820214622,2.641593055408009e-10
test_stage1_dn_0001,scene0012_01,scene0012_01__chair_002,scene0012_01__table_008,4721,2131,1000,3,0.4960574505071725,0.4960574505071725,0.4960574507713318,0.0,2.641593055408009e-10
test_stage1_dn_0001,scene0012_01,scene0012_01__chair_002,scene0012_01__table_008,4721,2131,1000,4,0.5025922068709546,0.4960574505071725,0.4960574507713318,0.006534756363782146,2.641593055408009e-10
test_stage1_dn_0001,scene0012_01,scene0012_01__chair_002,scene0012_01__table_008,4721,2131,2000,0,0.4960574505071725,0.4960574505071725,0.4960574507713318,0.0,2.641593055408009e-10
test_stage1_dn_0001,scene0012_01,scene0012_01__chair_002,scene0012_01__table_008,4721,2131,2000,1,0.4995552362905149,0.4960574505071725,0.4960574507713318,0.003497785783342422,2.641593055408009e-10
test_stage1_dn_0001,scene0012_01,scene0012_01__chair_002,scene0012_01__table_008,4721,2131,2000,2,0.4960574505071725,0.4960574505071725,0.4960574507713318,0.0,2.641593055408009e-10
test_stage1_dn_0001,scene0012_01,scene0012_01__chair_002,scene0012_01__table_008,4721,2131,2000,3,0.49957275070358415,0.4960574505071725,0.4960574507713318,0.0035153001964116637,2.641593055408009e-10
test_stage1_dn_0001,scene0012_01,scene0012_01__chair_002,scene0012_01__table_008,4721,2131,2000,4,0.49957275070358415,0.4960574505071725,0.4960574507713318,0.0035153001964116637,2.641593055408009e-10
test_stage1_dn_0001,scene0012_01,scene0012_01__chair_002,scene0012_01__table_008,4721,2131,5000,0,0.49957275070358415,0.4960574505071725,0.4960574507713318,0.0035153001964116637,2.641593055408009e-10
test_stage1_dn_0001,scene0012_01,scene0012_01__chair_002,scene0012_01__table_008,4721,2131,5000,1,0.49875807008891376,0.4960574505071725,0.4960574507713318,0.0027006195817412815,2.641593055408009e-10
test_stage1_dn_0001,scene0012_01,scene0012_01__chair_002,scene0012_01__table_008,4721,2131,5000,2,0.4960574505071725,0.4960574505071725,0.4960574507713318,0.0,2.641593055408009e-10
test_stage1_dn_0001,scene0012_01,scene0012_01__chair_002,scene0012_01__table_008,4721,2131,5000,3,0.4960574505071725,0.4960574505071725,0.4960574507713318,0.0,2.641593055408009e-10
test_stage1_dn_0001,scene0012_01,scene0012_01__chair_002,scene0012_01__table_008,4721,2131,5000,4,0.4960574505071725,0.4960574505071725,0.4960574507713318,0.0,2.641593055408009e-10
test_stage1_dn_0001,scene0012_01,scene0012_01__chair_002,scene0012_01__table_008,4721,2131,10000,0,0.4960574505071725,0.4960574505071725,0.4960574507713318,0.0,2.641593055408009e-10
test_stage1_dn_0001,scene0012_01,scene0012_01__chair_002,scene0012_01__table_008,4721,2131,10000,1,0.4960574505071725,0.4960574505071725,0.4960574507713318,0.0,2.641593055408009e-10
test_stage1_dn_0001,scene0012_01,scene0012_01__chair_002,scene0012_01__table_008,4721,2131,10000,2,0.4960574505071725,0.4960574505071725,0.4960574507713318,0.0,2.641593055408009e-10
test_stage1_dn_0001,scene0012_01,scene0012_01__chair_002,scene0012_01__table_008,4721,2131,10000,3,0.4960574505071725,0.4960574505071725,0.4960574507713318,0.0,2.641593055408009e-10
test_stage1_dn_0001,scene0012_01,scene0012_01__chair_002,scene0012_01__table_008,4721,2131,10000,4,0.4960574505071725,0.4960574505071725,0.4960574507713318,0.0,2.641593055408009e-10
test_stage1_dn_0001,scene0012_01,scene0012_01__chair_002,scene0012_01__table_008,4721,2131,20000,0,0.4960574505071725,0.4960574505071725,0.4960574507713318,0.0,2.641593055408009e-10
test_stage1_dn_0001,scene0012_01,scene0012_01__chair_002,scene0012_01__table_008,4721,2131,20000,1,0.4960574505071725,0.4960574505071725,0.4960574507713318,0.0,2.641593055408009e-10
test_stage1_dn_0001,scene0012_01,scene0012_01__chair_002,scene0012_01__table_008,4721,2131,20000,2,0.4960574505071725,0.4960574505071725,0.4960574507713318,0.0,2.641593055408009e-10
test_stage1_dn_0001,scene0012_01,scene0012_01__chair_002,scene0012_01__table_008,4721,2131,20000,3,0.4960574505071725,0.4960574505071725,0.4960574507713318,0.0,2.641593055408009e-10
test_stage1_dn_0001,scene0012_01,scene0012_01__chair_002,scene0012_01__table_008,4721,2131,20000,4,0.4960574505071725,0.4960574505071725,0.4960574507713318,0.0,2.641593055408009e-10
test_stage1_dn_0002,scene0012_01,scene0012_01__door_032,scene0012_01__table_008,2918,2131,512,0,0.6274913440899822,0.5864425716931904,0.5864425897598267,0.04104877239679183,1.8066636298108563e-08
test_stage1_dn_0002,scene0012_01,scene0012_01__door_032,scene0012_01__table_008,2918,2131,512,1,0.6175952056071462,0.5864425716931904,0.5864425897598267,0.03115263391395584,1.8066636298108563e-08
test_stage1_dn_0002,scene0012_01,scene0012_01__door_032,scene0012_01__table_008,2918,2131,512,2,0.6566887626536347,0.5864425716931904,0.5864425897598267,0.07024619096044438,1.8066636298108563e-08
test_stage1_dn_0002,scene0012_01,scene0012_01__door_032,scene0012_01__table_008,2918,2131,512,3,0.6184544765199074,0.5864425716931904,0.5864425897598267,0.03201190482671701,1.8066636298108563e-08
test_stage1_dn_0002,scene0012_01,scene0012_01__door_032,scene0012_01__table_008,2918,2131,512,4,0.6405112159545925,0.5864425716931904,0.5864425897598267,0.05406864426140212,1.8066636298108563e-08
test_stage1_dn_0002,scene0012_01,scene0012_01__door_032,scene0012_01__table_008,2918,2131,1000,0,0.5936001010872061,0.5864425716931904,0.5864425897598267,0.007157529394015705,1.8066636298108563e-08
test_stage1_dn_0002,scene0012_01,scene0012_01__door_032,scene0012_01__table_008,2918,2131,1000,1,0.6228388041354077,0.5864425716931904,0.5864425897598267,0.03639623244221735,1.8066636298108563e-08
test_stage1_dn_0002,scene0012_01,scene0012_01__door_032,scene0012_01__table_008,2918,2131,1000,2,0.5864425716931904,0.5864425716931904,0.5864425897598267,0.0,1.8066636298108563e-08
test_stage1_dn_0002,scene0012_01,scene0012_01__door_032,scene0012_01__table_008,2918,2131,1000,3,0.5936001010872061,0.5864425716931904,0.5864425897598267,0.007157529394015705,1.8066636298108563e-08
test_stage1_dn_0002,scene0012_01,scene0012_01__door_032,scene0012_01__table_008,2918,2131,1000,4,0.5864425716931904,0.5864425716931904,0.5864425897598267,0.0,1.8066636298108563e-08
test_stage1_dn_0002,scene0012_01,scene0012_01__door_032,scene0012_01__table_008,2918,2131,2000,0,0.5864425716931904,0.5864425716931904,0.5864425897598267,0.0,1.8066636298108563e-08
test_stage1_dn_0002,scene0012_01,scene0012_01__door_032,scene0012_01__table_008,2918,2131,2000,1,0.5864425716931904,0.5864425716931904,0.5864425897598267,0.0,1.8066636298108563e-08
test_stage1_dn_0002,scene0012_01,scene0012_01__door_032,scene0012_01__table_008,2918,2131,2000,2,0.5864425716931904,0.5864425716931904,0.5864425897598267,0.0,1.8066636298108563e-08
test_stage1_dn_0002,scene0012_01,scene0012_01__door_032,scene0012_01__table_008,2918,2131,2000,3,0.5952653985308541,0.5864425716931904,0.5864425897598267,0.008822826837663778,1.8066636298108563e-08
test_stage1_dn_0002,scene0012_01,scene0012_01__door_032,scene0012_01__table_008,2918,2131,2000,4,0.5970470484350482,0.5864425716931904,0.5864425897598267,0.010604476741857827,1.8066636298108563e-08
test_stage1_dn_0002,scene0012_01,scene0012_01__door_032,scene0012_01__table_008,2918,2131,5000,0,0.5864425716931904,0.5864425716931904,0.5864425897598267,0.0,1.8066636298108563e-08
test_stage1_dn_0002,scene0012_01,scene0012_01__door_032,scene0012_01__table_008,2918,2131,5000,1,0.5864425716931904,0.5864425716931904,0.5864425897598267,0.0,1.8066636298108563e-08
test_stage1_dn_0002,scene0012_01,scene0012_01__door_032,scene0012_01__table_008,2918,2131,5000,2,0.5864425716931904,0.5864425716931904,0.5864425897598267,0.0,1.8066636298108563e-08
test_stage1_dn_0002,scene0012_01,scene0012_01__door_032,scene0012_01__table_008,2918,2131,5000,3,0.5970470484350482,0.5864425716931904,0.5864425897598267,0.010604476741857827,1.8066636298108563e-08
test_stage1_dn_0002,scene0012_01,scene0012_01__door_032,scene0012_01__table_008,2918,2131,5000,4,0.5952653985308541,0.5864425716931904,0.5864425897598267,0.008822826837663778,1.8066636298108563e-08
test_stage1_dn_0002,scene0012_01,scene0012_01__door_032,scene0012_01__table_008,2918,2131,10000,0,0.5864425716931904,0.5864425716931904,0.5864425897598267,0.0,1.8066636298108563e-08
test_stage1_dn_0002,scene0012_01,scene0012_01__door_032,scene0012_01__table_008,2918,2131,10000,1,0.5864425716931904,0.5864425716931904,0.5864425897598267,0.0,1.8066636298108563e-08
test_stage1_dn_0002,scene0012_01,scene0012_01__door_032,scene0012_01__table_008,2918,2131,10000,2,0.5864425716931904,0.5864425716931904,0.5864425897598267,0.0,1.8066636298108563e-08
test_stage1_dn_0002,scene0012_01,scene0012_01__door_032,scene0012_01__table_008,2918,2131,10000,3,0.5970470484350482,0.5864425716931904,0.5864425897598267,0.010604476741857827,1.8066636298108563e-08
test_stage1_dn_0002,scene0012_01,scene0012_01__door_032,scene0012_01__table_008,2918,2131,10000,4,0.5864425716931904,0.5864425716931904,0.5864425897598267,0.0,1.8066636298108563e-08
test_stage1_dn_0002,scene0012_01,scene0012_01__door_032,scene0012_01__table_008,2918,2131,20000,0,0.5864425716931904,0.5864425716931904,0.5864425897598267,0.0,1.8066636298108563e-08
test_stage1_dn_0002,scene0012_01,scene0012_01__door_032,scene0012_01__table_008,2918,2131,20000,1,0.5864425716931904,0.5864425716931904,0.5864425897598267,0.0,1.8066636298108563e-08
test_stage1_dn_0002,scene0012_01,scene0012_01__door_032,scene0012_01__table_008,2918,2131,20000,2,0.5864425716931904,0.5864425716931904,0.5864425897598267,0.0,1.8066636298108563e-08
test_stage1_dn_0002,scene0012_01,scene0012_01__door_032,scene0012_01__table_008,2918,2131,20000,3,0.5864425716931904,0.5864425716931904,0.5864425897598267,0.0,1.8066636298108563e-08
test_stage1_dn_0002,scene0012_01,scene0012_01__door_032,scene0012_01__table_008,2918,2131,20000,4,0.5864425716931904,0.5864425716931904,0.5864425897598267,0.0,1.8066636298108563e-08
test_stage1_dn_0003,scene0050_02,scene0050_02__chair_000,scene0050_02__desk_003,7443,4343,512,0,0.20449708339870476,0.1923689553116965,0.1923689544200897,0.01212812808700825,8.916068161557433e-10
test_stage1_dn_0003,scene0050_02,scene0050_02__chair_000,scene0050_02__desk_003,7443,4343,512,1,0.19292964903760665,0.1923689553116965,0.1923689544200897,0.0005606937259101386,8.916068161557433e-10
test_stage1_dn_0003,scene0050_02,scene0050_02__chair_000,scene0050_02__desk_003,7443,4343,512,2,0.20358959447854855,0.1923689553116965,0.1923689544200897,0.011220639166852037,8.916068161557433e-10
test_stage1_dn_0003,scene0050_02,scene0050_02__chair_000,scene0050_02__desk_003,7443,4343,512,3,0.2178911776464689,0.1923689553116965,0.1923689544200897,0.025522222334772388,8.916068161557433e-10
test_stage1_dn_0003,scene0050_02,scene0050_02__chair_000,scene0050_02__desk_003,7443,4343,512,4,0.20276440157045952,0.1923689553116965,0.1923689544200897,0.010395446258763014,8.916068161557433e-10
test_stage1_dn_0003,scene0050_02,scene0050_02__chair_000,scene0050_02__desk_003,7443,4343,1000,0,0.2004488689893378,0.1923689553116965,0.1923689544200897,0.008079913677641298,8.916068161557433e-10
test_stage1_dn_0003,scene0050_02,scene0050_02__chair_000,scene0050_02__desk_003,7443,4343,1000,1,0.19874757871528193,0.1923689553116965,0.1923689544200897,0.006378623403585415,8.916068161557433e-10
test_stage1_dn_0003,scene0050_02,scene0050_02__chair_000,scene0050_02__desk_003,7443,4343,1000,2,0.1970331225294448,0.1923689553116965,0.1923689544200897,0.0046641672177482885,8.916068161557433e-10
test_stage1_dn_0003,scene0050_02,scene0050_02__chair_000,scene0050_02__desk_003,7443,4343,1000,3,0.19454429899641543,0.1923689553116965,0.1923689544200897,0.0021753436847189167,8.916068161557433e-10
test_stage1_dn_0003,scene0050_02,scene0050_02__chair_000,scene0050_02__desk_003,7443,4343,1000,4,0.19292964903760665,0.1923689553116965,0.1923689544200897,0.0005606937259101386,8.916068161557433e-10
test_stage1_dn_0003,scene0050_02,scene0050_02__chair_000,scene0050_02__desk_003,7443,4343,2000,0,0.1994096492863843,0.1923689553116965,0.1923689544200897,0.0070406939746877895,8.916068161557433e-10
test_stage1_dn_0003,scene0050_02,scene0050_02__chair_000,scene0050_02__desk_003,7443,4343,2000,1,0.1923689553116965,0.1923689553116965,0.1923689544200897,0.0,8.916068161557433e-10
test_stage1_dn_0003,scene0050_02,scene0050_02__chair_000,scene0050_02__desk_003,7443,4343,2000,2,0.1942693653125873,0.1923689553116965,0.1923689544200897,0.0019004100008907787,8.916068161557433e-10
test_stage1_dn_0003,scene0050_02,scene0050_02__chair_000,scene0050_02__desk_003,7443,4343,2000,3,0.19394715566157456,0.1923689553116965,0.1923689544200897,0.001578200349878045,8.916068161557433e-10
test_stage1_dn_0003,scene0050_02,scene0050_02__chair_000,scene0050_02__desk_003,7443,4343,2000,4,0.19391198937645235,0.1923689553116965,0.1923689544200897,0.0015430340647558383,8.916068161557433e-10
test_stage1_dn_0003,scene0050_02,scene0050_02__chair_000,scene0050_02__desk_003,7443,4343,5000,0,0.1942693653125873,0.1923689553116965,0.1923689544200897,0.0019004100008907787,8.916068161557433e-10
test_stage1_dn_0003,scene0050_02,scene0050_02__chair_000,scene0050_02__desk_003,7443,4343,5000,1,0.19391198937645235,0.1923689553116965,0.1923689544200897,0.0015430340647558383,8.916068161557433e-10
test_stage1_dn_0003,scene0050_02,scene0050_02__chair_000,scene0050_02__desk_003,7443,4343,5000,2,0.19292964903760665,0.1923689553116965,0.1923689544200897,0.0005606937259101386,8.916068161557433e-10
test_stage1_dn_0003,scene0050_02,scene0050_02__chair_000,scene0050_02__desk_003,7443,4343,5000,3,0.1923689553116965,0.1923689553116965,0.1923689544200897,0.0,8.916068161557433e-10
test_stage1_dn_0003,scene0050_02,scene0050_02__chair_000,scene0050_02__desk_003,7443,4343,5000,4,0.19394715566157456,0.1923689553116965,0.1923689544200897,0.001578200349878045,8.916068161557433e-10
test_stage1_dn_0003,scene0050_02,scene0050_02__chair_000,scene0050_02__desk_003,7443,4343,10000,0,0.19394715566157456,0.1923689553116965,0.1923689544200897,0.001578200349878045,8.916068161557433e-10
test_stage1_dn_0003,scene0050_02,scene0050_02__chair_000,scene0050_02__desk_003,7443,4343,10000,1,0.1923689553116965,0.1923689553116965,0.1923689544200897,0.0,8.916068161557433e-10
test_stage1_dn_0003,scene0050_02,scene0050_02__chair_000,scene0050_02__desk_003,7443,4343,10000,2,0.1923689553116965,0.1923689553116965,0.1923689544200897,0.0,8.916068161557433e-10
test_stage1_dn_0003,scene0050_02,scene0050_02__chair_000,scene0050_02__desk_003,7443,4343,10000,3,0.1923689553116965,0.1923689553116965,0.1923689544200897,0.0,8.916068161557433e-10
test_stage1_dn_0003,scene0050_02,scene0050_02__chair_000,scene0050_02__desk_003,7443,4343,10000,4,0.19394715566157456,0.1923689553116965,0.1923689544200897,0.001578200349878045,8.916068161557433e-10
test_stage1_dn_0003,scene0050_02,scene0050_02__chair_000,scene0050_02__desk_003,7443,4343,20000,0,0.1923689553116965,0.1923689553116965,0.1923689544200897,0.0,8.916068161557433e-10
test_stage1_dn_0003,scene0050_02,scene0050_02__chair_000,scene0050_02__desk_003,7443,4343,20000,1,0.1923689553116965,0.1923689553116965,0.1923689544200897,0.0,8.916068161557433e-10
test_stage1_dn_0003,scene0050_02,scene0050_02__chair_000,scene0050_02__desk_003,7443,4343,20000,2,0.1923689553116965,0.1923689553116965,0.1923689544200897,0.0,8.916068161557433e-10
test_stage1_dn_0003,scene0050_02,scene0050_02__chair_000,scene0050_02__desk_003,7443,4343,20000,3,0.1923689553116965,0.1923689553116965,0.1923689544200897,0.0,8.916068161557433e-10
test_stage1_dn_0003,scene0050_02,scene0050_02__chair_000,scene0050_02__desk_003,7443,4343,20000,4,0.1923689553116965,0.1923689553116965,0.1923689544200897,0.0,8.916068161557433e-10
test_stage1_dn_0004,scene0050_02,scene0050_02__sofa_005,scene0050_02__table_011,8320,3777,512,0,0.1753087475290661,0.16706469218811415,0.1670646965503692,0.008244055340951961,4.3622550571775776e-09
test_stage1_dn_0004,scene0050_02,scene0050_02__sofa_005,scene0050_02__table_011,8320,3777,512,1,0.16887783381527688,0.16706469218811415,0.1670646965503692,0.0018131416271627288,4.3622550571775776e-09
test_stage1_dn_0004,scene0050_02,scene0050_02__sofa_005,scene0050_02__table_011,8320,3777,512,2,0.17003580664920576,0.16706469218811415,0.1670646965503692,0.0029711144610916063,4.3622550571775776e-09
test_stage1_dn_0004,scene0050_02,scene0050_02__sofa_005,scene0050_02__table_011,8320,3777,512,3,0.17182057112824867,0.16706469218811415,0.1670646965503692,0.004755878940134517,4.3622550571775776e-09
test_stage1_dn_0004,scene0050_02,scene0050_02__sofa_005,scene0050_02__table_011,8320,3777,512,4,0.17116459706464981,0.16706469218811415,0.1670646965503692,0.004099904876535665,4.3622550571775776e-09
test_stage1_dn_0004,scene0050_02,scene0050_02__sofa_005,scene0050_02__table_011,8320,3777,1000,0,0.16918166072210244,0.16706469218811415,0.1670646965503692,0.002116968533988295,4.3622550571775776e-09
test_stage1_dn_0004,scene0050_02,scene0050_02__sofa_005,scene0050_02__table_011,8320,3777,1000,1,0.17185006844081366,0.16706469218811415,0.1670646965503692,0.004785376252699508,4.3622550571775776e-09
test_stage1_dn_0004,scene0050_02,scene0050_02__sofa_005,scene0050_02__table_011,8320,3777,1000,2,0.16922839631373982,0.16706469218811415,0.1670646965503692,0.002163704125625665,4.3622550571775776e-09
test_stage1_dn_0004,scene0050_02,scene0050_02__sofa_005,scene0050_02__table_011,8320,3777,1000,3,0.1680896869760159,0.16706469218811415,0.1670646965503692,0.0010249947879017451,4.3622550571775776e-09
test_stage1_dn_0004,scene0050_02,scene0050_02__sofa_005,scene0050_02__table_011,8320,3777,1000,4,0.172538222785744,0.16706469218811415,0.1670646965503692,0.005473530597629839,4.3622550571775776e-09
test_stage1_dn_0004,scene0050_02,scene0050_02__sofa_005,scene0050_02__table_011,8320,3777,2000,0,0.16899457292635756,0.16706469218811415,0.1670646965503692,0.0019298807382434058,4.3622550571775776e-09
test_stage1_dn_0004,scene0050_02,scene0050_02__sofa_005,scene0050_02__table_011,8320,3777,2000,1,0.16829318293439563,0.16706469218811415,0.1670646965503692,0.0012284907462814798,4.3622550571775776e-09
test_stage1_dn_0004,scene0050_02,scene0050_02__sofa_005,scene0050_02__table_011,8320,3777,2000,2,0.16886368016436987,0.16706469218811415,0.1670646965503692,0.001798987976255717,4.3622550571775776e-09
test_stage1_dn_0004,scene0050_02,scene0050_02__sofa_005,scene0050_02__table_011,8320,3777,2000,3,0.17067993488618835,0.16706469218811415,0.1670646965503692,0.0036152426980742003,4.3622550571775776e-09
test_stage1_dn_0004,scene0050_02,scene0050_02__sofa_005,scene0050_02__table_011,8320,3777,2000,4,0.1683584810852328,0.16706469218811415,0.1670646965503692,0.0012937888971186473,4.3622550571775776e-09
test_stage1_dn_0004,scene0050_02,scene0050_02__sofa_005,scene0050_02__table_011,8320,3777,5000,0,0.16706469218811415,0.16706469218811415,0.1670646965503692,0.0,4.3622550571775776e-09
test_stage1_dn_0004,scene0050_02,scene0050_02__sofa_005,scene0050_02__table_011,8320,3777,5000,1,0.1677021921365602,0.16706469218811415,0.1670646965503692,0.0006374999484460575,4.3622550571775776e-09
test_stage1_dn_0004,scene0050_02,scene0050_02__sofa_005,scene0050_02__table_011,8320,3777,5000,2,0.16706469218811415,0.16706469218811415,0.1670646965503692,0.0,4.3622550571775776e-09
test_stage1_dn_0004,scene0050_02,scene0050_02__sofa_005,scene0050_02__table_011,8320,3777,5000,3,0.1677021921365602,0.16706469218811415,0.1670646965503692,0.0006374999484460575,4.3622550571775776e-09
test_stage1_dn_0004,scene0050_02,scene0050_02__sofa_005,scene0050_02__table_011,8320,3777,5000,4,0.16706469218811415,0.16706469218811415,0.1670646965503692,0.0,4.3622550571775776e-09
test_stage1_dn_0004,scene0050_02,scene0050_02__sofa_005,scene0050_02__table_011,8320,3777,10000,0,0.16706469218811415,0.16706469218811415,0.1670646965503692,0.0,4.3622550571775776e-09
test_stage1_dn_0004,scene0050_02,scene0050_02__sofa_005,scene0050_02__table_011,8320,3777,10000,1,0.16706469218811415,0.16706469218811415,0.1670646965503692,0.0,4.3622550571775776e-09
test_stage1_dn_0004,scene0050_02,scene0050_02__sofa_005,scene0050_02__table_011,8320,3777,10000,2,0.16706469218811415,0.16706469218811415,0.1670646965503692,0.0,4.3622550571775776e-09
test_stage1_dn_0004,scene0050_02,scene0050_02__sofa_005,scene0050_02__table_011,8320,3777,10000,3,0.16706469218811415,0.16706469218811415,0.1670646965503692,0.0,4.3622550571775776e-09
test_stage1_dn_0004,scene0050_02,scene0050_02__sofa_005,scene0050_02__table_011,8320,3777,10000,4,0.16706469218811415,0.16706469218811415,0.1670646965503692,0.0,4.3622550571775776e-09
test_stage1_dn_0004,scene0050_02,scene0050_02__sofa_005,scene0050_02__table_011,8320,3777,20000,0,0.16706469218811415,0.16706469218811415,0.1670646965503692,0.0,4.3622550571775776e-09
test_stage1_dn_0004,scene0050_02,scene0050_02__sofa_005,scene0050_02__table_011,8320,3777,20000,1,0.16706469218811415,0.16706469218811415,0.1670646965503692,0.0,4.3622550571775776e-09
test_stage1_dn_0004,scene0050_02,scene0050_02__sofa_005,scene0050_02__table_011,8320,3777,20000,2,0.16706469218811415,0.16706469218811415,0.1670646965503692,0.0,4.3622550571775776e-09
test_stage1_dn_0004,scene0050_02,scene0050_02__sofa_005,scene0050_02__table_011,8320,3777,20000,3,0.16706469218811415,0.16706469218811415,0.1670646965503692,0.0,4.3622550571775776e-09
test_stage1_dn_0004,scene0050_02,scene0050_02__sofa_005,scene0050_02__table_011,8320,3777,20000,4,0.16706469218811415,0.16706469218811415,0.1670646965503692,0.0,4.3622550571775776e-09
test_stage1_dn_0005,scene0066_00,scene0066_00__cabinet_003,scene0066_00__chair_019,2663,2214,512,0,0.843348657053168,0.8375847221231664,0.8375847339630127,0.005763934930001602,1.1839846325578662e-08
test_stage1_dn_0005,scene0066_00,scene0066_00__cabinet_003,scene0066_00__chair_019,2663,2214,512,1,0.8432932152378149,0.8375847221231664,0.8375847339630127,0.005708493114648494,1.1839846325578662e-08
test_stage1_dn_0005,scene0066_00,scene0066_00__cabinet_003,scene0066_00__chair_019,2663,2214,512,2,0.8422213408122469,0.8375847221231664,0.8375847339630127,0.004636618689080496,1.1839846325578662e-08
test_stage1_dn_0005,scene0066_00,scene0066_00__cabinet_003,scene0066_00__chair_019,2663,2214,512,3,0.8418894863157583,0.8375847221231664,0.8375847339630127,0.004304764192591959,1.1839846325578662e-08
test_stage1_dn_0005,scene0066_00,scene0066_00__cabinet_003,scene0066_00__chair_019,2663,2214,512,4,0.8415045451530482,0.8375847221231664,0.8375847339630127,0.003919823029881808,1.1839846325578662e-08
test_stage1_dn_0005,scene0066_00,scene0066_00__cabinet_003,scene0066_00__chair_019,2663,2214,1000,0,0.8411516689592371,0.8375847221231664,0.8375847339630127,0.003566946836070728,1.1839846325578662e-08
test_stage1_dn_0005,scene0066_00,scene0066_00__cabinet_003,scene0066_00__chair_019,2663,2214,1000,1,0.8437087135454413,0.8375847221231664,0.8375847339630127,0.0061239914222749325,1.1839846325578662e-08
test_stage1_dn_0005,scene0066_00,scene0066_00__cabinet_003,scene0066_00__chair_019,2663,2214,1000,2,0.8457836513292895,0.8375847221231664,0.8375847339630127,0.008198929206123085,1.1839846325578662e-08
test_stage1_dn_0005,scene0066_00,scene0066_00__cabinet_003,scene0066_00__chair_019,2663,2214,1000,3,0.8429831469979872,0.8375847221231664,0.8375847339630127,0.005398424874820784,1.1839846325578662e-08
test_stage1_dn_0005,scene0066_00,scene0066_00__cabinet_003,scene0066_00__chair_019,2663,2214,1000,4,0.8415045451530482,0.8375847221231664,0.8375847339630127,0.003919823029881808,1.1839846325578662e-08
test_stage1_dn_0005,scene0066_00,scene0066_00__cabinet_003,scene0066_00__chair_019,2663,2214,2000,0,0.8375847221231664,0.8375847221231664,0.8375847339630127,0.0,1.1839846325578662e-08
test_stage1_dn_0005,scene0066_00,scene0066_00__cabinet_003,scene0066_00__chair_019,2663,2214,2000,1,0.8375847221231664,0.8375847221231664,0.8375847339630127,0.0,1.1839846325578662e-08
test_stage1_dn_0005,scene0066_00,scene0066_00__cabinet_003,scene0066_00__chair_019,2663,2214,2000,2,0.8375847221231664,0.8375847221231664,0.8375847339630127,0.0,1.1839846325578662e-08
test_stage1_dn_0005,scene0066_00,scene0066_00__cabinet_003,scene0066_00__chair_019,2663,2214,2000,3,0.8384431004291244,0.8375847221231664,0.8375847339630127,0.0008583783059580297,1.1839846325578662e-08
test_stage1_dn_0005,scene0066_00,scene0066_00__cabinet_003,scene0066_00__chair_019,2663,2214,2000,4,0.8403918705970063,0.8375847221231664,0.8375847339630127,0.0028071484738398933,1.1839846325578662e-08
test_stage1_dn_0005,scene0066_00,scene0066_00__cabinet_003,scene0066_00__chair_019,2663,2214,5000,0,0.8375847221231664,0.8375847221231664,0.8375847339630127,0.0,1.1839846325578662e-08
test_stage1_dn_0005,scene0066_00,scene0066_00__cabinet_003,scene0066_00__chair_019,2663,2214,5000,1,0.8375847221231664,0.8375847221231664,0.8375847339630127,0.0,1.1839846325578662e-08
test_stage1_dn_0005,scene0066_00,scene0066_00__cabinet_003,scene0066_00__chair_019,2663,2214,5000,2,0.8375847221231664,0.8375847221231664,0.8375847339630127,0.0,1.1839846325578662e-08
test_stage1_dn_0005,scene0066_00,scene0066_00__cabinet_003,scene0066_00__chair_019,2663,2214,5000,3,0.8375847221231664,0.8375847221231664,0.8375847339630127,0.0,1.1839846325578662e-08
test_stage1_dn_0005,scene0066_00,scene0066_00__cabinet_003,scene0066_00__chair_019,2663,2214,5000,4,0.8375847221231664,0.8375847221231664,0.8375847339630127,0.0,1.1839846325578662e-08
test_stage1_dn_0005,scene0066_00,scene0066_00__cabinet_003,scene0066_00__chair_019,2663,2214,10000,0,0.8375847221231664,0.8375847221231664,0.8375847339630127,0.0,1.1839846325578662e-08
test_stage1_dn_0005,scene0066_00,scene0066_00__cabinet_003,scene0066_00__chair_019,2663,2214,10000,1,0.8375847221231664,0.8375847221231664,0.8375847339630127,0.0,1.1839846325578662e-08
test_stage1_dn_0005,scene0066_00,scene0066_00__cabinet_003,scene0066_00__chair_019,2663,2214,10000,2,0.8375847221231664,0.8375847221231664,0.8375847339630127,0.0,1.1839846325578662e-08
test_stage1_dn_0005,scene0066_00,scene0066_00__cabinet_003,scene0066_00__chair_019,2663,2214,10000,3,0.8375847221231664,0.8375847221231664,0.8375847339630127,0.0,1.1839846325578662e-08
test_stage1_dn_0005,scene0066_00,scene0066_00__cabinet_003,scene0066_00__chair_019,2663,2214,10000,4,0.8375847221231664,0.8375847221231664,0.8375847339630127,0.0,1.1839846325578662e-08
test_stage1_dn_0005,scene0066_00,scene0066_00__cabinet_003,scene0066_00__chair_019,2663,2214,20000,0,0.8375847221231664,0.8375847221231664,0.8375847339630127,0.0,1.1839846325578662e-08
test_stage1_dn_0005,scene0066_00,scene0066_00__cabinet_003,scene0066_00__chair_019,2663,2214,20000,1,0.8375847221231664,0.8375847221231664,0.8375847339630127,0.0,1.1839846325578662e-08
test_stage1_dn_0005,scene0066_00,scene0066_00__cabinet_003,scene0066_00__chair_019,2663,2214,20000,2,0.8375847221231664,0.8375847221231664,0.8375847339630127,0.0,1.1839846325578662e-08
test_stage1_dn_0005,scene0066_00,scene0066_00__cabinet_003,scene0066_00__chair_019,2663,2214,20000,3,0.8375847221231664,0.8375847221231664,0.8375847339630127,0.0,1.1839846325578662e-08
test_stage1_dn_0005,scene0066_00,scene0066_00__cabinet_003,scene0066_00__chair_019,2663,2214,20000,4,0.8375847221231664,0.8375847221231664,0.8375847339630127,0.0,1.1839846325578662e-08
test_stage1_dn_0006,scene0066_00,scene0066_00__chair_007,scene0066_00__table_022,3610,7531,512,0,0.31933228696454746,0.2987791485634375,0.298779159784317,0.02055313840110995,1.12208795033375e-08
test_stage1_dn_0006,scene0066_00,scene0066_00__chair_007,scene0066_00__table_022,3610,7531,512,1,0.32644837393092846,0.2987791485634375,0.298779159784317,0.027669225367490946,1.12208795033375e-08
test_stage1_dn_0006,scene0066_00,scene0066_00__chair_007,scene0066_00__table_022,3610,7531,512,2,0.31909899658513496,0.2987791485634375,0.298779159784317,0.02031984802169745,1.12208795033375e-08
test_stage1_dn_0006,scene0066_00,scene0066_00__chair_007,scene0066_00__table_022,3610,7531,512,3,0.3110269555154273,0.2987791485634375,0.298779159784317,0.012247806951989793,1.12208795033375e-08
test_stage1_dn_0006,scene0066_00,scene0066_00__chair_007,scene0066_00__table_022,3610,7531,512,4,0.31633933780527596,0.2987791485634375,0.298779159784317,0.017560189241838442,1.12208795033375e-08
test_stage1_dn_0006,scene0066_00,scene0066_00__chair_007,scene0066_00__table_022,3610,7531,1000,0,0.314084423215608,0.2987791485634375,0.298779159784317,0.015305274652170464,1.12208795033375e-08
test_stage1_dn_0006,scene0066_00,scene0066_00__chair_007,scene0066_00__table_022,3610,7531,1000,1,0.3015946473531441,0.2987791485634375,0.298779159784317,0.0028154987897066053,1.12208795033375e-08
test_stage1_dn_0006,scene0066_00,scene0066_00__chair_007,scene0066_00__table_022,3610,7531,1000,2,0.301008339673169,0.2987791485634375,0.298779159784317,0.0022291911097314654,1.12208795033375e-08
test_stage1_dn_0006,scene0066_00,scene0066_00__chair_007,scene0066_00__table_022,3610,7531,1000,3,0.3070489897612935,0.2987791485634375,0.298779159784317,0.00826984119785601,1.12208795033375e-08
test_stage1_dn_0006,scene0066_00,scene0066_00__chair_007,scene0066_00__table_022,3610,7531,1000,4,0.31319255287191466,0.2987791485634375,0.298779159784317,0.014413404308477151,1.12208795033375e-08
test_stage1_dn_0006,scene0066_00,scene0066_00__chair_007,scene0066_00__table_022,3610,7531,2000,0,0.2987791485634375,0.2987791485634375,0.298779159784317,0.0,1.12208795033375e-08
test_stage1_dn_0006,scene0066_00,scene0066_00__chair_007,scene0066_00__table_022,3610,7531,2000,1,0.3029308586400885,0.2987791485634375,0.298779159784317,0.004151710076650994,1.12208795033375e-08
test_stage1_dn_0006,scene0066_00,scene0066_00__chair_007,scene0066_00__table_022,3610,7531,2000,2,0.2987880275945083,0.2987791485634375,0.298779159784317,8.879031070774257e-06,1.12208795033375e-08
test_stage1_dn_0006,scene0066_00,scene0066_00__chair_007,scene0066_00__table_022,3610,7531,2000,3,0.3070489897612935,0.2987791485634375,0.298779159784317,0.00826984119785601,1.12208795033375e-08
test_stage1_dn_0006,scene0066_00,scene0066_00__chair_007,scene0066_00__table_022,3610,7531,2000,4,0.2987791485634375,0.2987791485634375,0.298779159784317,0.0,1.12208795033375e-08
test_stage1_dn_0006,scene0066_00,scene0066_00__chair_007,scene0066_00__table_022,3610,7531,5000,0,0.298957956562029,0.2987791485634375,0.298779159784317,0.00017880799859149032,1.12208795033375e-08
test_stage1_dn_0006,scene0066_00,scene0066_00__chair_007,scene0066_00__table_022,3610,7531,5000,1,0.2987791485634375,0.2987791485634375,0.298779159784317,0.0,1.12208795033375e-08
test_stage1_dn_0006,scene0066_00,scene0066_00__chair_007,scene0066_00__table_022,3610,7531,5000,2,0.298957956562029,0.2987791485634375,0.298779159784317,0.00017880799859149032,1.12208795033375e-08
test_stage1_dn_0006,scene0066_00,scene0066_00__chair_007,scene0066_00__table_022,3610,7531,5000,3,0.2987791485634375,0.2987791485634375,0.298779159784317,0.0,1.12208795033375e-08
test_stage1_dn_0006,scene0066_00,scene0066_00__chair_007,scene0066_00__table_022,3610,7531,5000,4,0.2987791485634375,0.2987791485634375,0.298779159784317,0.0,1.12208795033375e-08
test_stage1_dn_0006,scene0066_00,scene0066_00__chair_007,scene0066_00__table_022,3610,7531,10000,0,0.2987791485634375,0.2987791485634375,0.298779159784317,0.0,1.12208795033375e-08
test_stage1_dn_0006,scene0066_00,scene0066_00__chair_007,scene0066_00__table_022,3610,7531,10000,1,0.2987880275945083,0.2987791485634375,0.298779159784317,8.879031070774257e-06,1.12208795033375e-08
test_stage1_dn_0006,scene0066_00,scene0066_00__chair_007,scene0066_00__table_022,3610,7531,10000,2,0.2987791485634375,0.2987791485634375,0.298779159784317,0.0,1.12208795033375e-08
test_stage1_dn_0006,scene0066_00,scene0066_00__chair_007,scene0066_00__table_022,3610,7531,10000,3,0.2987791485634375,0.2987791485634375,0.298779159784317,0.0,1.12208795033375e-08
test_stage1_dn_0006,scene0066_00,scene0066_00__chair_007,scene0066_00__table_022,3610,7531,10000,4,0.2987791485634375,0.2987791485634375,0.298779159784317,0.0,1.12208795033375e-08
test_stage1_dn_0006,scene0066_00,scene0066_00__chair_007,scene0066_00__table_022,3610,7531,20000,0,0.2987791485634375,0.2987791485634375,0.298779159784317,0.0,1.12208795033375e-08
test_stage1_dn_0006,scene0066_00,scene0066_00__chair_007,scene0066_00__table_022,3610,7531,20000,1,0.2987791485634375,0.2987791485634375,0.298779159784317,0.0,1.12208795033375e-08
test_stage1_dn_0006,scene0066_00,scene0066_00__chair_007,scene0066_00__table_022,3610,7531,20000,2,0.2987791485634375,0.2987791485634375,0.298779159784317,0.0,1.12208795033375e-08
test_stage1_dn_0006,scene0066_00,scene0066_00__chair_007,scene0066_00__table_022,3610,7531,20000,3,0.2987791485634375,0.2987791485634375,0.298779159784317,0.0,1.12208795033375e-08
test_stage1_dn_0006,scene0066_00,scene0066_00__chair_007,scene0066_00__table_022,3610,7531,20000,4,0.2987791485634375,0.2987791485634375,0.298779159784317,0.0,1.12208795033375e-08
test_stage1_dn_0007,scene0066_00,scene0066_00__chair_013,scene0066_00__door_032,1893,1495,512,0,0.45298555285915093,0.4286984376442316,0.4286984205245971,0.02428711521491933,1.7119634487805513e-08
test_stage1_dn_0007,scene0066_00,scene0066_00__chair_013,scene0066_00__door_032,1893,1495,512,1,0.4353258582059443,0.4286984376442316,0.4286984205245971,0.006627420561712727,1.7119634487805513e-08
test_stage1_dn_0007,scene0066_00,scene0066_00__chair_013,scene0066_00__door_032,1893,1495,512,2,0.4467408104834243,0.4286984376442316,0.4286984205245971,0.01804237283919269,1.7119634487805513e-08
test_stage1_dn_0007,scene0066_00,scene0066_00__chair_013,scene0066_00__door_032,1893,1495,512,3,0.4583845058127036,0.4286984376442316,0.4286984205245971,0.029686068168472024,1.7119634487805513e-08
test_stage1_dn_0007,scene0066_00,scene0066_00__chair_013,scene0066_00__door_032,1893,1495,512,4,0.4362866755486775,0.4286984376442316,0.4286984205245971,0.007588237904445905,1.7119634487805513e-08
test_stage1_dn_0007,scene0066_00,scene0066_00__chair_013,scene0066_00__door_032,1893,1495,1000,0,0.4286984376442316,0.4286984376442316,0.4286984205245971,0.0,1.7119634487805513e-08
test_stage1_dn_0007,scene0066_00,scene0066_00__chair_013,scene0066_00__door_032,1893,1495,1000,1,0.4286984376442316,0.4286984376442316,0.4286984205245971,0.0,1.7119634487805513e-08
test_stage1_dn_0007,scene0066_00,scene0066_00__chair_013,scene0066_00__door_032,1893,1495,1000,2,0.4395676140368043,0.4286984376442316,0.4286984205245971,0.010869176392572677,1.7119634487805513e-08
test_stage1_dn_0007,scene0066_00,scene0066_00__chair_013,scene0066_00__door_032,1893,1495,1000,3,0.4286984376442316,0.4286984376442316,0.4286984205245971,0.0,1.7119634487805513e-08
test_stage1_dn_0007,scene0066_00,scene0066_00__chair_013,scene0066_00__door_032,1893,1495,1000,4,0.4286984376442316,0.4286984376442316,0.4286984205245971,0.0,1.7119634487805513e-08
test_stage1_dn_0007,scene0066_00,scene0066_00__chair_013,scene0066_00__door_032,1893,1495,2000,0,0.4286984376442316,0.4286984376442316,0.4286984205245971,0.0,1.7119634487805513e-08
test_stage1_dn_0007,scene0066_00,scene0066_00__chair_013,scene0066_00__door_032,1893,1495,2000,1,0.4299195364237402,0.4286984376442316,0.4286984205245971,0.0012210987795086004,1.7119634487805513e-08
test_stage1_dn_0007,scene0066_00,scene0066_00__chair_013,scene0066_00__door_032,1893,1495,2000,2,0.4286984376442316,0.4286984376442316,0.4286984205245971,0.0,1.7119634487805513e-08
test_stage1_dn_0007,scene0066_00,scene0066_00__chair_013,scene0066_00__door_032,1893,1495,2000,3,0.4286984376442316,0.4286984376442316,0.4286984205245971,0.0,1.7119634487805513e-08
test_stage1_dn_0007,scene0066_00,scene0066_00__chair_013,scene0066_00__door_032,1893,1495,2000,4,0.4286984376442316,0.4286984376442316,0.4286984205245971,0.0,1.7119634487805513e-08
test_stage1_dn_0007,scene0066_00,scene0066_00__chair_013,scene0066_00__door_032,1893,1495,5000,0,0.4286984376442316,0.4286984376442316,0.4286984205245971,0.0,1.7119634487805513e-08
test_stage1_dn_0007,scene0066_00,scene0066_00__chair_013,scene0066_00__door_032,1893,1495,5000,1,0.4286984376442316,0.4286984376442316,0.4286984205245971,0.0,1.7119634487805513e-08
test_stage1_dn_0007,scene0066_00,scene0066_00__chair_013,scene0066_00__door_032,1893,1495,5000,2,0.4286984376442316,0.4286984376442316,0.4286984205245971,0.0,1.7119634487805513e-08
test_stage1_dn_0007,scene0066_00,scene0066_00__chair_013,scene0066_00__door_032,1893,1495,5000,3,0.4286984376442316,0.4286984376442316,0.4286984205245971,0.0,1.7119634487805513e-08
test_stage1_dn_0007,scene0066_00,scene0066_00__chair_013,scene0066_00__door_032,1893,1495,5000,4,0.4286984376442316,0.4286984376442316,0.4286984205245971,0.0,1.7119634487805513e-08
test_stage1_dn_0007,scene0066_00,scene0066_00__chair_013,scene0066_00__door_032,1893,1495,10000,0,0.4286984376442316,0.4286984376442316,0.4286984205245971,0.0,1.7119634487805513e-08
test_stage1_dn_0007,scene0066_00,scene0066_00__chair_013,scene0066_00__door_032,1893,1495,10000,1,0.4286984376442316,0.4286984376442316,0.4286984205245971,0.0,1.7119634487805513e-08
test_stage1_dn_0007,scene0066_00,scene0066_00__chair_013,scene0066_00__door_032,1893,1495,10000,2,0.4286984376442316,0.4286984376442316,0.4286984205245971,0.0,1.7119634487805513e-08
test_stage1_dn_0007,scene0066_00,scene0066_00__chair_013,scene0066_00__door_032,1893,1495,10000,3,0.4286984376442316,0.4286984376442316,0.4286984205245971,0.0,1.7119634487805513e-08
test_stage1_dn_0007,scene0066_00,scene0066_00__chair_013,scene0066_00__door_032,1893,1495,10000,4,0.4286984376442316,0.4286984376442316,0.4286984205245971,0.0,1.7119634487805513e-08
test_stage1_dn_0007,scene0066_00,scene0066_00__chair_013,scene0066_00__door_032,1893,1495,20000,0,0.4286984376442316,0.4286984376442316,0.4286984205245971,0.0,1.7119634487805513e-08
test_stage1_dn_0007,scene0066_00,scene0066_00__chair_013,scene0066_00__door_032,1893,1495,20000,1,0.4286984376442316,0.4286984376442316,0.4286984205245971,0.0,1.7119634487805513e-08
test_stage1_dn_0007,scene0066_00,scene0066_00__chair_013,scene0066_00__door_032,1893,1495,20000,2,0.4286984376442316,0.4286984376442316,0.4286984205245971,0.0,1.7119634487805513e-08
test_stage1_dn_0007,scene0066_00,scene0066_00__chair_013,scene0066_00__door_032,1893,1495,20000,3,0.4286984376442316,0.4286984376442316,0.4286984205245971,0.0,1.7119634487805513e-08
test_stage1_dn_0007,scene0066_00,scene0066_00__chair_013,scene0066_00__door_032,1893,1495,20000,4,0.4286984376442316,0.4286984376442316,0.4286984205245971,0.0,1.7119634487805513e-08
test_stage1_dn_0008,scene0081_01,scene0081_01__chair_030,scene0081_01__monitor_026,4345,1954,512,0,0.16052222694607374,0.15275156436032913,0.1527515649795532,0.007770662585744603,6.192240609159683e-10
test_stage1_dn_0008,scene0081_01,scene0081_01__chair_030,scene0081_01__monitor_026,4345,1954,512,1,0.15662995921731143,0.15275156436032913,0.1527515649795532,0.003878394856982298,6.192240609159683e-10
test_stage1_dn_0008,scene0081_01,scene0081_01__chair_030,scene0081_01__monitor_026,4345,1954,512,2,0.1557870263420736,0.15275156436032913,0.1527515649795532,0.003035461981744453,6.192240609159683e-10
test_stage1_dn_0008,scene0081_01,scene0081_01__chair_030,scene0081_01__monitor_026,4345,1954,512,3,0.15525145205716995,0.15275156436032913,0.1527515649795532,0.0024998876968408135,6.192240609159683e-10
test_stage1_dn_0008,scene0081_01,scene0081_01__chair_030,scene0081_01__monitor_026,4345,1954,512,4,0.16007382850639823,0.15275156436032913,0.1527515649795532,0.007322264146069096,6.192240609159683e-10
test_stage1_dn_0008,scene0081_01,scene0081_01__chair_030,scene0081_01__monitor_026,4345,1954,1000,0,0.15490607380896962,0.15275156436032913,0.1527515649795532,0.0021545094486404848,6.192240609159683e-10
test_stage1_dn_0008,scene0081_01,scene0081_01__chair_030,scene0081_01__monitor_026,4345,1954,1000,1,0.15720943583375335,0.15275156436032913,0.1527515649795532,0.004457871473424219,6.192240609159683e-10
test_stage1_dn_0008,scene0081_01,scene0081_01__chair_030,scene0081_01__monitor_026,4345,1954,1000,2,0.15618989948634623,0.15275156436032913,0.1527515649795532,0.0034383351260171002,6.192240609159683e-10
test_stage1_dn_0008,scene0081_01,scene0081_01__chair_030,scene0081_01__monitor_026,4345,1954,1000,3,0.15490607380896962,0.15275156436032913,0.1527515649795532,0.0021545094486404848,6.192240609159683e-10
test_stage1_dn_0008,scene0081_01,scene0081_01__chair_030,scene0081_01__monitor_026,4345,1954,1000,4,0.1577083831272682,0.15275156436032913,0.1527515649795532,0.0049568187669390695,6.192240609159683e-10
test_stage1_dn_0008,scene0081_01,scene0081_01__chair_030,scene0081_01__monitor_026,4345,1954,2000,0,0.15774405085146184,0.15275156436032913,0.1527515649795532,0.004992486491132708,6.192240609159683e-10
test_stage1_dn_0008,scene0081_01,scene0081_01__chair_030,scene0081_01__monitor_026,4345,1954,2000,1,0.15403472984962857,0.15275156436032913,0.1527515649795532,0.001283165489299437,6.192240609159683e-10
test_stage1_dn_0008,scene0081_01,scene0081_01__chair_030,scene0081_01__monitor_026,4345,1954,2000,2,0.15403472984962857,0.15275156436032913,0.1527515649795532,0.001283165489299437,6.192240609159683e-10
test_stage1_dn_0008,scene0081_01,scene0081_01__chair_030,scene0081_01__monitor_026,4345,1954,2000,3,0.1557870263420736,0.15275156436032913,0.1527515649795532,0.003035461981744453,6.192240609159683e-10
test_stage1_dn_0008,scene0081_01,scene0081_01__chair_030,scene0081_01__monitor_026,4345,1954,2000,4,0.15275156436032913,0.15275156436032913,0.1527515649795532,0.0,6.192240609159683e-10
test_stage1_dn_0008,scene0081_01,scene0081_01__chair_030,scene0081_01__monitor_026,4345,1954,5000,0,0.15275156436032913,0.15275156436032913,0.1527515649795532,0.0,6.192240609159683e-10
test_stage1_dn_0008,scene0081_01,scene0081_01__chair_030,scene0081_01__monitor_026,4345,1954,5000,1,0.15275156436032913,0.15275156436032913,0.1527515649795532,0.0,6.192240609159683e-10
test_stage1_dn_0008,scene0081_01,scene0081_01__chair_030,scene0081_01__monitor_026,4345,1954,5000,2,0.15490607380896962,0.15275156436032913,0.1527515649795532,0.0021545094486404848,6.192240609159683e-10
test_stage1_dn_0008,scene0081_01,scene0081_01__chair_030,scene0081_01__monitor_026,4345,1954,5000,3,0.15275156436032913,0.15275156436032913,0.1527515649795532,0.0,6.192240609159683e-10
test_stage1_dn_0008,scene0081_01,scene0081_01__chair_030,scene0081_01__monitor_026,4345,1954,5000,4,0.15403472984962857,0.15275156436032913,0.1527515649795532,0.001283165489299437,6.192240609159683e-10
test_stage1_dn_0008,scene0081_01,scene0081_01__chair_030,scene0081_01__monitor_026,4345,1954,10000,0,0.15275156436032913,0.15275156436032913,0.1527515649795532,0.0,6.192240609159683e-10
test_stage1_dn_0008,scene0081_01,scene0081_01__chair_030,scene0081_01__monitor_026,4345,1954,10000,1,0.15275156436032913,0.15275156436032913,0.1527515649795532,0.0,6.192240609159683e-10
test_stage1_dn_0008,scene0081_01,scene0081_01__chair_030,scene0081_01__monitor_026,4345,1954,10000,2,0.15275156436032913,0.15275156436032913,0.1527515649795532,0.0,6.192240609159683e-10
test_stage1_dn_0008,scene0081_01,scene0081_01__chair_030,scene0081_01__monitor_026,4345,1954,10000,3,0.15275156436032913,0.15275156436032913,0.1527515649795532,0.0,6.192240609159683e-10
test_stage1_dn_0008,scene0081_01,scene0081_01__chair_030,scene0081_01__monitor_026,4345,1954,10000,4,0.15275156436032913,0.15275156436032913,0.1527515649795532,0.0,6.192240609159683e-10
test_stage1_dn_0008,scene0081_01,scene0081_01__chair_030,scene0081_01__monitor_026,4345,1954,20000,0,0.15275156436032913,0.15275156436032913,0.1527515649795532,0.0,6.192240609159683e-10
test_stage1_dn_0008,scene0081_01,scene0081_01__chair_030,scene0081_01__monitor_026,4345,1954,20000,1,0.15275156436032913,0.15275156436032913,0.1527515649795532,0.0,6.192240609159683e-10
test_stage1_dn_0008,scene0081_01,scene0081_01__chair_030,scene0081_01__monitor_026,4345,1954,20000,2,0.15275156436032913,0.15275156436032913,0.1527515649795532,0.0,6.192240609159683e-10
test_stage1_dn_0008,scene0081_01,scene0081_01__chair_030,scene0081_01__monitor_026,4345,1954,20000,3,0.15275156436032913,0.15275156436032913,0.1527515649795532,0.0,6.192240609159683e-10
test_stage1_dn_0008,scene0081_01,scene0081_01__chair_030,scene0081_01__monitor_026,4345,1954,20000,4,0.15275156436032913,0.15275156436032913,0.1527515649795532,0.0,6.192240609159683e-10
test_stage1_dn_0009,scene0087_00,scene0087_00__chair_004,scene0087_00__door_015,4911,3347,512,0,0.8894430049304698,0.8706968403654078,0.8706968426704407,0.01874616456506195,2.305032831273479e-09
test_stage1_dn_0009,scene0087_00,scene0087_00__chair_004,scene0087_00__door_015,4911,3347,512,1,0.8942019538808659,0.8706968403654078,0.8706968426704407,0.02350511351545803,2.305032831273479e-09
test_stage1_dn_0009,scene0087_00,scene0087_00__chair_004,scene0087_00__door_015,4911,3347,512,2,0.8938031643667619,0.8706968403654078,0.8706968426704407,0.02310632400135404,2.305032831273479e-09
test_stage1_dn_0009,scene0087_00,scene0087_00__chair_004,scene0087_00__door_015,4911,3347,512,3,0.874462919410206,0.8706968403654078,0.8706968426704407,0.0037660790447981984,2.305032831273479e-09
test_stage1_dn_0009,scene0087_00,scene0087_00__chair_004,scene0087_00__door_015,4911,3347,512,4,0.8762938024027077,0.8706968403654078,0.8706968426704407,0.0055969620372998685,2.305032831273479e-09
test_stage1_dn_0009,scene0087_00,scene0087_00__chair_004,scene0087_00__door_015,4911,3347,1000,0,0.8727188993261362,0.8706968403654078,0.8706968426704407,0.002022058960728379,2.305032831273479e-09
test_stage1_dn_0009,scene0087_00,scene0087_00__chair_004,scene0087_00__door_015,4911,3347,1000,1,0.8796575451096317,0.8706968403654078,0.8706968426704407,0.008960704744223835,2.305032831273479e-09
test_stage1_dn_0009,scene0087_00,scene0087_00__chair_004,scene0087_00__door_015,4911,3347,1000,2,0.8710090311242047,0.8706968403654078,0.8706968426704407,0.00031219075879684866,2.305032831273479e-09
test_stage1_dn_0009,scene0087_00,scene0087_00__chair_004,scene0087_00__door_015,4911,3347,1000,3,0.8759263781157136,0.8706968403654078,0.8706968426704407,0.005229537750305768,2.305032831273479e-09
test_stage1_dn_0009,scene0087_00,scene0087_00__chair_004,scene0087_00__door_015,4911,3347,1000,4,0.8706968403654078,0.8706968403654078,0.8706968426704407,0.0,2.305032831273479e-09
test_stage1_dn_0009,scene0087_00,scene0087_00__chair_004,scene0087_00__door_015,4911,3347,2000,0,0.8710090311242047,0.8706968403654078,0.8706968426704407,0.00031219075879684866,2.305032831273479e-09
test_stage1_dn_0009,scene0087_00,scene0087_00__chair_004,scene0087_00__door_015,4911,3347,2000,1,0.8759263781157136,0.8706968403654078,0.8706968426704407,0.005229537750305768,2.305032831273479e-09
test_stage1_dn_0009,scene0087_00,scene0087_00__chair_004,scene0087_00__door_015,4911,3347,2000,2,0.885158473293816,0.8706968403654078,0.8706968426704407,0.014461632928408186,2.305032831273479e-09
test_stage1_dn_0009,scene0087_00,scene0087_00__chair_004,scene0087_00__door_015,4911,3347,2000,3,0.8794035314814201,0.8706968403654078,0.8706968426704407,0.0087066911160123,2.305032831273479e-09
test_stage1_dn_0009,scene0087_00,scene0087_00__chair_004,scene0087_00__door_015,4911,3347,2000,4,0.8794965453705593,0.8706968403654078,0.8706968426704407,0.008799705005151481,2.305032831273479e-09
test_stage1_dn_0009,scene0087_00,scene0087_00__chair_004,scene0087_00__door_015,4911,3347,5000,0,0.8706968403654078,0.8706968403654078,0.8706968426704407,0.0,2.305032831273479e-09
test_stage1_dn_0009,scene0087_00,scene0087_00__chair_004,scene0087_00__door_015,4911,3347,5000,1,0.8706968403654078,0.8706968403654078,0.8706968426704407,0.0,2.305032831273479e-09
test_stage1_dn_0009,scene0087_00,scene0087_00__chair_004,scene0087_00__door_015,4911,3347,5000,2,0.8706968403654078,0.8706968403654078,0.8706968426704407,0.0,2.305032831273479e-09
test_stage1_dn_0009,scene0087_00,scene0087_00__chair_004,scene0087_00__door_015,4911,3347,5000,3,0.8706968403654078,0.8706968403654078,0.8706968426704407,0.0,2.305032831273479e-09
test_stage1_dn_0009,scene0087_00,scene0087_00__chair_004,scene0087_00__door_015,4911,3347,5000,4,0.8762938024027077,0.8706968403654078,0.8706968426704407,0.0055969620372998685,2.305032831273479e-09
test_stage1_dn_0009,scene0087_00,scene0087_00__chair_004,scene0087_00__door_015,4911,3347,10000,0,0.8706968403654078,0.8706968403654078,0.8706968426704407,0.0,2.305032831273479e-09
test_stage1_dn_0009,scene0087_00,scene0087_00__chair_004,scene0087_00__door_015,4911,3347,10000,1,0.8706968403654078,0.8706968403654078,0.8706968426704407,0.0,2.305032831273479e-09
test_stage1_dn_0009,scene0087_00,scene0087_00__chair_004,scene0087_00__door_015,4911,3347,10000,2,0.8706968403654078,0.8706968403654078,0.8706968426704407,0.0,2.305032831273479e-09
test_stage1_dn_0009,scene0087_00,scene0087_00__chair_004,scene0087_00__door_015,4911,3347,10000,3,0.8706968403654078,0.8706968403654078,0.8706968426704407,0.0,2.305032831273479e-09
test_stage1_dn_0009,scene0087_00,scene0087_00__chair_004,scene0087_00__door_015,4911,3347,10000,4,0.8706968403654078,0.8706968403654078,0.8706968426704407,0.0,2.305032831273479e-09
test_stage1_dn_0009,scene0087_00,scene0087_00__chair_004,scene0087_00__door_015,4911,3347,20000,0,0.8706968403654078,0.8706968403654078,0.8706968426704407,0.0,2.305032831273479e-09
test_stage1_dn_0009,scene0087_00,scene0087_00__chair_004,scene0087_00__door_015,4911,3347,20000,1,0.8706968403654078,0.8706968403654078,0.8706968426704407,0.0,2.305032831273479e-09
test_stage1_dn_0009,scene0087_00,scene0087_00__chair_004,scene0087_00__door_015,4911,3347,20000,2,0.8706968403654078,0.8706968403654078,0.8706968426704407,0.0,2.305032831273479e-09
test_stage1_dn_0009,scene0087_00,scene0087_00__chair_004,scene0087_00__door_015,4911,3347,20000,3,0.8706968403654078,0.8706968403654078,0.8706968426704407,0.0,2.305032831273479e-09
test_stage1_dn_0009,scene0087_00,scene0087_00__chair_004,scene0087_00__door_015,4911,3347,20000,4,0.8706968403654078,0.8706968403654078,0.8706968426704407,0.0,2.305032831273479e-09
test_stage1_dn_0010,scene0087_00,scene0087_00__sofa_003,scene0087_00__table_012,8749,3304,512,0,0.37103001200656816,0.36237560578492367,0.3623756170272827,0.008654406221644484,1.1242359043706074e-08
test_stage1_dn_0010,scene0087_00,scene0087_00__sofa_003,scene0087_00__table_012,8749,3304,512,1,0.3641888980807113,0.36237560578492367,0.3623756170272827,0.0018132922957876385,1.1242359043706074e-08
test_stage1_dn_0010,scene0087_00,scene0087_00__sofa_003,scene0087_00__table_012,8749,3304,512,2,0.36736541271004597,0.36237560578492367,0.3623756170272827,0.004989806925122298,1.1242359043706074e-08
test_stage1_dn_0010,scene0087_00,scene0087_00__sofa_003,scene0087_00__table_012,8749,3304,512,3,0.36513374841559854,0.36237560578492367,0.3623756170272827,0.0027581426306748646,1.1242359043706074e-08
test_stage1_dn_0010,scene0087_00,scene0087_00__sofa_003,scene0087_00__table_012,8749,3304,512,4,0.37194177953707247,0.36237560578492367,0.3623756170272827,0.009566173752148799,1.1242359043706074e-08
test_stage1_dn_0010,scene0087_00,scene0087_00__sofa_003,scene0087_00__table_012,8749,3304,1000,0,0.36383062867008537,0.36237560578492367,0.3623756170272827,0.0014550228851616942,1.1242359043706074e-08
test_stage1_dn_0010,scene0087_00,scene0087_00__sofa_003,scene0087_00__table_012,8749,3304,1000,1,0.3639492422407788,0.36237560578492367,0.3623756170272827,0.0015736364558551208,1.1242359043706074e-08
test_stage1_dn_0010,scene0087_00,scene0087_00__sofa_003,scene0087_00__table_012,8749,3304,1000,2,0.36687205584157434,0.36237560578492367,0.3623756170272827,0.004496450056650669,1.1242359043706074e-08
test_stage1_dn_0010,scene0087_00,scene0087_00__sofa_003,scene0087_00__table_012,8749,3304,1000,3,0.3648230488042538,0.36237560578492367,0.3623756170272827,0.002447443019330142,1.1242359043706074e-08
test_stage1_dn_0010,scene0087_00,scene0087_00__sofa_003,scene0087_00__table_012,8749,3304,1000,4,0.3678519447929683,0.36237560578492367,0.3623756170272827,0.005476339008044617,1.1242359043706074e-08
test_stage1_dn_0010,scene0087_00,scene0087_00__sofa_003,scene0087_00__table_012,8749,3304,2000,0,0.363003481383822,0.36237560578492367,0.3623756170272827,0.0006278755988983198,1.1242359043706074e-08
test_stage1_dn_0010,scene0087_00,scene0087_00__sofa_003,scene0087_00__table_012,8749,3304,2000,1,0.3643121875516852,0.36237560578492367,0.3623756170272827,0.001936581766761536,1.1242359043706074e-08
test_stage1_dn_0010,scene0087_00,scene0087_00__sofa_003,scene0087_00__table_012,8749,3304,2000,2,0.36513781761144554,0.36237560578492367,0.3623756170272827,0.0027622118265218654,1.1242359043706074e-08
test_stage1_dn_0010,scene0087_00,scene0087_00__sofa_003,scene0087_00__table_012,8749,3304,2000,3,0.3639492422407788,0.36237560578492367,0.3623756170272827,0.0015736364558551208,1.1242359043706074e-08
test_stage1_dn_0010,scene0087_00,scene0087_00__sofa_003,scene0087_00__table_012,8749,3304,2000,4,0.36237560578492367,0.36237560578492367,0.3623756170272827,0.0,1.1242359043706074e-08
test_stage1_dn_0010,scene0087_00,scene0087_00__sofa_003,scene0087_00__table_012,8749,3304,5000,0,0.36271163245164323,0.36237560578492367,0.3623756170272827,0.0003360266667195577,1.1242359043706074e-08
test_stage1_dn_0010,scene0087_00,scene0087_00__sofa_003,scene0087_00__table_012,8749,3304,5000,1,0.363003481383822,0.36237560578492367,0.3623756170272827,0.0006278755988983198,1.1242359043706074e-08
test_stage1_dn_0010,scene0087_00,scene0087_00__sofa_003,scene0087_00__table_012,8749,3304,5000,2,0.36271163245164323,0.36237560578492367,0.3623756170272827,0.0003360266667195577,1.1242359043706074e-08
test_stage1_dn_0010,scene0087_00,scene0087_00__sofa_003,scene0087_00__table_012,8749,3304,5000,3,0.363003481383822,0.36237560578492367,0.3623756170272827,0.0006278755988983198,1.1242359043706074e-08
test_stage1_dn_0010,scene0087_00,scene0087_00__sofa_003,scene0087_00__table_012,8749,3304,5000,4,0.3628452107879198,0.36237560578492367,0.3623756170272827,0.00046960500299614294,1.1242359043706074e-08
test_stage1_dn_0010,scene0087_00,scene0087_00__sofa_003,scene0087_00__table_012,8749,3304,10000,0,0.36237560578492367,0.36237560578492367,0.3623756170272827,0.0,1.1242359043706074e-08
test_stage1_dn_0010,scene0087_00,scene0087_00__sofa_003,scene0087_00__table_012,8749,3304,10000,1,0.3634959880057359,0.36237560578492367,0.3623756170272827,0.0011203822208122327,1.1242359043706074e-08
test_stage1_dn_0010,scene0087_00,scene0087_00__sofa_003,scene0087_00__table_012,8749,3304,10000,2,0.36237560578492367,0.36237560578492367,0.3623756170272827,0.0,1.1242359043706074e-08
test_stage1_dn_0010,scene0087_00,scene0087_00__sofa_003,scene0087_00__table_012,8749,3304,10000,3,0.36271163245164323,0.36237560578492367,0.3623756170272827,0.0003360266667195577,1.1242359043706074e-08
test_stage1_dn_0010,scene0087_00,scene0087_00__sofa_003,scene0087_00__table_012,8749,3304,10000,4,0.36343867395147145,0.36237560578492367,0.3623756170272827,0.001063068166547776,1.1242359043706074e-08
test_stage1_dn_0010,scene0087_00,scene0087_00__sofa_003,scene0087_00__table_012,8749,3304,20000,0,0.36237560578492367,0.36237560578492367,0.3623756170272827,0.0,1.1242359043706074e-08
test_stage1_dn_0010,scene0087_00,scene0087_00__sofa_003,scene0087_00__table_012,8749,3304,20000,1,0.36237560578492367,0.36237560578492367,0.3623756170272827,0.0,1.1242359043706074e-08
test_stage1_dn_0010,scene0087_00,scene0087_00__sofa_003,scene0087_00__table_012,8749,3304,20000,2,0.36237560578492367,0.36237560578492367,0.3623756170272827,0.0,1.1242359043706074e-08
test_stage1_dn_0010,scene0087_00,scene0087_00__sofa_003,scene0087_00__table_012,8749,3304,20000,3,0.36237560578492367,0.36237560578492367,0.3623756170272827,0.0,1.1242359043706074e-08
test_stage1_dn_0010,scene0087_00,scene0087_00__sofa_003,scene0087_00__table_012,8749,3304,20000,4,0.36343867395147145,0.36237560578492367,0.3623756170272827,0.001063068166547776,1.1242359043706074e-08
test_stage1_dn_0011,scene0092_03,scene0092_03__bed_062,scene0092_03__monitor_018,8433,1170,512,0,0.553946400703662,0.5432937303690887,0.5432937741279602,0.010652670334573289,4.3758871526300425e-08
test_stage1_dn_0011,scene0092_03,scene0092_03__bed_062,scene0092_03__monitor_018,8433,1170,512,1,0.546387747917864,0.5432937303690887,0.5432937741279602,0.003094017548775363,4.3758871526300425e-08
test_stage1_dn_0011,scene0092_03,scene0092_03__bed_062,scene0092_03__monitor_018,8433,1170,512,2,0.5514389935283375,0.5432937303690887,0.5432937741279602,0.008145263159248795,4.3758871526300425e-08
test_stage1_dn_0011,scene0092_03,scene0092_03__bed_062,scene0092_03__monitor_018,8433,1170,512,3,0.5580047293681478,0.5432937303690887,0.5432937741279602,0.014710998999059144,4.3758871526300425e-08
test_stage1_dn_0011,scene0092_03,scene0092_03__bed_062,scene0092_03__monitor_018,8433,1170,512,4,0.5508683714190212,0.5432937303690887,0.5432937741279602,0.007574641049932551,4.3758871526300425e-08
test_stage1_dn_0011,scene0092_03,scene0092_03__bed_062,scene0092_03__monitor_018,8433,1170,1000,0,0.5443702415418031,0.5432937303690887,0.5432937741279602,0.001076511172714456,4.3758871526300425e-08
test_stage1_dn_0011,scene0092_03,scene0092_03__bed_062,scene0092_03__monitor_018,8433,1170,1000,1,0.5484350852392784,0.5432937303690887,0.5432937741279602,0.0051413548701897405,4.3758871526300425e-08
test_stage1_dn_0011,scene0092_03,scene0092_03__bed_062,scene0092_03__monitor_018,8433,1170,1000,2,0.5596413070773997,0.5432937303690887,0.5432937741279602,0.016347576708310996,4.3758871526300425e-08
test_stage1_dn_0011,scene0092_03,scene0092_03__bed_062,scene0092_03__monitor_018,8433,1170,1000,3,0.5493354941928562,0.5432937303690887,0.5432937741279602,0.006041763823767532,4.3758871526300425e-08
test_stage1_dn_0011,scene0092_03,scene0092_03__bed_062,scene0092_03__monitor_018,8433,1170,1000,4,0.5581419941824842,0.5432937303690887,0.5432937741279602,0.014848263813395546,4.3758871526300425e-08
test_stage1_dn_0011,scene0092_03,scene0092_03__bed_062,scene0092_03__monitor_018,8433,1170,2000,0,0.5442380211206264,0.5432937303690887,0.5432937741279602,0.0009442907515376797,4.3758871526300425e-08
test_stage1_dn_0011,scene0092_03,scene0092_03__bed_062,scene0092_03__monitor_018,8433,1170,2000,1,0.546387747917864,0.5432937303690887,0.5432937741279602,0.003094017548775363,4.3758871526300425e-08
test_stage1_dn_0011,scene0092_03,scene0092_03__bed_062,scene0092_03__monitor_018,8433,1170,2000,2,0.5484350852392784,0.5432937303690887,0.5432937741279602,0.0051413548701897405,4.3758871526300425e-08
test_stage1_dn_0011,scene0092_03,scene0092_03__bed_062,scene0092_03__monitor_018,8433,1170,2000,3,0.5478457906673789,0.5432937303690887,0.5432937741279602,0.00455206029829025,4.3758871526300425e-08
test_stage1_dn_0011,scene0092_03,scene0092_03__bed_062,scene0092_03__monitor_018,8433,1170,2000,4,0.5432937303690887,0.5432937303690887,0.5432937741279602,0.0,4.3758871526300425e-08
test_stage1_dn_0011,scene0092_03,scene0092_03__bed_062,scene0092_03__monitor_018,8433,1170,5000,0,0.5443702415418031,0.5432937303690887,0.5432937741279602,0.001076511172714456,4.3758871526300425e-08
test_stage1_dn_0011,scene0092_03,scene0092_03__bed_062,scene0092_03__monitor_018,8433,1170,5000,1,0.5432937303690887,0.5432937303690887,0.5432937741279602,0.0,4.3758871526300425e-08
test_stage1_dn_0011,scene0092_03,scene0092_03__bed_062,scene0092_03__monitor_018,8433,1170,5000,2,0.5443702415418031,0.5432937303690887,0.5432937741279602,0.001076511172714456,4.3758871526300425e-08
test_stage1_dn_0011,scene0092_03,scene0092_03__bed_062,scene0092_03__monitor_018,8433,1170,5000,3,0.5432937303690887,0.5432937303690887,0.5432937741279602,0.0,4.3758871526300425e-08
test_stage1_dn_0011,scene0092_03,scene0092_03__bed_062,scene0092_03__monitor_018,8433,1170,5000,4,0.5432937303690887,0.5432937303690887,0.5432937741279602,0.0,4.3758871526300425e-08
test_stage1_dn_0011,scene0092_03,scene0092_03__bed_062,scene0092_03__monitor_018,8433,1170,10000,0,0.5432937303690887,0.5432937303690887,0.5432937741279602,0.0,4.3758871526300425e-08
test_stage1_dn_0011,scene0092_03,scene0092_03__bed_062,scene0092_03__monitor_018,8433,1170,10000,1,0.5432937303690887,0.5432937303690887,0.5432937741279602,0.0,4.3758871526300425e-08
test_stage1_dn_0011,scene0092_03,scene0092_03__bed_062,scene0092_03__monitor_018,8433,1170,10000,2,0.5442380211206264,0.5432937303690887,0.5432937741279602,0.0009442907515376797,4.3758871526300425e-08
test_stage1_dn_0011,scene0092_03,scene0092_03__bed_062,scene0092_03__monitor_018,8433,1170,10000,3,0.5432937303690887,0.5432937303690887,0.5432937741279602,0.0,4.3758871526300425e-08
test_stage1_dn_0011,scene0092_03,scene0092_03__bed_062,scene0092_03__monitor_018,8433,1170,10000,4,0.5432937303690887,0.5432937303690887,0.5432937741279602,0.0,4.3758871526300425e-08
test_stage1_dn_0011,scene0092_03,scene0092_03__bed_062,scene0092_03__monitor_018,8433,1170,20000,0,0.5432937303690887,0.5432937303690887,0.5432937741279602,0.0,4.3758871526300425e-08
test_stage1_dn_0011,scene0092_03,scene0092_03__bed_062,scene0092_03__monitor_018,8433,1170,20000,1,0.5432937303690887,0.5432937303690887,0.5432937741279602,0.0,4.3758871526300425e-08
test_stage1_dn_0011,scene0092_03,scene0092_03__bed_062,scene0092_03__monitor_018,8433,1170,20000,2,0.5432937303690887,0.5432937303690887,0.5432937741279602,0.0,4.3758871526300425e-08
test_stage1_dn_0011,scene0092_03,scene0092_03__bed_062,scene0092_03__monitor_018,8433,1170,20000,3,0.5432937303690887,0.5432937303690887,0.5432937741279602,0.0,4.3758871526300425e-08
test_stage1_dn_0011,scene0092_03,scene0092_03__bed_062,scene0092_03__monitor_018,8433,1170,20000,4,0.5432937303690887,0.5432937303690887,0.5432937741279602,0.0,4.3758871526300425e-08
test_stage1_dn_0012,scene0092_03,scene0092_03__chair_057,scene0092_03__desk_059,3883,2252,512,0,0.3834529278093301,0.3827621481971366,0.3827621340751648,0.0006907796121934928,1.4121971814162748e-08
test_stage1_dn_0012,scene0092_03,scene0092_03__chair_057,scene0092_03__desk_059,3883,2252,512,1,0.39380819648996473,0.3827621481971366,0.3827621340751648,0.011046048292828126,1.4121971814162748e-08
test_stage1_dn_0012,scene0092_03,scene0092_03__chair_057,scene0092_03__desk_059,3883,2252,512,2,0.3853901200207641,0.3827621481971366,0.3827621340751648,0.0026279718236275063,1.4121971814162748e-08
test_stage1_dn_0012,scene0092_03,scene0092_03__chair_057,scene0092_03__desk_059,3883,2252,512,3,0.3848597856405221,0.3827621481971366,0.3827621340751648,0.0020976374433854805,1.4121971814162748e-08
test_stage1_dn_0012,scene0092_03,scene0092_03__chair_057,scene0092_03__desk_059,3883,2252,512,4,0.38930499948725156,0.3827621481971366,0.3827621340751648,0.006542851290114948,1.4121971814162748e-08
test_stage1_dn_0012,scene0092_03,scene0092_03__chair_057,scene0092_03__desk_059,3883,2252,1000,0,0.38341118026793847,0.3827621481971366,0.3827621340751648,0.0006490320708018582,1.4121971814162748e-08
test_stage1_dn_0012,scene0092_03,scene0092_03__chair_057,scene0092_03__desk_059,3883,2252,1000,1,0.3831490039784457,0.3827621481971366,0.3827621340751648,0.00038685578130909226,1.4121971814162748e-08
test_stage1_dn_0012,scene0092_03,scene0092_03__chair_057,scene0092_03__desk_059,3883,2252,1000,2,0.3827621481971366,0.3827621481971366,0.3827621340751648,0.0,1.4121971814162748e-08
test_stage1_dn_0012,scene0092_03,scene0092_03__chair_057,scene0092_03__desk_059,3883,2252,1000,3,0.3851494039979661,0.3827621481971366,0.3827621340751648,0.002387255800829491,1.4121971814162748e-08
test_stage1_dn_0012,scene0092_03,scene0092_03__chair_057,scene0092_03__desk_059,3883,2252,1000,4,0.3851494039979661,0.3827621481971366,0.3827621340751648,0.002387255800829491,1.4121971814162748e-08
test_stage1_dn_0012,scene0092_03,scene0092_03__chair_057,scene0092_03__desk_059,3883,2252,2000,0,0.38276798098041515,0.3827621481971366,0.3827621340751648,5.832783278536535e-06,1.4121971814162748e-08
test_stage1_dn_0012,scene0092_03,scene0092_03__chair_057,scene0092_03__desk_059,3883,2252,2000,1,0.3827693578938799,0.3827621481971366,0.3827621340751648,7.209696743282201e-06,1.4121971814162748e-08
test_stage1_dn_0012,scene0092_03,scene0092_03__chair_057,scene0092_03__desk_059,3883,2252,2000,2,0.38468533281268935,0.3827621481971366,0.3827621340751648,0.0019231846155527421,1.4121971814162748e-08
test_stage1_dn_0012,scene0092_03,scene0092_03__chair_057,scene0092_03__desk_059,3883,2252,2000,3,0.3827621481971366,0.3827621481971366,0.3827621340751648,0.0,1.4121971814162748e-08
test_stage1_dn_0012,scene0092_03,scene0092_03__chair_057,scene0092_03__desk_059,3883,2252,2000,4,0.3827621481971366,0.3827621481971366,0.3827621340751648,0.0,1.4121971814162748e-08
test_stage1_dn_0012,scene0092_03,scene0092_03__chair_057,scene0092_03__desk_059,3883,2252,5000,0,0.3827621481971366,0.3827621481971366,0.3827621340751648,0.0,1.4121971814162748e-08
test_stage1_dn_0012,scene0092_03,scene0092_03__chair_057,scene0092_03__desk_059,3883,2252,5000,1,0.38276798098041515,0.3827621481971366,0.3827621340751648,5.832783278536535e-06,1.4121971814162748e-08
test_stage1_dn_0012,scene0092_03,scene0092_03__chair_057,scene0092_03__desk_059,3883,2252,5000,2,0.3827621481971366,0.3827621481971366,0.3827621340751648,0.0,1.4121971814162748e-08
test_stage1_dn_0012,scene0092_03,scene0092_03__chair_057,scene0092_03__desk_059,3883,2252,5000,3,0.3827621481971366,0.3827621481971366,0.3827621340751648,0.0,1.4121971814162748e-08
test_stage1_dn_0012,scene0092_03,scene0092_03__chair_057,scene0092_03__desk_059,3883,2252,5000,4,0.38276798098041515,0.3827621481971366,0.3827621340751648,5.832783278536535e-06,1.4121971814162748e-08
test_stage1_dn_0012,scene0092_03,scene0092_03__chair_057,scene0092_03__desk_059,3883,2252,10000,0,0.3827621481971366,0.3827621481971366,0.3827621340751648,0.0,1.4121971814162748e-08
test_stage1_dn_0012,scene0092_03,scene0092_03__chair_057,scene0092_03__desk_059,3883,2252,10000,1,0.3827621481971366,0.3827621481971366,0.3827621340751648,0.0,1.4121971814162748e-08
test_stage1_dn_0012,scene0092_03,scene0092_03__chair_057,scene0092_03__desk_059,3883,2252,10000,2,0.3827621481971366,0.3827621481971366,0.3827621340751648,0.0,1.4121971814162748e-08
test_stage1_dn_0012,scene0092_03,scene0092_03__chair_057,scene0092_03__desk_059,3883,2252,10000,3,0.3827621481971366,0.3827621481971366,0.3827621340751648,0.0,1.4121971814162748e-08
test_stage1_dn_0012,scene0092_03,scene0092_03__chair_057,scene0092_03__desk_059,3883,2252,10000,4,0.3827621481971366,0.3827621481971366,0.3827621340751648,0.0,1.4121971814162748e-08
test_stage1_dn_0012,scene0092_03,scene0092_03__chair_057,scene0092_03__desk_059,3883,2252,20000,0,0.3827621481971366,0.3827621481971366,0.3827621340751648,0.0,1.4121971814162748e-08
test_stage1_dn_0012,scene0092_03,scene0092_03__chair_057,scene0092_03__desk_059,3883,2252,20000,1,0.3827621481971366,0.3827621481971366,0.3827621340751648,0.0,1.4121971814162748e-08
test_stage1_dn_0012,scene0092_03,scene0092_03__chair_057,scene0092_03__desk_059,3883,2252,20000,2,0.3827621481971366,0.3827621481971366,0.3827621340751648,0.0,1.4121971814162748e-08
test_stage1_dn_0012,scene0092_03,scene0092_03__chair_057,scene0092_03__desk_059,3883,2252,20000,3,0.3827621481971366,0.3827621481971366,0.3827621340751648,0.0,1.4121971814162748e-08
test_stage1_dn_0012,scene0092_03,scene0092_03__chair_057,scene0092_03__desk_059,3883,2252,20000,4,0.3827621481971366,0.3827621481971366,0.3827621340751648,0.0,1.4121971814162748e-08
test_stage1_dn_0013,scene0095_00,scene0095_00__cabinet_016,scene0095_00__table_017,6133,21906,512,0,0.2972190745097322,0.2239548191702792,0.2239548116922378,0.07326425533945297,7.478041408326419e-09
test_stage1_dn_0013,scene0095_00,scene0095_00__cabinet_016,scene0095_00__table_017,6133,21906,512,1,0.23150793760635133,0.2239548191702792,0.2239548116922378,0.00755311843607212,7.478041408326419e-09
test_stage1_dn_0013,scene0095_00,scene0095_00__cabinet_016,scene0095_00__table_017,6133,21906,512,2,0.2553216505992209,0.2239548191702792,0.2239548116922378,0.0313668314289417,7.478041408326419e-09
test_stage1_dn_0013,scene0095_00,scene0095_00__cabinet_016,scene0095_00__table_017,6133,21906,512,3,0.2535234163919831,0.2239548191702792,0.2239548116922378,0.029568597221703907,7.478041408326419e-09
test_stage1_dn_0013,scene0095_00,scene0095_00__cabinet_016,scene0095_00__table_017,6133,21906,512,4,0.2525897863484518,0.2239548191702792,0.2239548116922378,0.0286349671781726,7.478041408326419e-09
test_stage1_dn_0013,scene0095_00,scene0095_00__cabinet_016,scene0095_00__table_017,6133,21906,1000,0,0.24834805970352516,0.2239548191702792,0.2239548116922378,0.024393240533245958,7.478041408326419e-09
test_stage1_dn_0013,scene0095_00,scene0095_00__cabinet_016,scene0095_00__table_017,6133,21906,1000,1,0.23150793760635133,0.2239548191702792,0.2239548116922378,0.00755311843607212,7.478041408326419e-09
test_stage1_dn_0013,scene0095_00,scene0095_00__cabinet_016,scene0095_00__table_017,6133,21906,1000,2,0.2593668609749634,0.2239548191702792,0.2239548116922378,0.03541204180468421,7.478041408326419e-09
test_stage1_dn_0013,scene0095_00,scene0095_00__cabinet_016,scene0095_00__table_017,6133,21906,1000,3,0.2515176625495617,0.2239548191702792,0.2239548116922378,0.027562843379282498,7.478041408326419e-09
test_stage1_dn_0013,scene0095_00,scene0095_00__cabinet_016,scene0095_00__table_017,6133,21906,1000,4,0.2239548191702792,0.2239548191702792,0.2239548116922378,0.0,7.478041408326419e-09
test_stage1_dn_0013,scene0095_00,scene0095_00__cabinet_016,scene0095_00__table_017,6133,21906,2000,0,0.24559054791335172,0.2239548191702792,0.2239548116922378,0.021635728743072513,7.478041408326419e-09
test_stage1_dn_0013,scene0095_00,scene0095_00__cabinet_016,scene0095_00__table_017,6133,21906,2000,1,0.2323319402421946,0.2239548191702792,0.2239548116922378,0.008377121071915405,7.478041408326419e-09
test_stage1_dn_0013,scene0095_00,scene0095_00__cabinet_016,scene0095_00__table_017,6133,21906,2000,2,0.23828234835409032,0.2239548191702792,0.2239548116922378,0.01432752918381111,7.478041408326419e-09
test_stage1_dn_0013,scene0095_00,scene0095_00__cabinet_016,scene0095_00__table_017,6133,21906,2000,3,0.24269364337047608,0.2239548191702792,0.2239548116922378,0.018738824200196874,7.478041408326419e-09
test_stage1_dn_0013,scene0095_00,scene0095_00__cabinet_016,scene0095_00__table_017,6133,21906,2000,4,0.23691922244020164,0.2239548191702792,0.2239548116922378,0.012964403269922431,7.478041408326419e-09
test_stage1_dn_0013,scene0095_00,scene0095_00__cabinet_016,scene0095_00__table_017,6133,21906,5000,0,0.22687290549444342,0.2239548191702792,0.2239548116922378,0.0029180863241642097,7.478041408326419e-09
test_stage1_dn_0013,scene0095_00,scene0095_00__cabinet_016,scene0095_00__table_017,6133,21906,5000,1,0.22729414263454986,0.2239548191702792,0.2239548116922378,0.003339323464270655,7.478041408326419e-09
test_stage1_dn_0013,scene0095_00,scene0095_00__cabinet_016,scene0095_00__table_017,6133,21906,5000,2,0.22762568601083796,0.2239548191702792,0.2239548116922378,0.0036708668405587563,7.478041408326419e-09
test_stage1_dn_0013,scene0095_00,scene0095_00__cabinet_016,scene0095_00__table_017,6133,21906,5000,3,0.24141635472273107,0.2239548191702792,0.2239548116922378,0.017461535552451862,7.478041408326419e-09
test_stage1_dn_0013,scene0095_00,scene0095_00__cabinet_016,scene0095_00__table_017,6133,21906,5000,4,0.2239548191702792,0.2239548191702792,0.2239548116922378,0.0,7.478041408326419e-09
test_stage1_dn_0013,scene0095_00,scene0095_00__cabinet_016,scene0095_00__table_017,6133,21906,10000,0,0.22687290549444342,0.2239548191702792,0.2239548116922378,0.0029180863241642097,7.478041408326419e-09
test_stage1_dn_0013,scene0095_00,scene0095_00__cabinet_016,scene0095_00__table_017,6133,21906,10000,1,0.22448517649054098,0.2239548191702792,0.2239548116922378,0.0005303573202617706,7.478041408326419e-09
test_stage1_dn_0013,scene0095_00,scene0095_00__cabinet_016,scene0095_00__table_017,6133,21906,10000,2,0.2239548191702792,0.2239548191702792,0.2239548116922378,0.0,7.478041408326419e-09
test_stage1_dn_0013,scene0095_00,scene0095_00__cabinet_016,scene0095_00__table_017,6133,21906,10000,3,0.228166929421798,0.2239548191702792,0.2239548116922378,0.004212110251518797,7.478041408326419e-09
test_stage1_dn_0013,scene0095_00,scene0095_00__cabinet_016,scene0095_00__table_017,6133,21906,10000,4,0.2239548191702792,0.2239548191702792,0.2239548116922378,0.0,7.478041408326419e-09
test_stage1_dn_0013,scene0095_00,scene0095_00__cabinet_016,scene0095_00__table_017,6133,21906,20000,0,0.2239548191702792,0.2239548191702792,0.2239548116922378,0.0,7.478041408326419e-09
test_stage1_dn_0013,scene0095_00,scene0095_00__cabinet_016,scene0095_00__table_017,6133,21906,20000,1,0.22448517649054098,0.2239548191702792,0.2239548116922378,0.0005303573202617706,7.478041408326419e-09
test_stage1_dn_0013,scene0095_00,scene0095_00__cabinet_016,scene0095_00__table_017,6133,21906,20000,2,0.2239548191702792,0.2239548191702792,0.2239548116922378,0.0,7.478041408326419e-09
test_stage1_dn_0013,scene0095_00,scene0095_00__cabinet_016,scene0095_00__table_017,6133,21906,20000,3,0.2239548191702792,0.2239548191702792,0.2239548116922378,0.0,7.478041408326419e-09
test_stage1_dn_0013,scene0095_00,scene0095_00__cabinet_016,scene0095_00__table_017,6133,21906,20000,4,0.2239548191702792,0.2239548191702792,0.2239548116922378,0.0,7.478041408326419e-09
test_stage1_dn_0014,scene0095_00,scene0095_00__chair_035,scene0095_00__monitor_018,1928,1230,512,0,0.3243976126036292,0.3191365095773046,0.3191365003585815,0.005261103026324598,9.218723118209482e-09
test_stage1_dn_0014,scene0095_00,scene0095_00__chair_035,scene0095_00__monitor_018,1928,1230,512,1,0.32346584521853083,0.3191365095773046,0.3191365003585815,0.0043293356412262285,9.218723118209482e-09
test_stage1_dn_0014,scene0095_00,scene0095_00__chair_035,scene0095_00__monitor_018,1928,1230,512,2,0.32225741949906106,0.3191365095773046,0.3191365003585815,0.003120909921756454,9.218723118209482e-09
test_stage1_dn_0014,scene0095_00,scene0095_00__chair_035,scene0095_00__monitor_018,1928,1230,512,3,0.3201833550196605,0.3191365095773046,0.3191365003585815,0.0010468454423558926,9.218723118209482e-09
test_stage1_dn_0014,scene0095_00,scene0095_00__chair_035,scene0095_00__monitor_018,1928,1230,512,4,0.3191365095773046,0.3191365095773046,0.3191365003585815,0.0,9.218723118209482e-09
test_stage1_dn_0014,scene0095_00,scene0095_00__chair_035,scene0095_00__monitor_018,1928,1230,1000,0,0.32032669827164223,0.3191365095773046,0.3191365003585815,0.0011901886943376239,9.218723118209482e-09
test_stage1_dn_0014,scene0095_00,scene0095_00__chair_035,scene0095_00__monitor_018,1928,1230,1000,1,0.31960196735557916,0.3191365095773046,0.3191365003585815,0.00046545777827455836,9.218723118209482e-09
test_stage1_dn_0014,scene0095_00,scene0095_00__chair_035,scene0095_00__monitor_018,1928,1230,1000,2,0.32032669827164223,0.3191365095773046,0.3191365003585815,0.0011901886943376239,9.218723118209482e-09
test_stage1_dn_0014,scene0095_00,scene0095_00__chair_035,scene0095_00__monitor_018,1928,1230,1000,3,0.32032669827164223,0.3191365095773046,0.3191365003585815,0.0011901886943376239,9.218723118209482e-09
test_stage1_dn_0014,scene0095_00,scene0095_00__chair_035,scene0095_00__monitor_018,1928,1230,1000,4,0.32114403978334316,0.3191365095773046,0.3191365003585815,0.0020075302060385547,9.218723118209482e-09
test_stage1_dn_0014,scene0095_00,scene0095_00__chair_035,scene0095_00__monitor_018,1928,1230,2000,0,0.31960196735557916,0.3191365095773046,0.3191365003585815,0.00046545777827455836,9.218723118209482e-09
test_stage1_dn_0014,scene0095_00,scene0095_00__chair_035,scene0095_00__monitor_018,1928,1230,2000,1,0.3191365095773046,0.3191365095773046,0.3191365003585815,0.0,9.218723118209482e-09
test_stage1_dn_0014,scene0095_00,scene0095_00__chair_035,scene0095_00__monitor_018,1928,1230,2000,2,0.31960196735557916,0.3191365095773046,0.3191365003585815,0.00046545777827455836,9.218723118209482e-09
test_stage1_dn_0014,scene0095_00,scene0095_00__chair_035,scene0095_00__monitor_018,1928,1230,2000,3,0.3191365095773046,0.3191365095773046,0.3191365003585815,0.0,9.218723118209482e-09
test_stage1_dn_0014,scene0095_00,scene0095_00__chair_035,scene0095_00__monitor_018,1928,1230,2000,4,0.3194762613126596,0.3191365095773046,0.3191365003585815,0.00033975173535499836,9.218723118209482e-09
test_stage1_dn_0014,scene0095_00,scene0095_00__chair_035,scene0095_00__monitor_018,1928,1230,5000,0,0.3191365095773046,0.3191365095773046,0.3191365003585815,0.0,9.218723118209482e-09
test_stage1_dn_0014,scene0095_00,scene0095_00__chair_035,scene0095_00__monitor_018,1928,1230,5000,1,0.3191365095773046,0.3191365095773046,0.3191365003585815,0.0,9.218723118209482e-09
test_stage1_dn_0014,scene0095_00,scene0095_00__chair_035,scene0095_00__monitor_018,1928,1230,5000,2,0.3191365095773046,0.3191365095773046,0.3191365003585815,0.0,9.218723118209482e-09
test_stage1_dn_0014,scene0095_00,scene0095_00__chair_035,scene0095_00__monitor_018,1928,1230,5000,3,0.3191365095773046,0.3191365095773046,0.3191365003585815,0.0,9.218723118209482e-09
test_stage1_dn_0014,scene0095_00,scene0095_00__chair_035,scene0095_00__monitor_018,1928,1230,5000,4,0.3191365095773046,0.3191365095773046,0.3191365003585815,0.0,9.218723118209482e-09
test_stage1_dn_0014,scene0095_00,scene0095_00__chair_035,scene0095_00__monitor_018,1928,1230,10000,0,0.3191365095773046,0.3191365095773046,0.3191365003585815,0.0,9.218723118209482e-09
test_stage1_dn_0014,scene0095_00,scene0095_00__chair_035,scene0095_00__monitor_018,1928,1230,10000,1,0.3191365095773046,0.3191365095773046,0.3191365003585815,0.0,9.218723118209482e-09
test_stage1_dn_0014,scene0095_00,scene0095_00__chair_035,scene0095_00__monitor_018,1928,1230,10000,2,0.3191365095773046,0.3191365095773046,0.3191365003585815,0.0,9.218723118209482e-09
test_stage1_dn_0014,scene0095_00,scene0095_00__chair_035,scene0095_00__monitor_018,1928,1230,10000,3,0.3191365095773046,0.3191365095773046,0.3191365003585815,0.0,9.218723118209482e-09
test_stage1_dn_0014,scene0095_00,scene0095_00__chair_035,scene0095_00__monitor_018,1928,1230,10000,4,0.3191365095773046,0.3191365095773046,0.3191365003585815,0.0,9.218723118209482e-09
test_stage1_dn_0014,scene0095_00,scene0095_00__chair_035,scene0095_00__monitor_018,1928,1230,20000,0,0.3191365095773046,0.3191365095773046,0.3191365003585815,0.0,9.218723118209482e-09
test_stage1_dn_0014,scene0095_00,scene0095_00__chair_035,scene0095_00__monitor_018,1928,1230,20000,1,0.3191365095773046,0.3191365095773046,0.3191365003585815,0.0,9.218723118209482e-09
test_stage1_dn_0014,scene0095_00,scene0095_00__chair_035,scene0095_00__monitor_018,1928,1230,20000,2,0.3191365095773046,0.3191365095773046,0.3191365003585815,0.0,9.218723118209482e-09
test_stage1_dn_0014,scene0095_00,scene0095_00__chair_035,scene0095_00__monitor_018,1928,1230,20000,3,0.3191365095773046,0.3191365095773046,0.3191365003585815,0.0,9.218723118209482e-09
test_stage1_dn_0014,scene0095_00,scene0095_00__chair_035,scene0095_00__monitor_018,1928,1230,20000,4,0.3191365095773046,0.3191365095773046,0.3191365003585815,0.0,9.218723118209482e-09
test_stage1_dn_0015,scene0101_00,scene0101_00__bed_032,scene0101_00__desk_027,7080,5789,512,0,0.27773475560283606,0.2716908913465737,0.2716908752918243,0.006043864256262355,1.605474941879237e-08
test_stage1_dn_0015,scene0101_00,scene0101_00__bed_032,scene0101_00__desk_027,7080,5789,512,1,0.2892642289246368,0.2716908913465737,0.2716908752918243,0.01757333757806312,1.605474941879237e-08
test_stage1_dn_0015,scene0101_00,scene0101_00__bed_032,scene0101_00__desk_027,7080,5789,512,2,0.2832967839342999,0.2716908913465737,0.2716908752918243,0.011605892587726208,1.605474941879237e-08
test_stage1_dn_0015,scene0101_00,scene0101_00__bed_032,scene0101_00__desk_027,7080,5789,512,3,0.28631683344519226,0.2716908913465737,0.2716908752918243,0.01462594209861856,1.605474941879237e-08
test_stage1_dn_0015,scene0101_00,scene0101_00__bed_032,scene0101_00__desk_027,7080,5789,512,4,0.2914906549968632,0.2716908913465737,0.2716908752918243,0.019799763650289515,1.605474941879237e-08
test_stage1_dn_0015,scene0101_00,scene0101_00__bed_032,scene0101_00__desk_027,7080,5789,1000,0,0.28413897322612985,0.2716908913465737,0.2716908752918243,0.01244808187955615,1.605474941879237e-08
test_stage1_dn_0015,scene0101_00,scene0101_00__bed_032,scene0101_00__desk_027,7080,5789,1000,1,0.2811754318812728,0.2716908913465737,0.2716908752918243,0.009484540534699104,1.605474941879237e-08
test_stage1_dn_0015,scene0101_00,scene0101_00__bed_032,scene0101_00__desk_027,7080,5789,1000,2,0.28186535695270226,0.2716908913465737,0.2716908752918243,0.010174465606128558,1.605474941879237e-08
test_stage1_dn_0015,scene0101_00,scene0101_00__bed_032,scene0101_00__desk_027,7080,5789,1000,3,0.27393941680203615,0.2716908913465737,0.2716908752918243,0.0022485254554624468,1.605474941879237e-08
test_stage1_dn_0015,scene0101_00,scene0101_00__bed_032,scene0101_00__desk_027,7080,5789,1000,4,0.2829177676176775,0.2716908913465737,0.2716908752918243,0.011226876271103803,1.605474941879237e-08
test_stage1_dn_0015,scene0101_00,scene0101_00__bed_032,scene0101_00__desk_027,7080,5789,2000,0,0.27608020295140906,0.2716908913465737,0.2716908752918243,0.004389311604835355,1.605474941879237e-08
test_stage1_dn_0015,scene0101_00,scene0101_00__bed_032,scene0101_00__desk_027,7080,5789,2000,1,0.2836899938362144,0.2716908913465737,0.2716908752918243,0.0119991024896407,1.605474941879237e-08
test_stage1_dn_0015,scene0101_00,scene0101_00__bed_032,scene0101_00__desk_027,7080,5789,2000,2,0.28528999887347384,0.2716908913465737,0.2716908752918243,0.013599107526900134,1.605474941879237e-08
test_stage1_dn_0015,scene0101_00,scene0101_00__bed_032,scene0101_00__desk_027,7080,5789,2000,3,0.2774618310484141,0.2716908913465737,0.2716908752918243,0.005770939701840394,1.605474941879237e-08
test_stage1_dn_0015,scene0101_00,scene0101_00__bed_032,scene0101_00__desk_027,7080,5789,2000,4,0.27415204865482296,0.2716908913465737,0.2716908752918243,0.002461157308249251,1.605474941879237e-08
test_stage1_dn_0015,scene0101_00,scene0101_00__bed_032,scene0101_00__desk_027,7080,5789,5000,0,0.27570306352146734,0.2716908913465737,0.2716908752918243,0.004012172174893636,1.605474941879237e-08
test_stage1_dn_0015,scene0101_00,scene0101_00__bed_032,scene0101_00__desk_027,7080,5789,5000,1,0.27576006753052007,0.2716908913465737,0.2716908752918243,0.004069176183946366,1.605474941879237e-08
test_stage1_dn_0015,scene0101_00,scene0101_00__bed_032,scene0101_00__desk_027,7080,5789,5000,2,0.27570306352146734,0.2716908913465737,0.2716908752918243,0.004012172174893636,1.605474941879237e-08
test_stage1_dn_0015,scene0101_00,scene0101_00__bed_032,scene0101_00__desk_027,7080,5789,5000,3,0.2740435629792443,0.2716908913465737,0.2716908752918243,0.002352671632670611,1.605474941879237e-08
test_stage1_dn_0015,scene0101_00,scene0101_00__bed_032,scene0101_00__desk_027,7080,5789,5000,4,0.27415204865482296,0.2716908913465737,0.2716908752918243,0.002461157308249251,1.605474941879237e-08
test_stage1_dn_0015,scene0101_00,scene0101_00__bed_032,scene0101_00__desk_027,7080,5789,10000,0,0.27415204865482296,0.2716908913465737,0.2716908752918243,0.002461157308249251,1.605474941879237e-08
test_stage1_dn_0015,scene0101_00,scene0101_00__bed_032,scene0101_00__desk_027,7080,5789,10000,1,0.27576006164779043,0.2716908913465737,0.2716908752918243,0.004069170301216729,1.605474941879237e-08
test_stage1_dn_0015,scene0101_00,scene0101_00__bed_032,scene0101_00__desk_027,7080,5789,10000,2,0.2716908913465737,0.2716908913465737,0.2716908752918243,0.0,1.605474941879237e-08
test_stage1_dn_0015,scene0101_00,scene0101_00__bed_032,scene0101_00__desk_027,7080,5789,10000,3,0.27415204865482296,0.2716908913465737,0.2716908752918243,0.002461157308249251,1.605474941879237e-08
test_stage1_dn_0015,scene0101_00,scene0101_00__bed_032,scene0101_00__desk_027,7080,5789,10000,4,0.2716908913465737,0.2716908913465737,0.2716908752918243,0.0,1.605474941879237e-08
test_stage1_dn_0015,scene0101_00,scene0101_00__bed_032,scene0101_00__desk_027,7080,5789,20000,0,0.2716908913465737,0.2716908913465737,0.2716908752918243,0.0,1.605474941879237e-08
test_stage1_dn_0015,scene0101_00,scene0101_00__bed_032,scene0101_00__desk_027,7080,5789,20000,1,0.27415204865482296,0.2716908913465737,0.2716908752918243,0.002461157308249251,1.605474941879237e-08
test_stage1_dn_0015,scene0101_00,scene0101_00__bed_032,scene0101_00__desk_027,7080,5789,20000,2,0.2716908913465737,0.2716908913465737,0.2716908752918243,0.0,1.605474941879237e-08
test_stage1_dn_0015,scene0101_00,scene0101_00__bed_032,scene0101_00__desk_027,7080,5789,20000,3,0.2716908913465737,0.2716908913465737,0.2716908752918243,0.0,1.605474941879237e-08
test_stage1_dn_0015,scene0101_00,scene0101_00__bed_032,scene0101_00__desk_027,7080,5789,20000,4,0.2716908913465737,0.2716908913465737,0.2716908752918243,0.0,1.605474941879237e-08
test_stage1_dn_0016,scene0101_00,scene0101_00__desk_027,scene0101_00__sofa_019,5789,5513,512,0,0.2808471850864686,0.26851038777563135,0.2685104012489319,0.012336797310837255,1.347330053080853e-08
test_stage1_dn_0016,scene0101_00,scene0101_00__desk_027,scene0101_00__sofa_019,5789,5513,512,1,0.30675307381254213,0.26851038777563135,0.2685104012489319,0.03824268603691078,1.347330053080853e-08
test_stage1_dn_0016,scene0101_00,scene0101_00__desk_027,scene0101_00__sofa_019,5789,5513,512,2,0.2869742655935766,0.26851038777563135,0.2685104012489319,0.01846387781794523,1.347330053080853e-08
test_stage1_dn_0016,scene0101_00,scene0101_00__desk_027,scene0101_00__sofa_019,5789,5513,512,3,0.3138063634271374,0.26851038777563135,0.2685104012489319,0.04529597565150606,1.347330053080853e-08
test_stage1_dn_0016,scene0101_00,scene0101_00__desk_027,scene0101_00__sofa_019,5789,5513,512,4,0.2730193583908791,0.26851038777563135,0.2685104012489319,0.004508970615247743,1.347330053080853e-08
test_stage1_dn_0016,scene0101_00,scene0101_00__desk_027,scene0101_00__sofa_019,5789,5513,1000,0,0.27306970035347017,0.26851038777563135,0.2685104012489319,0.004559312577838814,1.347330053080853e-08
test_stage1_dn_0016,scene0101_00,scene0101_00__desk_027,scene0101_00__sofa_019,5789,5513,1000,1,0.272518748565611,0.26851038777563135,0.2685104012489319,0.004008360789979626,1.347330053080853e-08
test_stage1_dn_0016,scene0101_00,scene0101_00__desk_027,scene0101_00__sofa_019,5789,5513,1000,2,0.28511092100379587,0.26851038777563135,0.2685104012489319,0.016600533228164516,1.347330053080853e-08
test_stage1_dn_0016,scene0101_00,scene0101_00__desk_027,scene0101_00__sofa_019,5789,5513,1000,3,0.2945109877451337,0.26851038777563135,0.2685104012489319,0.026000599969502325,1.347330053080853e-08
test_stage1_dn_0016,scene0101_00,scene0101_00__desk_027,scene0101_00__sofa_019,5789,5513,1000,4,0.29154997379699843,0.26851038777563135,0.2685104012489319,0.023039586021367076,1.347330053080853e-08
test_stage1_dn_0016,scene0101_00,scene0101_00__desk_027,scene0101_00__sofa_019,5789,5513,2000,0,0.27209308574369245,0.26851038777563135,0.2685104012489319,0.0035826979680610993,1.347330053080853e-08
test_stage1_dn_0016,scene0101_00,scene0101_00__desk_027,scene0101_00__sofa_019,5789,5513,2000,1,0.272518748565611,0.26851038777563135,0.2685104012489319,0.004008360789979626,1.347330053080853e-08
test_stage1_dn_0016,scene0101_00,scene0101_00__desk_027,scene0101_00__sofa_019,5789,5513,2000,2,0.2720157018105123,0.26851038777563135,0.2685104012489319,0.0035053140348809686,1.347330053080853e-08
test_stage1_dn_0016,scene0101_00,scene0101_00__desk_027,scene0101_00__sofa_019,5789,5513,2000,3,0.26851038777563135,0.26851038777563135,0.2685104012489319,0.0,1.347330053080853e-08
test_stage1_dn_0016,scene0101_00,scene0101_00__desk_027,scene0101_00__sofa_019,5789,5513,2000,4,0.27624229188626287,0.26851038777563135,0.2685104012489319,0.007731904110631516,1.347330053080853e-08
test_stage1_dn_0016,scene0101_00,scene0101_00__desk_027,scene0101_00__sofa_019,5789,5513,5000,0,0.27056346807448867,0.26851038777563135,0.2685104012489319,0.0020530802988573127,1.347330053080853e-08
test_stage1_dn_0016,scene0101_00,scene0101_00__desk_027,scene0101_00__sofa_019,5789,5513,5000,1,0.26851038777563135,0.26851038777563135,0.2685104012489319,0.0,1.347330053080853e-08
test_stage1_dn_0016,scene0101_00,scene0101_00__desk_027,scene0101_00__sofa_019,5789,5513,5000,2,0.26851038777563135,0.26851038777563135,0.2685104012489319,0.0,1.347330053080853e-08
test_stage1_dn_0016,scene0101_00,scene0101_00__desk_027,scene0101_00__sofa_019,5789,5513,5000,3,0.26851038777563135,0.26851038777563135,0.2685104012489319,0.0,1.347330053080853e-08
test_stage1_dn_0016,scene0101_00,scene0101_00__desk_027,scene0101_00__sofa_019,5789,5513,5000,4,0.26851038777563135,0.26851038777563135,0.2685104012489319,0.0,1.347330053080853e-08
test_stage1_dn_0016,scene0101_00,scene0101_00__desk_027,scene0101_00__sofa_019,5789,5513,10000,0,0.26851038777563135,0.26851038777563135,0.2685104012489319,0.0,1.347330053080853e-08
test_stage1_dn_0016,scene0101_00,scene0101_00__desk_027,scene0101_00__sofa_019,5789,5513,10000,1,0.2720157018105123,0.26851038777563135,0.2685104012489319,0.0035053140348809686,1.347330053080853e-08
test_stage1_dn_0016,scene0101_00,scene0101_00__desk_027,scene0101_00__sofa_019,5789,5513,10000,2,0.27056346807448867,0.26851038777563135,0.2685104012489319,0.0020530802988573127,1.347330053080853e-08
test_stage1_dn_0016,scene0101_00,scene0101_00__desk_027,scene0101_00__sofa_019,5789,5513,10000,3,0.26851038777563135,0.26851038777563135,0.2685104012489319,0.0,1.347330053080853e-08
test_stage1_dn_0016,scene0101_00,scene0101_00__desk_027,scene0101_00__sofa_019,5789,5513,10000,4,0.26869614351249127,0.26851038777563135,0.2685104012489319,0.0001857557368599161,1.347330053080853e-08
test_stage1_dn_0016,scene0101_00,scene0101_00__desk_027,scene0101_00__sofa_019,5789,5513,20000,0,0.26851038777563135,0.26851038777563135,0.2685104012489319,0.0,1.347330053080853e-08
test_stage1_dn_0016,scene0101_00,scene0101_00__desk_027,scene0101_00__sofa_019,5789,5513,20000,1,0.26851038777563135,0.26851038777563135,0.2685104012489319,0.0,1.347330053080853e-08
test_stage1_dn_0016,scene0101_00,scene0101_00__desk_027,scene0101_00__sofa_019,5789,5513,20000,2,0.26851038777563135,0.26851038777563135,0.2685104012489319,0.0,1.347330053080853e-08
test_stage1_dn_0016,scene0101_00,scene0101_00__desk_027,scene0101_00__sofa_019,5789,5513,20000,3,0.26851038777563135,0.26851038777563135,0.2685104012489319,0.0,1.347330053080853e-08
test_stage1_dn_0016,scene0101_00,scene0101_00__desk_027,scene0101_00__sofa_019,5789,5513,20000,4,0.26869614351249127,0.26851038777563135,0.2685104012489319,0.0001857557368599161,1.347330053080853e-08
test_stage1_dn_0017,scene0106_00,scene0106_00__chair_010,scene0106_00__door_037,2489,6661,512,0,0.4153949818764749,0.3147442764397918,0.3147442936897278,0.10065070543668309,1.7249935979624098e-08
test_stage1_dn_0017,scene0106_00,scene0106_00__chair_010,scene0106_00__door_037,2489,6661,512,1,0.38123766892330246,0.3147442764397918,0.3147442936897278,0.06649339248351066,1.7249935979624098e-08
test_stage1_dn_0017,scene0106_00,scene0106_00__chair_010,scene0106_00__door_037,2489,6661,512,2,0.3953312310403397,0.3147442764397918,0.3147442936897278,0.08058695460054788,1.7249935979624098e-08
test_stage1_dn_0017,scene0106_00,scene0106_00__chair_010,scene0106_00__door_037,2489,6661,512,3,0.40357639912233867,0.3147442764397918,0.3147442936897278,0.08883212268254687,1.7249935979624098e-08
test_stage1_dn_0017,scene0106_00,scene0106_00__chair_010,scene0106_00__door_037,2489,6661,512,4,0.4014592671779038,0.3147442764397918,0.3147442936897278,0.08671499073811201,1.7249935979624098e-08
test_stage1_dn_0017,scene0106_00,scene0106_00__chair_010,scene0106_00__door_037,2489,6661,1000,0,0.3845055527057726,0.3147442764397918,0.3147442936897278,0.06976127626598078,1.7249935979624098e-08
test_stage1_dn_0017,scene0106_00,scene0106_00__chair_010,scene0106_00__door_037,2489,6661,1000,1,0.33934057527043987,0.3147442764397918,0.3147442936897278,0.024596298830648067,1.7249935979624098e-08
test_stage1_dn_0017,scene0106_00,scene0106_00__chair_010,scene0106_00__door_037,2489,6661,1000,2,0.3895440991487286,0.3147442764397918,0.3147442936897278,0.07479982270893681,1.7249935979624098e-08
test_stage1_dn_0017,scene0106_00,scene0106_00__chair_010,scene0106_00__door_037,2489,6661,1000,3,0.33934057527043987,0.3147442764397918,0.3147442936897278,0.024596298830648067,1.7249935979624098e-08
test_stage1_dn_0017,scene0106_00,scene0106_00__chair_010,scene0106_00__door_037,2489,6661,1000,4,0.33945184775498016,0.3147442764397918,0.3147442936897278,0.02470757131518836,1.7249935979624098e-08
test_stage1_dn_0017,scene0106_00,scene0106_00__chair_010,scene0106_00__door_037,2489,6661,2000,0,0.3147442764397918,0.3147442764397918,0.3147442936897278,0.0,1.7249935979624098e-08
test_stage1_dn_0017,scene0106_00,scene0106_00__chair_010,scene0106_00__door_037,2489,6661,2000,1,0.3147442764397918,0.3147442764397918,0.3147442936897278,0.0,1.7249935979624098e-08
test_stage1_dn_0017,scene0106_00,scene0106_00__chair_010,scene0106_00__door_037,2489,6661,2000,2,0.33934057527043987,0.3147442764397918,0.3147442936897278,0.024596298830648067,1.7249935979624098e-08
test_stage1_dn_0017,scene0106_00,scene0106_00__chair_010,scene0106_00__door_037,2489,6661,2000,3,0.3382090439393832,0.3147442764397918,0.3147442936897278,0.02346476749959142,1.7249935979624098e-08
test_stage1_dn_0017,scene0106_00,scene0106_00__chair_010,scene0106_00__door_037,2489,6661,2000,4,0.3147442764397918,0.3147442764397918,0.3147442936897278,0.0,1.7249935979624098e-08
test_stage1_dn_0017,scene0106_00,scene0106_00__chair_010,scene0106_00__door_037,2489,6661,5000,0,0.3275626662286339,0.3147442764397918,0.3147442936897278,0.012818389788842088,1.7249935979624098e-08
test_stage1_dn_0017,scene0106_00,scene0106_00__chair_010,scene0106_00__door_037,2489,6661,5000,1,0.3147442764397918,0.3147442764397918,0.3147442936897278,0.0,1.7249935979624098e-08
test_stage1_dn_0017,scene0106_00,scene0106_00__chair_010,scene0106_00__door_037,2489,6661,5000,2,0.3147442764397918,0.3147442764397918,0.3147442936897278,0.0,1.7249935979624098e-08
test_stage1_dn_0017,scene0106_00,scene0106_00__chair_010,scene0106_00__door_037,2489,6661,5000,3,0.3147442764397918,0.3147442764397918,0.3147442936897278,0.0,1.7249935979624098e-08
test_stage1_dn_0017,scene0106_00,scene0106_00__chair_010,scene0106_00__door_037,2489,6661,5000,4,0.3275626662286339,0.3147442764397918,0.3147442936897278,0.012818389788842088,1.7249935979624098e-08
test_stage1_dn_0017,scene0106_00,scene0106_00__chair_010,scene0106_00__door_037,2489,6661,10000,0,0.3147442764397918,0.3147442764397918,0.3147442936897278,0.0,1.7249935979624098e-08
test_stage1_dn_0017,scene0106_00,scene0106_00__chair_010,scene0106_00__door_037,2489,6661,10000,1,0.3147442764397918,0.3147442764397918,0.3147442936897278,0.0,1.7249935979624098e-08
test_stage1_dn_0017,scene0106_00,scene0106_00__chair_010,scene0106_00__door_037,2489,6661,10000,2,0.3147442764397918,0.3147442764397918,0.3147442936897278,0.0,1.7249935979624098e-08
test_stage1_dn_0017,scene0106_00,scene0106_00__chair_010,scene0106_00__door_037,2489,6661,10000,3,0.3147442764397918,0.3147442764397918,0.3147442936897278,0.0,1.7249935979624098e-08
test_stage1_dn_0017,scene0106_00,scene0106_00__chair_010,scene0106_00__door_037,2489,6661,10000,4,0.3147442764397918,0.3147442764397918,0.3147442936897278,0.0,1.7249935979624098e-08
test_stage1_dn_0017,scene0106_00,scene0106_00__chair_010,scene0106_00__door_037,2489,6661,20000,0,0.3147442764397918,0.3147442764397918,0.3147442936897278,0.0,1.7249935979624098e-08
test_stage1_dn_0017,scene0106_00,scene0106_00__chair_010,scene0106_00__door_037,2489,6661,20000,1,0.3147442764397918,0.3147442764397918,0.3147442936897278,0.0,1.7249935979624098e-08
test_stage1_dn_0017,scene0106_00,scene0106_00__chair_010,scene0106_00__door_037,2489,6661,20000,2,0.3147442764397918,0.3147442764397918,0.3147442936897278,0.0,1.7249935979624098e-08
test_stage1_dn_0017,scene0106_00,scene0106_00__chair_010,scene0106_00__door_037,2489,6661,20000,3,0.3147442764397918,0.3147442764397918,0.3147442936897278,0.0,1.7249935979624098e-08
test_stage1_dn_0017,scene0106_00,scene0106_00__chair_010,scene0106_00__door_037,2489,6661,20000,4,0.3147442764397918,0.3147442764397918,0.3147442936897278,0.0,1.7249935979624098e-08
test_stage1_dn_0018,scene0106_00,scene0106_00__chair_018,scene0106_00__monitor_033,1263,644,512,0,0.3007961501387126,0.29841969362088905,0.2984196841716766,0.002376456517823533,9.449212468037871e-09
test_stage1_dn_0018,scene0106_00,scene0106_00__chair_018,scene0106_00__monitor_033,1263,644,512,1,0.3004908671067243,0.29841969362088905,0.2984196841716766,0.0020711734858352426,9.449212468037871e-09
test_stage1_dn_0018,scene0106_00,scene0106_00__chair_018,scene0106_00__monitor_033,1263,644,512,2,0.29841969362088905,0.29841969362088905,0.2984196841716766,0.0,9.449212468037871e-09
test_stage1_dn_0018,scene0106_00,scene0106_00__chair_018,scene0106_00__monitor_033,1263,644,512,3,0.2985584266383523,0.29841969362088905,0.2984196841716766,0.00013873301746325506,9.449212468037871e-09
test_stage1_dn_0018,scene0106_00,scene0106_00__chair_018,scene0106_00__monitor_033,1263,644,512,4,0.29841969362088905,0.29841969362088905,0.2984196841716766,0.0,9.449212468037871e-09
test_stage1_dn_0018,scene0106_00,scene0106_00__chair_018,scene0106_00__monitor_033,1263,644,1000,0,0.29841969362088905,0.29841969362088905,0.2984196841716766,0.0,9.449212468037871e-09
test_stage1_dn_0018,scene0106_00,scene0106_00__chair_018,scene0106_00__monitor_033,1263,644,1000,1,0.2985584266383523,0.29841969362088905,0.2984196841716766,0.00013873301746325506,9.449212468037871e-09
test_stage1_dn_0018,scene0106_00,scene0106_00__chair_018,scene0106_00__monitor_033,1263,644,1000,2,0.29841969362088905,0.29841969362088905,0.2984196841716766,0.0,9.449212468037871e-09
test_stage1_dn_0018,scene0106_00,scene0106_00__chair_018,scene0106_00__monitor_033,1263,644,1000,3,0.29841969362088905,0.29841969362088905,0.2984196841716766,0.0,9.449212468037871e-09
test_stage1_dn_0018,scene0106_00,scene0106_00__chair_018,scene0106_00__monitor_033,1263,644,1000,4,0.2988386325291707,0.29841969362088905,0.2984196841716766,0.0004189389082816519,9.449212468037871e-09
test_stage1_dn_0018,scene0106_00,scene0106_00__chair_018,scene0106_00__monitor_033,1263,644,2000,0,0.29841969362088905,0.29841969362088905,0.2984196841716766,0.0,9.449212468037871e-09
test_stage1_dn_0018,scene0106_00,scene0106_00__chair_018,scene0106_00__monitor_033,1263,644,2000,1,0.30029007287641774,0.29841969362088905,0.2984196841716766,0.0018703792555286869,9.449212468037871e-09
test_stage1_dn_0018,scene0106_00,scene0106_00__chair_018,scene0106_00__monitor_033,1263,644,2000,2,0.29841969362088905,0.29841969362088905,0.2984196841716766,0.0,9.449212468037871e-09
test_stage1_dn_0018,scene0106_00,scene0106_00__chair_018,scene0106_00__monitor_033,1263,644,2000,3,0.29841969362088905,0.29841969362088905,0.2984196841716766,0.0,9.449212468037871e-09
test_stage1_dn_0018,scene0106_00,scene0106_00__chair_018,scene0106_00__monitor_033,1263,644,2000,4,0.29841969362088905,0.29841969362088905,0.2984196841716766,0.0,9.449212468037871e-09
test_stage1_dn_0018,scene0106_00,scene0106_00__chair_018,scene0106_00__monitor_033,1263,644,5000,0,0.29841969362088905,0.29841969362088905,0.2984196841716766,0.0,9.449212468037871e-09
test_stage1_dn_0018,scene0106_00,scene0106_00__chair_018,scene0106_00__monitor_033,1263,644,5000,1,0.29841969362088905,0.29841969362088905,0.2984196841716766,0.0,9.449212468037871e-09
test_stage1_dn_0018,scene0106_00,scene0106_00__chair_018,scene0106_00__monitor_033,1263,644,5000,2,0.29841969362088905,0.29841969362088905,0.2984196841716766,0.0,9.449212468037871e-09
test_stage1_dn_0018,scene0106_00,scene0106_00__chair_018,scene0106_00__monitor_033,1263,644,5000,3,0.29841969362088905,0.29841969362088905,0.2984196841716766,0.0,9.449212468037871e-09
test_stage1_dn_0018,scene0106_00,scene0106_00__chair_018,scene0106_00__monitor_033,1263,644,5000,4,0.29841969362088905,0.29841969362088905,0.2984196841716766,0.0,9.449212468037871e-09
test_stage1_dn_0018,scene0106_00,scene0106_00__chair_018,scene0106_00__monitor_033,1263,644,10000,0,0.29841969362088905,0.29841969362088905,0.2984196841716766,0.0,9.449212468037871e-09
test_stage1_dn_0018,scene0106_00,scene0106_00__chair_018,scene0106_00__monitor_033,1263,644,10000,1,0.29841969362088905,0.29841969362088905,0.2984196841716766,0.0,9.449212468037871e-09
test_stage1_dn_0018,scene0106_00,scene0106_00__chair_018,scene0106_00__monitor_033,1263,644,10000,2,0.29841969362088905,0.29841969362088905,0.2984196841716766,0.0,9.449212468037871e-09
test_stage1_dn_0018,scene0106_00,scene0106_00__chair_018,scene0106_00__monitor_033,1263,644,10000,3,0.29841969362088905,0.29841969362088905,0.2984196841716766,0.0,9.449212468037871e-09
test_stage1_dn_0018,scene0106_00,scene0106_00__chair_018,scene0106_00__monitor_033,1263,644,10000,4,0.29841969362088905,0.29841969362088905,0.2984196841716766,0.0,9.449212468037871e-09
test_stage1_dn_0018,scene0106_00,scene0106_00__chair_018,scene0106_00__monitor_033,1263,644,20000,0,0.29841969362088905,0.29841969362088905,0.2984196841716766,0.0,9.449212468037871e-09
test_stage1_dn_0018,scene0106_00,scene0106_00__chair_018,scene0106_00__monitor_033,1263,644,20000,1,0.29841969362088905,0.29841969362088905,0.2984196841716766,0.0,9.449212468037871e-09
test_stage1_dn_0018,scene0106_00,scene0106_00__chair_018,scene0106_00__monitor_033,1263,644,20000,2,0.29841969362088905,0.29841969362088905,0.2984196841716766,0.0,9.449212468037871e-09
test_stage1_dn_0018,scene0106_00,scene0106_00__chair_018,scene0106_00__monitor_033,1263,644,20000,3,0.29841969362088905,0.29841969362088905,0.2984196841716766,0.0,9.449212468037871e-09
test_stage1_dn_0018,scene0106_00,scene0106_00__chair_018,scene0106_00__monitor_033,1263,644,20000,4,0.29841969362088905,0.29841969362088905,0.2984196841716766,0.0,9.449212468037871e-09
test_stage1_dn_0019,scene0106_00,scene0106_00__chair_018,scene0106_00__table_002,1263,5633,512,0,0.2021178508039703,0.19787830629910205,0.1978783160448074,0.004239544504868242,9.745705353836343e-09
test_stage1_dn_0019,scene0106_00,scene0106_00__chair_018,scene0106_00__table_002,1263,5633,512,1,0.20311246208790099,0.19787830629910205,0.1978783160448074,0.005234155788798933,9.745705353836343e-09
test_stage1_dn_0019,scene0106_00,scene0106_00__chair_018,scene0106_00__table_002,1263,5633,512,2,0.2013218528116616,0.19787830629910205,0.1978783160448074,0.003443546512559542,9.745705353836343e-09
test_stage1_dn_0019,scene0106_00,scene0106_00__chair_018,scene0106_00__table_002,1263,5633,512,3,0.20351174239401465,0.19787830629910205,0.1978783160448074,0.005633436094912597,9.745705353836343e-09
test_stage1_dn_0019,scene0106_00,scene0106_00__chair_018,scene0106_00__table_002,1263,5633,512,4,0.20641833826942663,0.19787830629910205,0.1978783160448074,0.008540031970324574,9.745705353836343e-09
test_stage1_dn_0019,scene0106_00,scene0106_00__chair_018,scene0106_00__table_002,1263,5633,1000,0,0.20080043649627186,0.19787830629910205,0.1978783160448074,0.0029221301971698033,9.745705353836343e-09
test_stage1_dn_0019,scene0106_00,scene0106_00__chair_018,scene0106_00__table_002,1263,5633,1000,1,0.20678079238337574,0.19787830629910205,0.1978783160448074,0.008902486084273686,9.745705353836343e-09
test_stage1_dn_0019,scene0106_00,scene0106_00__chair_018,scene0106_00__table_002,1263,5633,1000,2,0.20311246208790099,0.19787830629910205,0.1978783160448074,0.005234155788798933,9.745705353836343e-09
test_stage1_dn_0019,scene0106_00,scene0106_00__chair_018,scene0106_00__table_002,1263,5633,1000,3,0.20300303939998576,0.19787830629910205,0.1978783160448074,0.0051247331008837105,9.745705353836343e-09
test_stage1_dn_0019,scene0106_00,scene0106_00__chair_018,scene0106_00__table_002,1263,5633,1000,4,0.19787830629910205,0.19787830629910205,0.1978783160448074,0.0,9.745705353836343e-09
test_stage1_dn_0019,scene0106_00,scene0106_00__chair_018,scene0106_00__table_002,1263,5633,2000,0,0.19954712080468442,0.19787830629910205,0.1978783160448074,0.0016688145055823722,9.745705353836343e-09
test_stage1_dn_0019,scene0106_00,scene0106_00__chair_018,scene0106_00__table_002,1263,5633,2000,1,0.20080043649627186,0.19787830629910205,0.1978783160448074,0.0029221301971698033,9.745705353836343e-09
test_stage1_dn_0019,scene0106_00,scene0106_00__chair_018,scene0106_00__table_002,1263,5633,2000,2,0.19787830629910205,0.19787830629910205,0.1978783160448074,0.0,9.745705353836343e-09
test_stage1_dn_0019,scene0106_00,scene0106_00__chair_018,scene0106_00__table_002,1263,5633,2000,3,0.20213014859848683,0.19787830629910205,0.1978783160448074,0.004251842299384773,9.745705353836343e-09
test_stage1_dn_0019,scene0106_00,scene0106_00__chair_018,scene0106_00__table_002,1263,5633,2000,4,0.19787830629910205,0.19787830629910205,0.1978783160448074,0.0,9.745705353836343e-09
test_stage1_dn_0019,scene0106_00,scene0106_00__chair_018,scene0106_00__table_002,1263,5633,5000,0,0.1980549710949027,0.19787830629910205,0.1978783160448074,0.00017666479580064065,9.745705353836343e-09
test_stage1_dn_0019,scene0106_00,scene0106_00__chair_018,scene0106_00__table_002,1263,5633,5000,1,0.19787830629910205,0.19787830629910205,0.1978783160448074,0.0,9.745705353836343e-09
test_stage1_dn_0019,scene0106_00,scene0106_00__chair_018,scene0106_00__table_002,1263,5633,5000,2,0.19787830629910205,0.19787830629910205,0.1978783160448074,0.0,9.745705353836343e-09
test_stage1_dn_0019,scene0106_00,scene0106_00__chair_018,scene0106_00__table_002,1263,5633,5000,3,0.19787830629910205,0.19787830629910205,0.1978783160448074,0.0,9.745705353836343e-09
test_stage1_dn_0019,scene0106_00,scene0106_00__chair_018,scene0106_00__table_002,1263,5633,5000,4,0.20080043649627186,0.19787830629910205,0.1978783160448074,0.0029221301971698033,9.745705353836343e-09
test_stage1_dn_0019,scene0106_00,scene0106_00__chair_018,scene0106_00__table_002,1263,5633,10000,0,0.19787830629910205,0.19787830629910205,0.1978783160448074,0.0,9.745705353836343e-09
test_stage1_dn_0019,scene0106_00,scene0106_00__chair_018,scene0106_00__table_002,1263,5633,10000,1,0.19787830629910205,0.19787830629910205,0.1978783160448074,0.0,9.745705353836343e-09
test_stage1_dn_0019,scene0106_00,scene0106_00__chair_018,scene0106_00__table_002,1263,5633,10000,2,0.19787830629910205,0.19787830629910205,0.1978783160448074,0.0,9.745705353836343e-09
test_stage1_dn_0019,scene0106_00,scene0106_00__chair_018,scene0106_00__table_002,1263,5633,10000,3,0.19787830629910205,0.19787830629910205,0.1978783160448074,0.0,9.745705353836343e-09
test_stage1_dn_0019,scene0106_00,scene0106_00__chair_018,scene0106_00__table_002,1263,5633,10000,4,0.19787830629910205,0.19787830629910205,0.1978783160448074,0.0,9.745705353836343e-09
test_stage1_dn_0019,scene0106_00,scene0106_00__chair_018,scene0106_00__table_002,1263,5633,20000,0,0.19787830629910205,0.19787830629910205,0.1978783160448074,0.0,9.745705353836343e-09
test_stage1_dn_0019,scene0106_00,scene0106_00__chair_018,scene0106_00__table_002,1263,5633,20000,1,0.19787830629910205,0.19787830629910205,0.1978783160448074,0.0,9.745705353836343e-09
test_stage1_dn_0019,scene0106_00,scene0106_00__chair_018,scene0106_00__table_002,1263,5633,20000,2,0.19787830629910205,0.19787830629910205,0.1978783160448074,0.0,9.745705353836343e-09
test_stage1_dn_0019,scene0106_00,scene0106_00__chair_018,scene0106_00__table_002,1263,5633,20000,3,0.19787830629910205,0.19787830629910205,0.1978783160448074,0.0,9.745705353836343e-09
test_stage1_dn_0019,scene0106_00,scene0106_00__chair_018,scene0106_00__table_002,1263,5633,20000,4,0.19787830629910205,0.19787830629910205,0.1978783160448074,0.0,9.745705353836343e-09
test_stage1_dn_0020,scene0110_00,scene0110_00__bed_013,scene0110_00__door_004,11346,3459,512,0,0.4120776721923606,0.3989245363207067,0.3989245295524597,0.013153135871653898,6.768246962884916e-09
test_stage1_dn_0020,scene0110_00,scene0110_00__bed_013,scene0110_00__door_004,11346,3459,512,1,0.405705580228133,0.3989245363207067,0.3989245295524597,0.006781043907426343,6.768246962884916e-09
test_stage1_dn_0020,scene0110_00,scene0110_00__bed_013,scene0110_00__door_004,11346,3459,512,2,0.40876107253324484,0.3989245363207067,0.3989245295524597,0.00983653621253816,6.768246962884916e-09
test_stage1_dn_0020,scene0110_00,scene0110_00__bed_013,scene0110_00__door_004,11346,3459,512,3,0.41205658354770525,0.3989245363207067,0.3989245295524597,0.013132047226998567,6.768246962884916e-09
test_stage1_dn_0020,scene0110_00,scene0110_00__bed_013,scene0110_00__door_004,11346,3459,512,4,0.4106257952339693,0.3989245363207067,0.3989245295524597,0.011701258913262624,6.768246962884916e-09
test_stage1_dn_0020,scene0110_00,scene0110_00__bed_013,scene0110_00__door_004,11346,3459,1000,0,0.4001781138177797,0.3989245363207067,0.3989245295524597,0.0012535774970729996,6.768246962884916e-09
test_stage1_dn_0020,scene0110_00,scene0110_00__bed_013,scene0110_00__door_004,11346,3459,1000,1,0.41010157115610335,0.3989245363207067,0.3989245295524597,0.01117703483539667,6.768246962884916e-09
test_stage1_dn_0020,scene0110_00,scene0110_00__bed_013,scene0110_00__door_004,11346,3459,1000,2,0.40876107253324484,0.3989245363207067,0.3989245295524597,0.00983653621253816,6.768246962884916e-09
test_stage1_dn_0020,scene0110_00,scene0110_00__bed_013,scene0110_00__door_004,11346,3459,1000,3,0.39943089009058674,0.3989245363207067,0.3989245295524597,0.0005063537698800635,6.768246962884916e-09
test_stage1_dn_0020,scene0110_00,scene0110_00__bed_013,scene0110_00__door_004,11346,3459,1000,4,0.40726981712236826,0.3989245363207067,0.3989245295524597,0.008345280801661581,6.768246962884916e-09
test_stage1_dn_0020,scene0110_00,scene0110_00__bed_013,scene0110_00__door_004,11346,3459,2000,0,0.3996241988206772,0.3989245363207067,0.3989245295524597,0.0006996624999704992,6.768246962884916e-09
test_stage1_dn_0020,scene0110_00,scene0110_00__bed_013,scene0110_00__door_004,11346,3459,2000,1,0.40521863257289603,0.3989245363207067,0.3989245295524597,0.006294096252189352,6.768246962884916e-09
test_stage1_dn_0020,scene0110_00,scene0110_00__bed_013,scene0110_00__door_004,11346,3459,2000,2,0.4049644004234898,0.3989245363207067,0.3989245295524597,0.006039864102783121,6.768246962884916e-09
test_stage1_dn_0020,scene0110_00,scene0110_00__bed_013,scene0110_00__door_004,11346,3459,2000,3,0.3991976628350439,0.3989245363207067,0.3989245295524597,0.00027312651433719637,6.768246962884916e-09
test_stage1_dn_0020,scene0110_00,scene0110_00__bed_013,scene0110_00__door_004,11346,3459,2000,4,0.3996241988206772,0.3989245363207067,0.3989245295524597,0.0006996624999704992,6.768246962884916e-09
test_stage1_dn_0020,scene0110_00,scene0110_00__bed_013,scene0110_00__door_004,11346,3459,5000,0,0.3991527591652603,0.3989245363207067,0.3989245295524597,0.00022822284455359387,6.768246962884916e-09
test_stage1_dn_0020,scene0110_00,scene0110_00__bed_013,scene0110_00__door_004,11346,3459,5000,1,0.3997601972957757,0.3989245363207067,0.3989245295524597,0.0008356609750690414,6.768246962884916e-09
test_stage1_dn_0020,scene0110_00,scene0110_00__bed_013,scene0110_00__door_004,11346,3459,5000,2,0.3997601972957757,0.3989245363207067,0.3989245295524597,0.0008356609750690414,6.768246962884916e-09
test_stage1_dn_0020,scene0110_00,scene0110_00__bed_013,scene0110_00__door_004,11346,3459,5000,3,0.3989245363207067,0.3989245363207067,0.3989245295524597,0.0,6.768246962884916e-09
test_stage1_dn_0020,scene0110_00,scene0110_00__bed_013,scene0110_00__door_004,11346,3459,5000,4,0.3992640029586295,0.3989245363207067,0.3989245295524597,0.00033946663792283616,6.768246962884916e-09
test_stage1_dn_0020,scene0110_00,scene0110_00__bed_013,scene0110_00__door_004,11346,3459,10000,0,0.3991527591652603,0.3989245363207067,0.3989245295524597,0.00022822284455359387,6.768246962884916e-09
test_stage1_dn_0020,scene0110_00,scene0110_00__bed_013,scene0110_00__door_004,11346,3459,10000,1,0.3989245363207067,0.3989245363207067,0.3989245295524597,0.0,6.768246962884916e-09
test_stage1_dn_0020,scene0110_00,scene0110_00__bed_013,scene0110_00__door_004,11346,3459,10000,2,0.3991976628350439,0.3989245363207067,0.3989245295524597,0.00027312651433719637,6.768246962884916e-09
test_stage1_dn_0020,scene0110_00,scene0110_00__bed_013,scene0110_00__door_004,11346,3459,10000,3,0.3989245363207067,0.3989245363207067,0.3989245295524597,0.0,6.768246962884916e-09
test_stage1_dn_0020,scene0110_00,scene0110_00__bed_013,scene0110_00__door_004,11346,3459,10000,4,0.3991527591652603,0.3989245363207067,0.3989245295524597,0.00022822284455359387,6.768246962884916e-09
test_stage1_dn_0020,scene0110_00,scene0110_00__bed_013,scene0110_00__door_004,11346,3459,20000,0,0.3989245363207067,0.3989245363207067,0.3989245295524597,0.0,6.768246962884916e-09
test_stage1_dn_0020,scene0110_00,scene0110_00__bed_013,scene0110_00__door_004,11346,3459,20000,1,0.3991527591652603,0.3989245363207067,0.3989245295524597,0.00022822284455359387,6.768246962884916e-09
test_stage1_dn_0020,scene0110_00,scene0110_00__bed_013,scene0110_00__door_004,11346,3459,20000,2,0.3989245363207067,0.3989245363207067,0.3989245295524597,0.0,6.768246962884916e-09
test_stage1_dn_0020,scene0110_00,scene0110_00__bed_013,scene0110_00__door_004,11346,3459,20000,3,0.3989245363207067,0.3989245363207067,0.3989245295524597,0.0,6.768246962884916e-09
test_stage1_dn_0020,scene0110_00,scene0110_00__bed_013,scene0110_00__door_004,11346,3459,20000,4,0.3989245363207067,0.3989245363207067,0.3989245295524597,0.0,6.768246962884916e-09
test_stage1_dn_0021,scene0110_00,scene0110_00__chair_000,scene0110_00__door_004,2424,3459,512,0,2.1934578285326785,2.1708039960153416,2.170804023742676,0.02265383251733688,2.772733420641771e-08
test_stage1_dn_0021,scene0110_00,scene0110_00__chair_000,scene0110_00__door_004,2424,3459,512,1,2.1913496147824203,2.1708039960153416,2.170804023742676,0.02054561876707872,2.772733420641771e-08
test_stage1_dn_0021,scene0110_00,scene0110_00__chair_000,scene0110_00__door_004,2424,3459,512,2,2.184383049838577,2.1708039960153416,2.170804023742676,0.01357905382323521,2.772733420641771e-08
test_stage1_dn_0021,scene0110_00,scene0110_00__chair_000,scene0110_00__door_004,2424,3459,512,3,2.189697545073273,2.1708039960153416,2.170804023742676,0.01889354905793139,2.772733420641771e-08
test_stage1_dn_0021,scene0110_00,scene0110_00__chair_000,scene0110_00__door_004,2424,3459,512,4,2.188256435368638,2.1708039960153416,2.170804023742676,0.017452439353296434,2.772733420641771e-08
test_stage1_dn_0021,scene0110_00,scene0110_00__chair_000,scene0110_00__door_004,2424,3459,1000,0,2.1824748598141936,2.1708039960153416,2.170804023742676,0.011670863798852071,2.772733420641771e-08
test_stage1_dn_0021,scene0110_00,scene0110_00__chair_000,scene0110_00__door_004,2424,3459,1000,1,2.1750798889296004,2.1708039960153416,2.170804023742676,0.004275892914258783,2.772733420641771e-08
test_stage1_dn_0021,scene0110_00,scene0110_00__chair_000,scene0110_00__door_004,2424,3459,1000,2,2.1730886270196126,2.1708039960153416,2.170804023742676,0.0022846310042710094,2.772733420641771e-08
test_stage1_dn_0021,scene0110_00,scene0110_00__chair_000,scene0110_00__door_004,2424,3459,1000,3,2.1867872090502907,2.1708039960153416,2.170804023742676,0.015983213034949095,2.772733420641771e-08
test_stage1_dn_0021,scene0110_00,scene0110_00__chair_000,scene0110_00__door_004,2424,3459,1000,4,2.179550883426387,2.1708039960153416,2.170804023742676,0.008746887411045456,2.772733420641771e-08
test_stage1_dn_0021,scene0110_00,scene0110_00__chair_000,scene0110_00__door_004,2424,3459,2000,0,2.1730886270196126,2.1708039960153416,2.170804023742676,0.0022846310042710094,2.772733420641771e-08
test_stage1_dn_0021,scene0110_00,scene0110_00__chair_000,scene0110_00__door_004,2424,3459,2000,1,2.1812923718745436,2.1708039960153416,2.170804023742676,0.010488375859202037,2.772733420641771e-08
test_stage1_dn_0021,scene0110_00,scene0110_00__chair_000,scene0110_00__door_004,2424,3459,2000,2,2.1708039960153416,2.1708039960153416,2.170804023742676,0.0,2.772733420641771e-08
test_stage1_dn_0021,scene0110_00,scene0110_00__chair_000,scene0110_00__door_004,2424,3459,2000,3,2.172181428649983,2.1708039960153416,2.170804023742676,0.0013774326346416288,2.772733420641771e-08
test_stage1_dn_0021,scene0110_00,scene0110_00__chair_000,scene0110_00__door_004,2424,3459,2000,4,2.1708039960153416,2.1708039960153416,2.170804023742676,0.0,2.772733420641771e-08
test_stage1_dn_0021,scene0110_00,scene0110_00__chair_000,scene0110_00__door_004,2424,3459,5000,0,2.1708039960153416,2.1708039960153416,2.170804023742676,0.0,2.772733420641771e-08
test_stage1_dn_0021,scene0110_00,scene0110_00__chair_000,scene0110_00__door_004,2424,3459,5000,1,2.1708039960153416,2.1708039960153416,2.170804023742676,0.0,2.772733420641771e-08
test_stage1_dn_0021,scene0110_00,scene0110_00__chair_000,scene0110_00__door_004,2424,3459,5000,2,2.1708039960153416,2.1708039960153416,2.170804023742676,0.0,2.772733420641771e-08
test_stage1_dn_0021,scene0110_00,scene0110_00__chair_000,scene0110_00__door_004,2424,3459,5000,3,2.1708039960153416,2.1708039960153416,2.170804023742676,0.0,2.772733420641771e-08
test_stage1_dn_0021,scene0110_00,scene0110_00__chair_000,scene0110_00__door_004,2424,3459,5000,4,2.1708039960153416,2.1708039960153416,2.170804023742676,0.0,2.772733420641771e-08
test_stage1_dn_0021,scene0110_00,scene0110_00__chair_000,scene0110_00__door_004,2424,3459,10000,0,2.1708039960153416,2.1708039960153416,2.170804023742676,0.0,2.772733420641771e-08
test_stage1_dn_0021,scene0110_00,scene0110_00__chair_000,scene0110_00__door_004,2424,3459,10000,1,2.1708039960153416,2.1708039960153416,2.170804023742676,0.0,2.772733420641771e-08
test_stage1_dn_0021,scene0110_00,scene0110_00__chair_000,scene0110_00__door_004,2424,3459,10000,2,2.1708039960153416,2.1708039960153416,2.170804023742676,0.0,2.772733420641771e-08
test_stage1_dn_0021,scene0110_00,scene0110_00__chair_000,scene0110_00__door_004,2424,3459,10000,3,2.1708039960153416,2.1708039960153416,2.170804023742676,0.0,2.772733420641771e-08
test_stage1_dn_0021,scene0110_00,scene0110_00__chair_000,scene0110_00__door_004,2424,3459,10000,4,2.1708039960153416,2.1708039960153416,2.170804023742676,0.0,2.772733420641771e-08
test_stage1_dn_0021,scene0110_00,scene0110_00__chair_000,scene0110_00__door_004,2424,3459,20000,0,2.1708039960153416,2.1708039960153416,2.170804023742676,0.0,2.772733420641771e-08
test_stage1_dn_0021,scene0110_00,scene0110_00__chair_000,scene0110_00__door_004,2424,3459,20000,1,2.1708039960153416,2.1708039960153416,2.170804023742676,0.0,2.772733420641771e-08
test_stage1_dn_0021,scene0110_00,scene0110_00__chair_000,scene0110_00__door_004,2424,3459,20000,2,2.1708039960153416,2.1708039960153416,2.170804023742676,0.0,2.772733420641771e-08
test_stage1_dn_0021,scene0110_00,scene0110_00__chair_000,scene0110_00__door_004,2424,3459,20000,3,2.1708039960153416,2.1708039960153416,2.170804023742676,0.0,2.772733420641771e-08
test_stage1_dn_0021,scene0110_00,scene0110_00__chair_000,scene0110_00__door_004,2424,3459,20000,4,2.1708039960153416,2.1708039960153416,2.170804023742676,0.0,2.772733420641771e-08
test_stage1_dn_0022,scene0110_00,scene0110_00__desk_014,scene0110_00__door_004,4002,3459,512,0,1.6619869391515791,1.6564383469391275,1.6564383506774902,0.005548592212451631,3.7383627304876654e-09
test_stage1_dn_0022,scene0110_00,scene0110_00__desk_014,scene0110_00__door_004,4002,3459,512,1,1.6615695988351535,1.6564383469391275,1.6564383506774902,0.0051312518960260345,3.7383627304876654e-09
test_stage1_dn_0022,scene0110_00,scene0110_00__desk_014,scene0110_00__door_004,4002,3459,512,2,1.6630942791016898,1.6564383469391275,1.6564383506774902,0.006655932162562328,3.7383627304876654e-09
test_stage1_dn_0022,scene0110_00,scene0110_00__desk_014,scene0110_00__door_004,4002,3459,512,3,1.6588314593449531,1.6564383469391275,1.6564383506774902,0.002393112405825626,3.7383627304876654e-09
test_stage1_dn_0022,scene0110_00,scene0110_00__desk_014,scene0110_00__door_004,4002,3459,512,4,1.6587959633515488,1.6564383469391275,1.6564383506774902,0.0023576164124212706,3.7383627304876654e-09
test_stage1_dn_0022,scene0110_00,scene0110_00__desk_014,scene0110_00__door_004,4002,3459,1000,0,1.6582534886746825,1.6564383469391275,1.6564383506774902,0.0018151417355549704,3.7383627304876654e-09
test_stage1_dn_0022,scene0110_00,scene0110_00__desk_014,scene0110_00__door_004,4002,3459,1000,1,1.6581994245020104,1.6564383469391275,1.6564383506774902,0.0017610775628829067,3.7383627304876654e-09
test_stage1_dn_0022,scene0110_00,scene0110_00__desk_014,scene0110_00__door_004,4002,3459,1000,2,1.6584925254330554,1.6564383469391275,1.6564383506774902,0.0020541784939278607,3.7383627304876654e-09
test_stage1_dn_0022,scene0110_00,scene0110_00__desk_014,scene0110_00__door_004,4002,3459,1000,3,1.6564452454110672,1.6564383469391275,1.6564383506774902,6.8984719396869565e-06,3.7383627304876654e-09
test_stage1_dn_0022,scene0110_00,scene0110_00__desk_014,scene0110_00__door_004,4002,3459,1000,4,1.6577845132668194,1.6564383469391275,1.6564383506774902,0.0013461663276919111,3.7383627304876654e-09
test_stage1_dn_0022,scene0110_00,scene0110_00__desk_014,scene0110_00__door_004,4002,3459,2000,0,1.6582044094801693,1.6564383469391275,1.6564383506774902,0.0017660625410418351,3.7383627304876654e-09
test_stage1_dn_0022,scene0110_00,scene0110_00__desk_014,scene0110_00__door_004,4002,3459,2000,1,1.6564452454110672,1.6564383469391275,1.6564383506774902,6.8984719396869565e-06,3.7383627304876654e-09
test_stage1_dn_0022,scene0110_00,scene0110_00__desk_014,scene0110_00__door_004,4002,3459,2000,2,1.6564383469391275,1.6564383469391275,1.6564383506774902,0.0,3.7383627304876654e-09
test_stage1_dn_0022,scene0110_00,scene0110_00__desk_014,scene0110_00__door_004,4002,3459,2000,3,1.6564383469391275,1.6564383469391275,1.6564383506774902,0.0,3.7383627304876654e-09
test_stage1_dn_0022,scene0110_00,scene0110_00__desk_014,scene0110_00__door_004,4002,3459,2000,4,1.6576451589661505,1.6564383469391275,1.6564383506774902,0.0012068120270229965,3.7383627304876654e-09
test_stage1_dn_0022,scene0110_00,scene0110_00__desk_014,scene0110_00__door_004,4002,3459,5000,0,1.6564383469391275,1.6564383469391275,1.6564383506774902,0.0,3.7383627304876654e-09
test_stage1_dn_0022,scene0110_00,scene0110_00__desk_014,scene0110_00__door_004,4002,3459,5000,1,1.6564383469391275,1.6564383469391275,1.6564383506774902,0.0,3.7383627304876654e-09
test_stage1_dn_0022,scene0110_00,scene0110_00__desk_014,scene0110_00__door_004,4002,3459,5000,2,1.6564383469391275,1.6564383469391275,1.6564383506774902,0.0,3.7383627304876654e-09
test_stage1_dn_0022,scene0110_00,scene0110_00__desk_014,scene0110_00__door_004,4002,3459,5000,3,1.6564452454110672,1.6564383469391275,1.6564383506774902,6.8984719396869565e-06,3.7383627304876654e-09
test_stage1_dn_0022,scene0110_00,scene0110_00__desk_014,scene0110_00__door_004,4002,3459,5000,4,1.6576388738740588,1.6564383469391275,1.6564383506774902,0.0012005269349313341,3.7383627304876654e-09
test_stage1_dn_0022,scene0110_00,scene0110_00__desk_014,scene0110_00__door_004,4002,3459,10000,0,1.6564383469391275,1.6564383469391275,1.6564383506774902,0.0,3.7383627304876654e-09
test_stage1_dn_0022,scene0110_00,scene0110_00__desk_014,scene0110_00__door_004,4002,3459,10000,1,1.6564383469391275,1.6564383469391275,1.6564383506774902,0.0,3.7383627304876654e-09
test_stage1_dn_0022,scene0110_00,scene0110_00__desk_014,scene0110_00__door_004,4002,3459,10000,2,1.6564383469391275,1.6564383469391275,1.6564383506774902,0.0,3.7383627304876654e-09
test_stage1_dn_0022,scene0110_00,scene0110_00__desk_014,scene0110_00__door_004,4002,3459,10000,3,1.6564383469391275,1.6564383469391275,1.6564383506774902,0.0,3.7383627304876654e-09
test_stage1_dn_0022,scene0110_00,scene0110_00__desk_014,scene0110_00__door_004,4002,3459,10000,4,1.6564383469391275,1.6564383469391275,1.6564383506774902,0.0,3.7383627304876654e-09
test_stage1_dn_0022,scene0110_00,scene0110_00__desk_014,scene0110_00__door_004,4002,3459,20000,0,1.6564383469391275,1.6564383469391275,1.6564383506774902,0.0,3.7383627304876654e-09
test_stage1_dn_0022,scene0110_00,scene0110_00__desk_014,scene0110_00__door_004,4002,3459,20000,1,1.6564383469391275,1.6564383469391275,1.6564383506774902,0.0,3.7383627304876654e-09
test_stage1_dn_0022,scene0110_00,scene0110_00__desk_014,scene0110_00__door_004,4002,3459,20000,2,1.6564383469391275,1.6564383469391275,1.6564383506774902,0.0,3.7383627304876654e-09
test_stage1_dn_0022,scene0110_00,scene0110_00__desk_014,scene0110_00__door_004,4002,3459,20000,3,1.6564383469391275,1.6564383469391275,1.6564383506774902,0.0,3.7383627304876654e-09
test_stage1_dn_0022,scene0110_00,scene0110_00__desk_014,scene0110_00__door_004,4002,3459,20000,4,1.6564383469391275,1.6564383469391275,1.6564383506774902,0.0,3.7383627304876654e-09
test_stage1_dn_0023,scene0132_00,scene0132_00__chair_001,scene0132_00__monitor_014,3929,2544,512,0,0.576399987713974,0.560162113957308,0.5601621270179749,0.016237873756666077,1.3060666881337113e-08
test_stage1_dn_0023,scene0132_00,scene0132_00__chair_001,scene0132_00__monitor_014,3929,2544,512,1,0.5767582100275508,0.560162113957308,0.5601621270179749,0.016596096070242816,1.3060666881337113e-08
test_stage1_dn_0023,scene0132_00,scene0132_00__chair_001,scene0132_00__monitor_014,3929,2544,512,2,0.5679308486998076,0.560162113957308,0.5601621270179749,0.007768734742499617,1.3060666881337113e-08
test_stage1_dn_0023,scene0132_00,scene0132_00__chair_001,scene0132_00__monitor_014,3929,2544,512,3,0.571028190596696,0.560162113957308,0.5601621270179749,0.01086607663938799,1.3060666881337113e-08
test_stage1_dn_0023,scene0132_00,scene0132_00__chair_001,scene0132_00__monitor_014,3929,2544,512,4,0.5690041338320146,0.560162113957308,0.5601621270179749,0.008842019874706675,1.3060666881337113e-08
test_stage1_dn_0023,scene0132_00,scene0132_00__chair_001,scene0132_00__monitor_014,3929,2544,1000,0,0.5614289536160524,0.560162113957308,0.5601621270179749,0.001266839658744412,1.3060666881337113e-08
test_stage1_dn_0023,scene0132_00,scene0132_00__chair_001,scene0132_00__monitor_014,3929,2544,1000,1,0.5706715312284529,0.560162113957308,0.5601621270179749,0.01050941727114496,1.3060666881337113e-08
test_stage1_dn_0023,scene0132_00,scene0132_00__chair_001,scene0132_00__monitor_014,3929,2544,1000,2,0.5691623929666476,0.560162113957308,0.5601621270179749,0.00900027900933964,1.3060666881337113e-08
test_stage1_dn_0023,scene0132_00,scene0132_00__chair_001,scene0132_00__monitor_014,3929,2544,1000,3,0.567266840072417,0.560162113957308,0.5601621270179749,0.007104726115109039,1.3060666881337113e-08
test_stage1_dn_0023,scene0132_00,scene0132_00__chair_001,scene0132_00__monitor_014,3929,2544,1000,4,0.5686268673825862,0.560162113957308,0.5601621270179749,0.008464753425278193,1.3060666881337113e-08
test_stage1_dn_0023,scene0132_00,scene0132_00__chair_001,scene0132_00__monitor_014,3929,2544,2000,0,0.560162113957308,0.560162113957308,0.5601621270179749,0.0,1.3060666881337113e-08
test_stage1_dn_0023,scene0132_00,scene0132_00__chair_001,scene0132_00__monitor_014,3929,2544,2000,1,0.560162113957308,0.560162113957308,0.5601621270179749,0.0,1.3060666881337113e-08
test_stage1_dn_0023,scene0132_00,scene0132_00__chair_001,scene0132_00__monitor_014,3929,2544,2000,2,0.560162113957308,0.560162113957308,0.5601621270179749,0.0,1.3060666881337113e-08
test_stage1_dn_0023,scene0132_00,scene0132_00__chair_001,scene0132_00__monitor_014,3929,2544,2000,3,0.563279481829917,0.560162113957308,0.5601621270179749,0.003117367872609078,1.3060666881337113e-08
test_stage1_dn_0023,scene0132_00,scene0132_00__chair_001,scene0132_00__monitor_014,3929,2544,2000,4,0.560162113957308,0.560162113957308,0.5601621270179749,0.0,1.3060666881337113e-08
test_stage1_dn_0023,scene0132_00,scene0132_00__chair_001,scene0132_00__monitor_014,3929,2544,5000,0,0.5638551656066402,0.560162113957308,0.5601621270179749,0.003693051649332202,1.3060666881337113e-08
test_stage1_dn_0023,scene0132_00,scene0132_00__chair_001,scene0132_00__monitor_014,3929,2544,5000,1,0.5638551656066402,0.560162113957308,0.5601621270179749,0.003693051649332202,1.3060666881337113e-08
test_stage1_dn_0023,scene0132_00,scene0132_00__chair_001,scene0132_00__monitor_014,3929,2544,5000,2,0.5638551656066402,0.560162113957308,0.5601621270179749,0.003693051649332202,1.3060666881337113e-08
test_stage1_dn_0023,scene0132_00,scene0132_00__chair_001,scene0132_00__monitor_014,3929,2544,5000,3,0.5641561023241806,0.560162113957308,0.5601621270179749,0.003993988366872592,1.3060666881337113e-08
test_stage1_dn_0023,scene0132_00,scene0132_00__chair_001,scene0132_00__monitor_014,3929,2544,5000,4,0.5638551656066402,0.560162113957308,0.5601621270179749,0.003693051649332202,1.3060666881337113e-08
test_stage1_dn_0023,scene0132_00,scene0132_00__chair_001,scene0132_00__monitor_014,3929,2544,10000,0,0.560162113957308,0.560162113957308,0.5601621270179749,0.0,1.3060666881337113e-08
test_stage1_dn_0023,scene0132_00,scene0132_00__chair_001,scene0132_00__monitor_014,3929,2544,10000,1,0.5638551656066402,0.560162113957308,0.5601621270179749,0.003693051649332202,1.3060666881337113e-08
test_stage1_dn_0023,scene0132_00,scene0132_00__chair_001,scene0132_00__monitor_014,3929,2544,10000,2,0.560162113957308,0.560162113957308,0.5601621270179749,0.0,1.3060666881337113e-08
test_stage1_dn_0023,scene0132_00,scene0132_00__chair_001,scene0132_00__monitor_014,3929,2544,10000,3,0.560162113957308,0.560162113957308,0.5601621270179749,0.0,1.3060666881337113e-08
test_stage1_dn_0023,scene0132_00,scene0132_00__chair_001,scene0132_00__monitor_014,3929,2544,10000,4,0.560162113957308,0.560162113957308,0.5601621270179749,0.0,1.3060666881337113e-08
test_stage1_dn_0023,scene0132_00,scene0132_00__chair_001,scene0132_00__monitor_014,3929,2544,20000,0,0.560162113957308,0.560162113957308,0.5601621270179749,0.0,1.3060666881337113e-08
test_stage1_dn_0023,scene0132_00,scene0132_00__chair_001,scene0132_00__monitor_014,3929,2544,20000,1,0.560162113957308,0.560162113957308,0.5601621270179749,0.0,1.3060666881337113e-08
test_stage1_dn_0023,scene0132_00,scene0132_00__chair_001,scene0132_00__monitor_014,3929,2544,20000,2,0.560162113957308,0.560162113957308,0.5601621270179749,0.0,1.3060666881337113e-08
test_stage1_dn_0023,scene0132_00,scene0132_00__chair_001,scene0132_00__monitor_014,3929,2544,20000,3,0.560162113957308,0.560162113957308,0.5601621270179749,0.0,1.3060666881337113e-08
test_stage1_dn_0023,scene0132_00,scene0132_00__chair_001,scene0132_00__monitor_014,3929,2544,20000,4,0.560162113957308,0.560162113957308,0.5601621270179749,0.0,1.3060666881337113e-08
test_stage1_dn_0024,scene0132_00,scene0132_00__sofa_002,scene0132_00__table_010,6850,2622,512,0,0.28141531816729226,0.26922671418949384,0.2692267298698425,0.012188603977798418,1.568034863064227e-08
test_stage1_dn_0024,scene0132_00,scene0132_00__sofa_002,scene0132_00__table_010,6850,2622,512,1,0.2881706909926926,0.26922671418949384,0.2692267298698425,0.01894397680319876,1.568034863064227e-08
test_stage1_dn_0024,scene0132_00,scene0132_00__sofa_002,scene0132_00__table_010,6850,2622,512,2,0.27836732478720067,0.26922671418949384,0.2692267298698425,0.009140610597706822,1.568034863064227e-08
test_stage1_dn_0024,scene0132_00,scene0132_00__sofa_002,scene0132_00__table_010,6850,2622,512,3,0.29173249450740996,0.26922671418949384,0.2692267298698425,0.022505780317916113,1.568034863064227e-08
test_stage1_dn_0024,scene0132_00,scene0132_00__sofa_002,scene0132_00__table_010,6850,2622,512,4,0.28443596387922887,0.26922671418949384,0.2692267298698425,0.015209249689735027,1.568034863064227e-08
test_stage1_dn_0024,scene0132_00,scene0132_00__sofa_002,scene0132_00__table_010,6850,2622,1000,0,0.26922671418949384,0.26922671418949384,0.2692267298698425,0.0,1.568034863064227e-08
test_stage1_dn_0024,scene0132_00,scene0132_00__sofa_002,scene0132_00__table_010,6850,2622,1000,1,0.29183821865377263,0.26922671418949384,0.2692267298698425,0.022611504464278787,1.568034863064227e-08
test_stage1_dn_0024,scene0132_00,scene0132_00__sofa_002,scene0132_00__table_010,6850,2622,1000,2,0.2791222588330139,0.26922671418949384,0.2692267298698425,0.009895544643520049,1.568034863064227e-08
test_stage1_dn_0024,scene0132_00,scene0132_00__sofa_002,scene0132_00__table_010,6850,2622,1000,3,0.27718951650866575,0.26922671418949384,0.2692267298698425,0.007962802319171902,1.568034863064227e-08
test_stage1_dn_0024,scene0132_00,scene0132_00__sofa_002,scene0132_00__table_010,6850,2622,1000,4,0.28940522862253176,0.26922671418949384,0.2692267298698425,0.02017851443303792,1.568034863064227e-08
test_stage1_dn_0024,scene0132_00,scene0132_00__sofa_002,scene0132_00__table_010,6850,2622,2000,0,0.2778741048724852,0.26922671418949384,0.2692267298698425,0.008647390682991363,1.568034863064227e-08
test_stage1_dn_0024,scene0132_00,scene0132_00__sofa_002,scene0132_00__table_010,6850,2622,2000,1,0.26922671418949384,0.26922671418949384,0.2692267298698425,0.0,1.568034863064227e-08
test_stage1_dn_0024,scene0132_00,scene0132_00__sofa_002,scene0132_00__table_010,6850,2622,2000,2,0.26922671418949384,0.26922671418949384,0.2692267298698425,0.0,1.568034863064227e-08
test_stage1_dn_0024,scene0132_00,scene0132_00__sofa_002,scene0132_00__table_010,6850,2622,2000,3,0.27696576081868324,0.26922671418949384,0.2692267298698425,0.0077390466291893945,1.568034863064227e-08
test_stage1_dn_0024,scene0132_00,scene0132_00__sofa_002,scene0132_00__table_010,6850,2622,2000,4,0.27718951650866575,0.26922671418949384,0.2692267298698425,0.007962802319171902,1.568034863064227e-08
test_stage1_dn_0024,scene0132_00,scene0132_00__sofa_002,scene0132_00__table_010,6850,2622,5000,0,0.27696576081868324,0.26922671418949384,0.2692267298698425,0.0077390466291893945,1.568034863064227e-08
test_stage1_dn_0024,scene0132_00,scene0132_00__sofa_002,scene0132_00__table_010,6850,2622,5000,1,0.2779182839607659,0.26922671418949384,0.2692267298698425,0.008691569771272056,1.568034863064227e-08
test_stage1_dn_0024,scene0132_00,scene0132_00__sofa_002,scene0132_00__table_010,6850,2622,5000,2,0.26922671418949384,0.26922671418949384,0.2692267298698425,0.0,1.568034863064227e-08
test_stage1_dn_0024,scene0132_00,scene0132_00__sofa_002,scene0132_00__table_010,6850,2622,5000,3,0.26922671418949384,0.26922671418949384,0.2692267298698425,0.0,1.568034863064227e-08
test_stage1_dn_0024,scene0132_00,scene0132_00__sofa_002,scene0132_00__table_010,6850,2622,5000,4,0.26922671418949384,0.26922671418949384,0.2692267298698425,0.0,1.568034863064227e-08
test_stage1_dn_0024,scene0132_00,scene0132_00__sofa_002,scene0132_00__table_010,6850,2622,10000,0,0.27718951650866575,0.26922671418949384,0.2692267298698425,0.007962802319171902,1.568034863064227e-08
test_stage1_dn_0024,scene0132_00,scene0132_00__sofa_002,scene0132_00__table_010,6850,2622,10000,1,0.26922671418949384,0.26922671418949384,0.2692267298698425,0.0,1.568034863064227e-08
test_stage1_dn_0024,scene0132_00,scene0132_00__sofa_002,scene0132_00__table_010,6850,2622,10000,2,0.26922671418949384,0.26922671418949384,0.2692267298698425,0.0,1.568034863064227e-08
test_stage1_dn_0024,scene0132_00,scene0132_00__sofa_002,scene0132_00__table_010,6850,2622,10000,3,0.26922671418949384,0.26922671418949384,0.2692267298698425,0.0,1.568034863064227e-08
test_stage1_dn_0024,scene0132_00,scene0132_00__sofa_002,scene0132_00__table_010,6850,2622,10000,4,0.27696576081868324,0.26922671418949384,0.2692267298698425,0.0077390466291893945,1.568034863064227e-08
test_stage1_dn_0024,scene0132_00,scene0132_00__sofa_002,scene0132_00__table_010,6850,2622,20000,0,0.26922671418949384,0.26922671418949384,0.2692267298698425,0.0,1.568034863064227e-08
test_stage1_dn_0024,scene0132_00,scene0132_00__sofa_002,scene0132_00__table_010,6850,2622,20000,1,0.26922671418949384,0.26922671418949384,0.2692267298698425,0.0,1.568034863064227e-08
test_stage1_dn_0024,scene0132_00,scene0132_00__sofa_002,scene0132_00__table_010,6850,2622,20000,2,0.26922671418949384,0.26922671418949384,0.2692267298698425,0.0,1.568034863064227e-08
test_stage1_dn_0024,scene0132_00,scene0132_00__sofa_002,scene0132_00__table_010,6850,2622,20000,3,0.26922671418949384,0.26922671418949384,0.2692267298698425,0.0,1.568034863064227e-08
test_stage1_dn_0024,scene0132_00,scene0132_00__sofa_002,scene0132_00__table_010,6850,2622,20000,4,0.26922671418949384,0.26922671418949384,0.2692267298698425,0.0,1.568034863064227e-08
test_stage1_dn_0025,scene0137_01,scene0137_01__bed_003,scene0137_01__door_034,10875,3453,512,0,0.6663018647423343,0.6580235430088548,0.6580235362052917,0.008278321733479532,6.80356304627594e-09
test_stage1_dn_0025,scene0137_01,scene0137_01__bed_003,scene0137_01__door_034,10875,3453,512,1,0.6591211392307016,0.6580235430088548,0.6580235362052917,0.0010975962218467972,6.80356304627594e-09
test_stage1_dn_0025,scene0137_01,scene0137_01__bed_003,scene0137_01__door_034,10875,3453,512,2,0.65864834013637,0.6580235430088548,0.6580235362052917,0.0006247971275151754,6.80356304627594e-09
test_stage1_dn_0025,scene0137_01,scene0137_01__bed_003,scene0137_01__door_034,10875,3453,512,3,0.7145642209905867,0.6580235430088548,0.6580235362052917,0.0565406779817319,6.80356304627594e-09
test_stage1_dn_0025,scene0137_01,scene0137_01__bed_003,scene0137_01__door_034,10875,3453,512,4,0.6880449090270938,0.6580235430088548,0.6580235362052917,0.030021366018239015,6.80356304627594e-09
test_stage1_dn_0025,scene0137_01,scene0137_01__bed_003,scene0137_01__door_034,10875,3453,1000,0,0.6611432268445839,0.6580235430088548,0.6580235362052917,0.0031196838357291368,6.80356304627594e-09
test_stage1_dn_0025,scene0137_01,scene0137_01__bed_003,scene0137_01__door_034,10875,3453,1000,1,0.6591211392307016,0.6580235430088548,0.6580235362052917,0.0010975962218467972,6.80356304627594e-09
test_stage1_dn_0025,scene0137_01,scene0137_01__bed_003,scene0137_01__door_034,10875,3453,1000,2,0.6580235430088548,0.6580235430088548,0.6580235362052917,0.0,6.80356304627594e-09
test_stage1_dn_0025,scene0137_01,scene0137_01__bed_003,scene0137_01__door_034,10875,3453,1000,3,0.681514058343436,0.6580235430088548,0.6580235362052917,0.02349051533458124,6.80356304627594e-09
test_stage1_dn_0025,scene0137_01,scene0137_01__bed_003,scene0137_01__door_034,10875,3453,1000,4,0.6865736326173052,0.6580235430088548,0.6580235362052917,0.028550089608450402,6.80356304627594e-09
test_stage1_dn_0025,scene0137_01,scene0137_01__bed_003,scene0137_01__door_034,10875,3453,2000,0,0.6584046800129771,0.6580235430088548,0.6580235362052917,0.00038113700412234497,6.80356304627594e-09
test_stage1_dn_0025,scene0137_01,scene0137_01__bed_003,scene0137_01__door_034,10875,3453,2000,1,0.6584074968632723,0.6580235430088548,0.6580235362052917,0.00038395385441747365,6.80356304627594e-09
test_stage1_dn_0025,scene0137_01,scene0137_01__bed_003,scene0137_01__door_034,10875,3453,2000,2,0.6580235430088548,0.6580235430088548,0.6580235362052917,0.0,6.80356304627594e-09
test_stage1_dn_0025,scene0137_01,scene0137_01__bed_003,scene0137_01__door_034,10875,3453,2000,3,0.6767089916819117,0.6580235430088548,0.6580235362052917,0.01868544867305688,6.80356304627594e-09
test_stage1_dn_0025,scene0137_01,scene0137_01__bed_003,scene0137_01__door_034,10875,3453,2000,4,0.6580235430088548,0.6580235430088548,0.6580235362052917,0.0,6.80356304627594e-09
test_stage1_dn_0025,scene0137_01,scene0137_01__bed_003,scene0137_01__door_034,10875,3453,5000,0,0.6580235430088548,0.6580235430088548,0.6580235362052917,0.0,6.80356304627594e-09
test_stage1_dn_0025,scene0137_01,scene0137_01__bed_003,scene0137_01__door_034,10875,3453,5000,1,0.6591211392307016,0.6580235430088548,0.6580235362052917,0.0010975962218467972,6.80356304627594e-09
test_stage1_dn_0025,scene0137_01,scene0137_01__bed_003,scene0137_01__door_034,10875,3453,5000,2,0.6580235430088548,0.6580235430088548,0.6580235362052917,0.0,6.80356304627594e-09
test_stage1_dn_0025,scene0137_01,scene0137_01__bed_003,scene0137_01__door_034,10875,3453,5000,3,0.6580235430088548,0.6580235430088548,0.6580235362052917,0.0,6.80356304627594e-09
test_stage1_dn_0025,scene0137_01,scene0137_01__bed_003,scene0137_01__door_034,10875,3453,5000,4,0.6580235430088548,0.6580235430088548,0.6580235362052917,0.0,6.80356304627594e-09
test_stage1_dn_0025,scene0137_01,scene0137_01__bed_003,scene0137_01__door_034,10875,3453,10000,0,0.6580235430088548,0.6580235430088548,0.6580235362052917,0.0,6.80356304627594e-09
test_stage1_dn_0025,scene0137_01,scene0137_01__bed_003,scene0137_01__door_034,10875,3453,10000,1,0.6580235430088548,0.6580235430088548,0.6580235362052917,0.0,6.80356304627594e-09
test_stage1_dn_0025,scene0137_01,scene0137_01__bed_003,scene0137_01__door_034,10875,3453,10000,2,0.6580235430088548,0.6580235430088548,0.6580235362052917,0.0,6.80356304627594e-09
test_stage1_dn_0025,scene0137_01,scene0137_01__bed_003,scene0137_01__door_034,10875,3453,10000,3,0.6580235430088548,0.6580235430088548,0.6580235362052917,0.0,6.80356304627594e-09
test_stage1_dn_0025,scene0137_01,scene0137_01__bed_003,scene0137_01__door_034,10875,3453,10000,4,0.6580235430088548,0.6580235430088548,0.6580235362052917,0.0,6.80356304627594e-09
test_stage1_dn_0025,scene0137_01,scene0137_01__bed_003,scene0137_01__door_034,10875,3453,20000,0,0.6584046800129771,0.6580235430088548,0.6580235362052917,0.00038113700412234497,6.80356304627594e-09
test_stage1_dn_0025,scene0137_01,scene0137_01__bed_003,scene0137_01__door_034,10875,3453,20000,1,0.6580235430088548,0.6580235430088548,0.6580235362052917,0.0,6.80356304627594e-09
test_stage1_dn_0025,scene0137_01,scene0137_01__bed_003,scene0137_01__door_034,10875,3453,20000,2,0.6584046800129771,0.6580235430088548,0.6580235362052917,0.00038113700412234497,6.80356304627594e-09
test_stage1_dn_0025,scene0137_01,scene0137_01__bed_003,scene0137_01__door_034,10875,3453,20000,3,0.6580235430088548,0.6580235430088548,0.6580235362052917,0.0,6.80356304627594e-09
test_stage1_dn_0025,scene0137_01,scene0137_01__bed_003,scene0137_01__door_034,10875,3453,20000,4,0.6580235430088548,0.6580235430088548,0.6580235362052917,0.0,6.80356304627594e-09
test_stage1_dn_0026,scene0137_01,scene0137_01__chair_007,scene0137_01__monitor_009,3588,6339,512,0,0.3037274548942869,0.28868125827656727,0.2886812686920166,0.01504619661771961,1.0415449336331761e-08
test_stage1_dn_0026,scene0137_01,scene0137_01__chair_007,scene0137_01__monitor_009,3588,6339,512,1,0.3029596461900084,0.28868125827656727,0.2886812686920166,0.01427838791344116,1.0415449336331761e-08
test_stage1_dn_0026,scene0137_01,scene0137_01__chair_007,scene0137_01__monitor_009,3588,6339,512,2,0.3042556848789226,0.28868125827656727,0.2886812686920166,0.015574426602355362,1.0415449336331761e-08
test_stage1_dn_0026,scene0137_01,scene0137_01__chair_007,scene0137_01__monitor_009,3588,6339,512,3,0.29796153453472785,0.28868125827656727,0.2886812686920166,0.00928027625816058,1.0415449336331761e-08
test_stage1_dn_0026,scene0137_01,scene0137_01__chair_007,scene0137_01__monitor_009,3588,6339,512,4,0.3002845571366219,0.28868125827656727,0.2886812686920166,0.011603298860054623,1.0415449336331761e-08
test_stage1_dn_0026,scene0137_01,scene0137_01__chair_007,scene0137_01__monitor_009,3588,6339,1000,0,0.2901787401162072,0.28868125827656727,0.2886812686920166,0.0014974818396399359,1.0415449336331761e-08
test_stage1_dn_0026,scene0137_01,scene0137_01__chair_007,scene0137_01__monitor_009,3588,6339,1000,1,0.2893026594153544,0.28868125827656727,0.2886812686920166,0.0006214011387871143,1.0415449336331761e-08
test_stage1_dn_0026,scene0137_01,scene0137_01__chair_007,scene0137_01__monitor_009,3588,6339,1000,2,0.30252264871361423,0.28868125827656727,0.2886812686920166,0.013841390437046963,1.0415449336331761e-08
test_stage1_dn_0026,scene0137_01,scene0137_01__chair_007,scene0137_01__monitor_009,3588,6339,1000,3,0.2970857531491122,0.28868125827656727,0.2886812686920166,0.00840449487254491,1.0415449336331761e-08
test_stage1_dn_0026,scene0137_01,scene0137_01__chair_007,scene0137_01__monitor_009,3588,6339,1000,4,0.2970857531491122,0.28868125827656727,0.2886812686920166,0.00840449487254491,1.0415449336331761e-08
test_stage1_dn_0026,scene0137_01,scene0137_01__chair_007,scene0137_01__monitor_009,3588,6339,2000,0,0.28868125827656727,0.28868125827656727,0.2886812686920166,0.0,1.0415449336331761e-08
test_stage1_dn_0026,scene0137_01,scene0137_01__chair_007,scene0137_01__monitor_009,3588,6339,2000,1,0.28868125827656727,0.28868125827656727,0.2886812686920166,0.0,1.0415449336331761e-08
test_stage1_dn_0026,scene0137_01,scene0137_01__chair_007,scene0137_01__monitor_009,3588,6339,2000,2,0.29796153453472785,0.28868125827656727,0.2886812686920166,0.00928027625816058,1.0415449336331761e-08
test_stage1_dn_0026,scene0137_01,scene0137_01__chair_007,scene0137_01__monitor_009,3588,6339,2000,3,0.2924936995928433,0.28868125827656727,0.2886812686920166,0.0038124413162760606,1.0415449336331761e-08
test_stage1_dn_0026,scene0137_01,scene0137_01__chair_007,scene0137_01__monitor_009,3588,6339,2000,4,0.28868125827656727,0.28868125827656727,0.2886812686920166,0.0,1.0415449336331761e-08
test_stage1_dn_0026,scene0137_01,scene0137_01__chair_007,scene0137_01__monitor_009,3588,6339,5000,0,0.28868125827656727,0.28868125827656727,0.2886812686920166,0.0,1.0415449336331761e-08
test_stage1_dn_0026,scene0137_01,scene0137_01__chair_007,scene0137_01__monitor_009,3588,6339,5000,1,0.28868125827656727,0.28868125827656727,0.2886812686920166,0.0,1.0415449336331761e-08
test_stage1_dn_0026,scene0137_01,scene0137_01__chair_007,scene0137_01__monitor_009,3588,6339,5000,2,0.28868125827656727,0.28868125827656727,0.2886812686920166,0.0,1.0415449336331761e-08
test_stage1_dn_0026,scene0137_01,scene0137_01__chair_007,scene0137_01__monitor_009,3588,6339,5000,3,0.28868125827656727,0.28868125827656727,0.2886812686920166,0.0,1.0415449336331761e-08
test_stage1_dn_0026,scene0137_01,scene0137_01__chair_007,scene0137_01__monitor_009,3588,6339,5000,4,0.2939968502992388,0.28868125827656727,0.2886812686920166,0.005315592022671511,1.0415449336331761e-08
test_stage1_dn_0026,scene0137_01,scene0137_01__chair_007,scene0137_01__monitor_009,3588,6339,10000,0,0.28868125827656727,0.28868125827656727,0.2886812686920166,0.0,1.0415449336331761e-08
test_stage1_dn_0026,scene0137_01,scene0137_01__chair_007,scene0137_01__monitor_009,3588,6339,10000,1,0.2893026594153544,0.28868125827656727,0.2886812686920166,0.0006214011387871143,1.0415449336331761e-08
test_stage1_dn_0026,scene0137_01,scene0137_01__chair_007,scene0137_01__monitor_009,3588,6339,10000,2,0.28868125827656727,0.28868125827656727,0.2886812686920166,0.0,1.0415449336331761e-08
test_stage1_dn_0026,scene0137_01,scene0137_01__chair_007,scene0137_01__monitor_009,3588,6339,10000,3,0.28868125827656727,0.28868125827656727,0.2886812686920166,0.0,1.0415449336331761e-08
test_stage1_dn_0026,scene0137_01,scene0137_01__chair_007,scene0137_01__monitor_009,3588,6339,10000,4,0.28868125827656727,0.28868125827656727,0.2886812686920166,0.0,1.0415449336331761e-08
test_stage1_dn_0026,scene0137_01,scene0137_01__chair_007,scene0137_01__monitor_009,3588,6339,20000,0,0.28868125827656727,0.28868125827656727,0.2886812686920166,0.0,1.0415449336331761e-08
test_stage1_dn_0026,scene0137_01,scene0137_01__chair_007,scene0137_01__monitor_009,3588,6339,20000,1,0.28868125827656727,0.28868125827656727,0.2886812686920166,0.0,1.0415449336331761e-08
test_stage1_dn_0026,scene0137_01,scene0137_01__chair_007,scene0137_01__monitor_009,3588,6339,20000,2,0.28868125827656727,0.28868125827656727,0.2886812686920166,0.0,1.0415449336331761e-08
test_stage1_dn_0026,scene0137_01,scene0137_01__chair_007,scene0137_01__monitor_009,3588,6339,20000,3,0.28868125827656727,0.28868125827656727,0.2886812686920166,0.0,1.0415449336331761e-08
test_stage1_dn_0026,scene0137_01,scene0137_01__chair_007,scene0137_01__monitor_009,3588,6339,20000,4,0.28868125827656727,0.28868125827656727,0.2886812686920166,0.0,1.0415449336331761e-08
test_stage1_dn_0027,scene0137_01,scene0137_01__desk_000,scene0137_01__monitor_013,6199,1851,512,0,0.2675927721421166,0.2481965902776258,0.2481965869665146,0.01939618186449077,3.311111218540219e-09
test_stage1_dn_0027,scene0137_01,scene0137_01__desk_000,scene0137_01__monitor_013,6199,1851,512,1,0.2501031408805374,0.2481965902776258,0.2481965869665146,0.0019065506029116164,3.311111218540219e-09
test_stage1_dn_0027,scene0137_01,scene0137_01__desk_000,scene0137_01__monitor_013,6199,1851,512,2,0.27916463449906054,0.2481965902776258,0.2481965869665146,0.030968044221434732,3.311111218540219e-09
test_stage1_dn_0027,scene0137_01,scene0137_01__desk_000,scene0137_01__monitor_013,6199,1851,512,3,0.25954510330253905,0.2481965902776258,0.2481965869665146,0.011348513024913243,3.311111218540219e-09
test_stage1_dn_0027,scene0137_01,scene0137_01__desk_000,scene0137_01__monitor_013,6199,1851,512,4,0.2592829500212251,0.2481965902776258,0.2481965869665146,0.011086359743599283,3.311111218540219e-09
test_stage1_dn_0027,scene0137_01,scene0137_01__desk_000,scene0137_01__monitor_013,6199,1851,1000,0,0.2698935209079677,0.2481965902776258,0.2481965869665146,0.021696930630341893,3.311111218540219e-09
test_stage1_dn_0027,scene0137_01,scene0137_01__desk_000,scene0137_01__monitor_013,6199,1851,1000,1,0.249998918282775,0.2481965902776258,0.2481965869665146,0.0018023280051492063,3.311111218540219e-09
test_stage1_dn_0027,scene0137_01,scene0137_01__desk_000,scene0137_01__monitor_013,6199,1851,1000,2,0.249998918282775,0.2481965902776258,0.2481965869665146,0.0018023280051492063,3.311111218540219e-09
test_stage1_dn_0027,scene0137_01,scene0137_01__desk_000,scene0137_01__monitor_013,6199,1851,1000,3,0.2676436600282536,0.2481965902776258,0.2481965869665146,0.01944706975062782,3.311111218540219e-09
test_stage1_dn_0027,scene0137_01,scene0137_01__desk_000,scene0137_01__monitor_013,6199,1851,1000,4,0.2616018648592906,0.2481965902776258,0.2481965869665146,0.013405274581664794,3.311111218540219e-09
test_stage1_dn_0027,scene0137_01,scene0137_01__desk_000,scene0137_01__monitor_013,6199,1851,2000,0,0.25742415631085336,0.2481965902776258,0.2481965869665146,0.009227566033227552,3.311111218540219e-09
test_stage1_dn_0027,scene0137_01,scene0137_01__desk_000,scene0137_01__monitor_013,6199,1851,2000,1,0.2481965902776258,0.2481965902776258,0.2481965869665146,0.0,3.311111218540219e-09
test_stage1_dn_0027,scene0137_01,scene0137_01__desk_000,scene0137_01__monitor_013,6199,1851,2000,2,0.26041213579690137,0.2481965902776258,0.2481965869665146,0.012215545519275561,3.311111218540219e-09
test_stage1_dn_0027,scene0137_01,scene0137_01__desk_000,scene0137_01__monitor_013,6199,1851,2000,3,0.26509337088538937,0.2481965902776258,0.2481965869665146,0.016896780607763562,3.311111218540219e-09
test_stage1_dn_0027,scene0137_01,scene0137_01__desk_000,scene0137_01__monitor_013,6199,1851,2000,4,0.25629322257668097,0.2481965902776258,0.2481965869665146,0.008096632299055162,3.311111218540219e-09
test_stage1_dn_0027,scene0137_01,scene0137_01__desk_000,scene0137_01__monitor_013,6199,1851,5000,0,0.2481965902776258,0.2481965902776258,0.2481965869665146,0.0,3.311111218540219e-09
test_stage1_dn_0027,scene0137_01,scene0137_01__desk_000,scene0137_01__monitor_013,6199,1851,5000,1,0.2481965902776258,0.2481965902776258,0.2481965869665146,0.0,3.311111218540219e-09
test_stage1_dn_0027,scene0137_01,scene0137_01__desk_000,scene0137_01__monitor_013,6199,1851,5000,2,0.2481965902776258,0.2481965902776258,0.2481965869665146,0.0,3.311111218540219e-09
test_stage1_dn_0027,scene0137_01,scene0137_01__desk_000,scene0137_01__monitor_013,6199,1851,5000,3,0.2481965902776258,0.2481965902776258,0.2481965869665146,0.0,3.311111218540219e-09
test_stage1_dn_0027,scene0137_01,scene0137_01__desk_000,scene0137_01__monitor_013,6199,1851,5000,4,0.249998918282775,0.2481965902776258,0.2481965869665146,0.0018023280051492063,3.311111218540219e-09
test_stage1_dn_0027,scene0137_01,scene0137_01__desk_000,scene0137_01__monitor_013,6199,1851,10000,0,0.2481965902776258,0.2481965902776258,0.2481965869665146,0.0,3.311111218540219e-09
test_stage1_dn_0027,scene0137_01,scene0137_01__desk_000,scene0137_01__monitor_013,6199,1851,10000,1,0.2481965902776258,0.2481965902776258,0.2481965869665146,0.0,3.311111218540219e-09
test_stage1_dn_0027,scene0137_01,scene0137_01__desk_000,scene0137_01__monitor_013,6199,1851,10000,2,0.2481965902776258,0.2481965902776258,0.2481965869665146,0.0,3.311111218540219e-09
test_stage1_dn_0027,scene0137_01,scene0137_01__desk_000,scene0137_01__monitor_013,6199,1851,10000,3,0.2481965902776258,0.2481965902776258,0.2481965869665146,0.0,3.311111218540219e-09
test_stage1_dn_0027,scene0137_01,scene0137_01__desk_000,scene0137_01__monitor_013,6199,1851,10000,4,0.2481965902776258,0.2481965902776258,0.2481965869665146,0.0,3.311111218540219e-09
test_stage1_dn_0027,scene0137_01,scene0137_01__desk_000,scene0137_01__monitor_013,6199,1851,20000,0,0.2481965902776258,0.2481965902776258,0.2481965869665146,0.0,3.311111218540219e-09
test_stage1_dn_0027,scene0137_01,scene0137_01__desk_000,scene0137_01__monitor_013,6199,1851,20000,1,0.2481965902776258,0.2481965902776258,0.2481965869665146,0.0,3.311111218540219e-09
test_stage1_dn_0027,scene0137_01,scene0137_01__desk_000,scene0137_01__monitor_013,6199,1851,20000,2,0.2481965902776258,0.2481965902776258,0.2481965869665146,0.0,3.311111218540219e-09
test_stage1_dn_0027,scene0137_01,scene0137_01__desk_000,scene0137_01__monitor_013,6199,1851,20000,3,0.2481965902776258,0.2481965902776258,0.2481965869665146,0.0,3.311111218540219e-09
test_stage1_dn_0027,scene0137_01,scene0137_01__desk_000,scene0137_01__monitor_013,6199,1851,20000,4,0.2481965902776258,0.2481965902776258,0.2481965869665146,0.0,3.311111218540219e-09
test_stage1_dn_0028,scene0138_00,scene0138_00__desk_018,scene0138_00__monitor_005,9306,1790,512,0,0.2004524209115598,0.17795823852290021,0.1779582500457763,0.022494182388659578,1.1522876097735946e-08
test_stage1_dn_0028,scene0138_00,scene0138_00__desk_018,scene0138_00__monitor_005,9306,1790,512,1,0.23332280309802714,0.17795823852290021,0.1779582500457763,0.05536456457512692,1.1522876097735946e-08
test_stage1_dn_0028,scene0138_00,scene0138_00__desk_018,scene0138_00__monitor_005,9306,1790,512,2,0.2110532079749426,0.17795823852290021,0.1779582500457763,0.03309496945204238,1.1522876097735946e-08
test_stage1_dn_0028,scene0138_00,scene0138_00__desk_018,scene0138_00__monitor_005,9306,1790,512,3,0.1972733123180181,0.17795823852290021,0.1779582500457763,0.019315073795117876,1.1522876097735946e-08
test_stage1_dn_0028,scene0138_00,scene0138_00__desk_018,scene0138_00__monitor_005,9306,1790,512,4,0.19938449642884762,0.17795823852290021,0.1779582500457763,0.021426257905947405,1.1522876097735946e-08
test_stage1_dn_0028,scene0138_00,scene0138_00__desk_018,scene0138_00__monitor_005,9306,1790,1000,0,0.22035456514694993,0.17795823852290021,0.1779582500457763,0.04239632662404971,1.1522876097735946e-08
test_stage1_dn_0028,scene0138_00,scene0138_00__desk_018,scene0138_00__monitor_005,9306,1790,1000,1,0.1916167634319771,0.17795823852290021,0.1779582500457763,0.013658524909076875,1.1522876097735946e-08
test_stage1_dn_0028,scene0138_00,scene0138_00__desk_018,scene0138_00__monitor_005,9306,1790,1000,2,0.20154830875832316,0.17795823852290021,0.1779582500457763,0.02359007023542295,1.1522876097735946e-08
test_stage1_dn_0028,scene0138_00,scene0138_00__desk_018,scene0138_00__monitor_005,9306,1790,1000,3,0.18930540032735987,0.17795823852290021,0.1779582500457763,0.01134716180445966,1.1522876097735946e-08
test_stage1_dn_0028,scene0138_00,scene0138_00__desk_018,scene0138_00__monitor_005,9306,1790,1000,4,0.18984966555702534,0.17795823852290021,0.1779582500457763,0.01189142703412513,1.1522876097735946e-08
test_stage1_dn_0028,scene0138_00,scene0138_00__desk_018,scene0138_00__monitor_005,9306,1790,2000,0,0.18128292180254396,0.17795823852290021,0.1779582500457763,0.0033246832796437475,1.1522876097735946e-08
test_stage1_dn_0028,scene0138_00,scene0138_00__desk_018,scene0138_00__monitor_005,9306,1790,2000,1,0.17795823852290021,0.17795823852290021,0.1779582500457763,0.0,1.1522876097735946e-08
test_stage1_dn_0028,scene0138_00,scene0138_00__desk_018,scene0138_00__monitor_005,9306,1790,2000,2,0.18128292180254396,0.17795823852290021,0.1779582500457763,0.0033246832796437475,1.1522876097735946e-08
test_stage1_dn_0028,scene0138_00,scene0138_00__desk_018,scene0138_00__monitor_005,9306,1790,2000,3,0.18555235754454524,0.17795823852290021,0.1779582500457763,0.007594119021645029,1.1522876097735946e-08
test_stage1_dn_0028,scene0138_00,scene0138_00__desk_018,scene0138_00__monitor_005,9306,1790,2000,4,0.19979768660171507,0.17795823852290021,0.1779582500457763,0.021839448078814855,1.1522876097735946e-08
test_stage1_dn_0028,scene0138_00,scene0138_00__desk_018,scene0138_00__monitor_005,9306,1790,5000,0,0.17795823852290021,0.17795823852290021,0.1779582500457763,0.0,1.1522876097735946e-08
test_stage1_dn_0028,scene0138_00,scene0138_00__desk_018,scene0138_00__monitor_005,9306,1790,5000,1,0.17795823852290021,0.17795823852290021,0.1779582500457763,0.0,1.1522876097735946e-08
test_stage1_dn_0028,scene0138_00,scene0138_00__desk_018,scene0138_00__monitor_005,9306,1790,5000,2,0.18555235754454524,0.17795823852290021,0.1779582500457763,0.007594119021645029,1.1522876097735946e-08
test_stage1_dn_0028,scene0138_00,scene0138_00__desk_018,scene0138_00__monitor_005,9306,1790,5000,3,0.17795823852290021,0.17795823852290021,0.1779582500457763,0.0,1.1522876097735946e-08
test_stage1_dn_0028,scene0138_00,scene0138_00__desk_018,scene0138_00__monitor_005,9306,1790,5000,4,0.18201089281934724,0.17795823852290021,0.1779582500457763,0.0040526542964470225,1.1522876097735946e-08
test_stage1_dn_0028,scene0138_00,scene0138_00__desk_018,scene0138_00__monitor_005,9306,1790,10000,0,0.18930540032735987,0.17795823852290021,0.1779582500457763,0.01134716180445966,1.1522876097735946e-08
test_stage1_dn_0028,scene0138_00,scene0138_00__desk_018,scene0138_00__monitor_005,9306,1790,10000,1,0.18201089281934724,0.17795823852290021,0.1779582500457763,0.0040526542964470225,1.1522876097735946e-08
test_stage1_dn_0028,scene0138_00,scene0138_00__desk_018,scene0138_00__monitor_005,9306,1790,10000,2,0.17795823852290021,0.17795823852290021,0.1779582500457763,0.0,1.1522876097735946e-08
test_stage1_dn_0028,scene0138_00,scene0138_00__desk_018,scene0138_00__monitor_005,9306,1790,10000,3,0.17795823852290021,0.17795823852290021,0.1779582500457763,0.0,1.1522876097735946e-08
test_stage1_dn_0028,scene0138_00,scene0138_00__desk_018,scene0138_00__monitor_005,9306,1790,10000,4,0.18201089281934724,0.17795823852290021,0.1779582500457763,0.0040526542964470225,1.1522876097735946e-08
test_stage1_dn_0028,scene0138_00,scene0138_00__desk_018,scene0138_00__monitor_005,9306,1790,20000,0,0.17795823852290021,0.17795823852290021,0.1779582500457763,0.0,1.1522876097735946e-08
test_stage1_dn_0028,scene0138_00,scene0138_00__desk_018,scene0138_00__monitor_005,9306,1790,20000,1,0.17795823852290021,0.17795823852290021,0.1779582500457763,0.0,1.1522876097735946e-08
test_stage1_dn_0028,scene0138_00,scene0138_00__desk_018,scene0138_00__monitor_005,9306,1790,20000,2,0.17795823852290021,0.17795823852290021,0.1779582500457763,0.0,1.1522876097735946e-08
test_stage1_dn_0028,scene0138_00,scene0138_00__desk_018,scene0138_00__monitor_005,9306,1790,20000,3,0.17795823852290021,0.17795823852290021,0.1779582500457763,0.0,1.1522876097735946e-08
test_stage1_dn_0028,scene0138_00,scene0138_00__desk_018,scene0138_00__monitor_005,9306,1790,20000,4,0.17795823852290021,0.17795823852290021,0.1779582500457763,0.0,1.1522876097735946e-08
test_stage1_dn_0029,scene0140_00,scene0140_00__chair_025,scene0140_00__door_034,3404,5694,512,0,0.7293593847616286,0.7120874242291023,0.7120874524116516,0.01727196053252633,2.8182549294264447e-08
test_stage1_dn_0029,scene0140_00,scene0140_00__chair_025,scene0140_00__door_034,3404,5694,512,1,0.7268085909395124,0.7120874242291023,0.7120874524116516,0.014721166710410127,2.8182549294264447e-08
test_stage1_dn_0029,scene0140_00,scene0140_00__chair_025,scene0140_00__door_034,3404,5694,512,2,0.7402563934302133,0.7120874242291023,0.7120874524116516,0.028168969201111005,2.8182549294264447e-08
test_stage1_dn_0029,scene0140_00,scene0140_00__chair_025,scene0140_00__door_034,3404,5694,512,3,0.7187296560096593,0.7120874242291023,0.7120874524116516,0.006642231780557006,2.8182549294264447e-08
test_stage1_dn_0029,scene0140_00,scene0140_00__chair_025,scene0140_00__door_034,3404,5694,512,4,0.7213502118214257,0.7120874242291023,0.7120874524116516,0.009262787592323352,2.8182549294264447e-08
test_stage1_dn_0029,scene0140_00,scene0140_00__chair_025,scene0140_00__door_034,3404,5694,1000,0,0.7152585647953592,0.7120874242291023,0.7120874524116516,0.0031711405662568914,2.8182549294264447e-08
test_stage1_dn_0029,scene0140_00,scene0140_00__chair_025,scene0140_00__door_034,3404,5694,1000,1,0.7135268378669312,0.7120874242291023,0.7120874524116516,0.0014394136378288458,2.8182549294264447e-08
test_stage1_dn_0029,scene0140_00,scene0140_00__chair_025,scene0140_00__door_034,3404,5694,1000,2,0.7143142900078567,0.7120874242291023,0.7120874524116516,0.0022268657787544166,2.8182549294264447e-08
test_stage1_dn_0029,scene0140_00,scene0140_00__chair_025,scene0140_00__door_034,3404,5694,1000,3,0.7287369281861262,0.7120874242291023,0.7120874524116516,0.016649503957023915,2.8182549294264447e-08
test_stage1_dn_0029,scene0140_00,scene0140_00__chair_025,scene0140_00__door_034,3404,5694,1000,4,0.7177355191617927,0.7120874242291023,0.7120874524116516,0.005648094932690362,2.8182549294264447e-08
test_stage1_dn_0029,scene0140_00,scene0140_00__chair_025,scene0140_00__door_034,3404,5694,2000,0,0.7147622013520015,0.7120874242291023,0.7120874524116516,0.002674777122899208,2.8182549294264447e-08
test_stage1_dn_0029,scene0140_00,scene0140_00__chair_025,scene0140_00__door_034,3404,5694,2000,1,0.712782818133703,0.7120874242291023,0.7120874524116516,0.0006953939046007163,2.8182549294264447e-08
test_stage1_dn_0029,scene0140_00,scene0140_00__chair_025,scene0140_00__door_034,3404,5694,2000,2,0.7135892412552246,0.7120874242291023,0.7120874524116516,0.0015018170261222874,2.8182549294264447e-08
test_stage1_dn_0029,scene0140_00,scene0140_00__chair_025,scene0140_00__door_034,3404,5694,2000,3,0.7135892412552246,0.7120874242291023,0.7120874524116516,0.0015018170261222874,2.8182549294264447e-08
test_stage1_dn_0029,scene0140_00,scene0140_00__chair_025,scene0140_00__door_034,3404,5694,2000,4,0.712782818133703,0.7120874242291023,0.7120874524116516,0.0006953939046007163,2.8182549294264447e-08
test_stage1_dn_0029,scene0140_00,scene0140_00__chair_025,scene0140_00__door_034,3404,5694,5000,0,0.7120874242291023,0.7120874242291023,0.7120874524116516,0.0,2.8182549294264447e-08
test_stage1_dn_0029,scene0140_00,scene0140_00__chair_025,scene0140_00__door_034,3404,5694,5000,1,0.7120874242291023,0.7120874242291023,0.7120874524116516,0.0,2.8182549294264447e-08
test_stage1_dn_0029,scene0140_00,scene0140_00__chair_025,scene0140_00__door_034,3404,5694,5000,2,0.7130522215146522,0.7120874242291023,0.7120874524116516,0.0009647972855498788,2.8182549294264447e-08
test_stage1_dn_0029,scene0140_00,scene0140_00__chair_025,scene0140_00__door_034,3404,5694,5000,3,0.7120874242291023,0.7120874242291023,0.7120874524116516,0.0,2.8182549294264447e-08
test_stage1_dn_0029,scene0140_00,scene0140_00__chair_025,scene0140_00__door_034,3404,5694,5000,4,0.7120874242291023,0.7120874242291023,0.7120874524116516,0.0,2.8182549294264447e-08
test_stage1_dn_0029,scene0140_00,scene0140_00__chair_025,scene0140_00__door_034,3404,5694,10000,0,0.7120874242291023,0.7120874242291023,0.7120874524116516,0.0,2.8182549294264447e-08
test_stage1_dn_0029,scene0140_00,scene0140_00__chair_025,scene0140_00__door_034,3404,5694,10000,1,0.7120874242291023,0.7120874242291023,0.7120874524116516,0.0,2.8182549294264447e-08
test_stage1_dn_0029,scene0140_00,scene0140_00__chair_025,scene0140_00__door_034,3404,5694,10000,2,0.7120874242291023,0.7120874242291023,0.7120874524116516,0.0,2.8182549294264447e-08
test_stage1_dn_0029,scene0140_00,scene0140_00__chair_025,scene0140_00__door_034,3404,5694,10000,3,0.7120874242291023,0.7120874242291023,0.7120874524116516,0.0,2.8182549294264447e-08
test_stage1_dn_0029,scene0140_00,scene0140_00__chair_025,scene0140_00__door_034,3404,5694,10000,4,0.7124456055555017,0.7120874242291023,0.7120874524116516,0.00035818132639942046,2.8182549294264447e-08
test_stage1_dn_0029,scene0140_00,scene0140_00__chair_025,scene0140_00__door_034,3404,5694,20000,0,0.7120874242291023,0.7120874242291023,0.7120874524116516,0.0,2.8182549294264447e-08
test_stage1_dn_0029,scene0140_00,scene0140_00__chair_025,scene0140_00__door_034,3404,5694,20000,1,0.7120874242291023,0.7120874242291023,0.7120874524116516,0.0,2.8182549294264447e-08
test_stage1_dn_0029,scene0140_00,scene0140_00__chair_025,scene0140_00__door_034,3404,5694,20000,2,0.7120874242291023,0.7120874242291023,0.7120874524116516,0.0,2.8182549294264447e-08
test_stage1_dn_0029,scene0140_00,scene0140_00__chair_025,scene0140_00__door_034,3404,5694,20000,3,0.7120874242291023,0.7120874242291023,0.7120874524116516,0.0,2.8182549294264447e-08
test_stage1_dn_0029,scene0140_00,scene0140_00__chair_025,scene0140_00__door_034,3404,5694,20000,4,0.7120874242291023,0.7120874242291023,0.7120874524116516,0.0,2.8182549294264447e-08
test_stage1_dn_0030,scene0140_00,scene0140_00__chair_046,scene0140_00__table_001,2652,16257,512,0,0.1929446006620717,0.18308833476674471,0.183088332414627,0.009856265895326982,2.3521177228147394e-09
test_stage1_dn_0030,scene0140_00,scene0140_00__chair_046,scene0140_00__table_001,2652,16257,512,1,0.20953510032376974,0.18308833476674471,0.183088332414627,0.02644676555702502,2.3521177228147394e-09
test_stage1_dn_0030,scene0140_00,scene0140_00__chair_046,scene0140_00__table_001,2652,16257,512,2,0.2127668087547052,0.18308833476674471,0.183088332414627,0.029678473987960474,2.3521177228147394e-09
test_stage1_dn_0030,scene0140_00,scene0140_00__chair_046,scene0140_00__table_001,2652,16257,512,3,0.2095974574949355,0.18308833476674471,0.183088332414627,0.02650912272819078,2.3521177228147394e-09
test_stage1_dn_0030,scene0140_00,scene0140_00__chair_046,scene0140_00__table_001,2652,16257,512,4,0.20192671803823428,0.18308833476674471,0.183088332414627,0.018838383271489567,2.3521177228147394e-09
test_stage1_dn_0030,scene0140_00,scene0140_00__chair_046,scene0140_00__table_001,2652,16257,1000,0,0.192815238135125,0.18308833476674471,0.183088332414627,0.00972690336838028,2.3521177228147394e-09
test_stage1_dn_0030,scene0140_00,scene0140_00__chair_046,scene0140_00__table_001,2652,16257,1000,1,0.19619313416463446,0.18308833476674471,0.183088332414627,0.01310479939788975,2.3521177228147394e-09
test_stage1_dn_0030,scene0140_00,scene0140_00__chair_046,scene0140_00__table_001,2652,16257,1000,2,0.20203108564045844,0.18308833476674471,0.183088332414627,0.01894275087371372,2.3521177228147394e-09
test_stage1_dn_0030,scene0140_00,scene0140_00__chair_046,scene0140_00__table_001,2652,16257,1000,3,0.2056180629910937,0.18308833476674471,0.183088332414627,0.022529728224348983,2.3521177228147394e-09
test_stage1_dn_0030,scene0140_00,scene0140_00__chair_046,scene0140_00__table_001,2652,16257,1000,4,0.19505680521644564,0.18308833476674471,0.183088332414627,0.011968470449700924,2.3521177228147394e-09
test_stage1_dn_0030,scene0140_00,scene0140_00__chair_046,scene0140_00__table_001,2652,16257,2000,0,0.1867519737525069,0.18308833476674471,0.183088332414627,0.003663638985762191,2.3521177228147394e-09
test_stage1_dn_0030,scene0140_00,scene0140_00__chair_046,scene0140_00__table_001,2652,16257,2000,1,0.18308833476674471,0.18308833476674471,0.183088332414627,0.0,2.3521177228147394e-09
test_stage1_dn_0030,scene0140_00,scene0140_00__chair_046,scene0140_00__table_001,2652,16257,2000,2,0.19005647173031667,0.18308833476674471,0.183088332414627,0.006968136963571958,2.3521177228147394e-09
test_stage1_dn_0030,scene0140_00,scene0140_00__chair_046,scene0140_00__table_001,2652,16257,2000,3,0.19310467248168037,0.18308833476674471,0.183088332414627,0.010016337714935653,2.3521177228147394e-09
test_stage1_dn_0030,scene0140_00,scene0140_00__chair_046,scene0140_00__table_001,2652,16257,2000,4,0.18308833476674471,0.18308833476674471,0.183088332414627,0.0,2.3521177228147394e-09
test_stage1_dn_0030,scene0140_00,scene0140_00__chair_046,scene0140_00__table_001,2652,16257,5000,0,0.18308833476674471,0.18308833476674471,0.183088332414627,0.0,2.3521177228147394e-09
test_stage1_dn_0030,scene0140_00,scene0140_00__chair_046,scene0140_00__table_001,2652,16257,5000,1,0.18308833476674471,0.18308833476674471,0.183088332414627,0.0,2.3521177228147394e-09
test_stage1_dn_0030,scene0140_00,scene0140_00__chair_046,scene0140_00__table_001,2652,16257,5000,2,0.18703194174847002,0.18308833476674471,0.183088332414627,0.0039436069817253006,2.3521177228147394e-09
test_stage1_dn_0030,scene0140_00,scene0140_00__chair_046,scene0140_00__table_001,2652,16257,5000,3,0.18516190597988502,0.18308833476674471,0.183088332414627,0.0020735712131403072,2.3521177228147394e-09
test_stage1_dn_0030,scene0140_00,scene0140_00__chair_046,scene0140_00__table_001,2652,16257,5000,4,0.1889106795024358,0.18308833476674471,0.183088332414627,0.0058223447356910984,2.3521177228147394e-09
test_stage1_dn_0030,scene0140_00,scene0140_00__chair_046,scene0140_00__table_001,2652,16257,10000,0,0.18308833476674471,0.18308833476674471,0.183088332414627,0.0,2.3521177228147394e-09
test_stage1_dn_0030,scene0140_00,scene0140_00__chair_046,scene0140_00__table_001,2652,16257,10000,1,0.18308833476674471,0.18308833476674471,0.183088332414627,0.0,2.3521177228147394e-09
test_stage1_dn_0030,scene0140_00,scene0140_00__chair_046,scene0140_00__table_001,2652,16257,10000,2,0.18308833476674471,0.18308833476674471,0.183088332414627,0.0,2.3521177228147394e-09
test_stage1_dn_0030,scene0140_00,scene0140_00__chair_046,scene0140_00__table_001,2652,16257,10000,3,0.18333131613328638,0.18308833476674471,0.183088332414627,0.00024298136654166136,2.3521177228147394e-09
test_stage1_dn_0030,scene0140_00,scene0140_00__chair_046,scene0140_00__table_001,2652,16257,10000,4,0.18308833476674471,0.18308833476674471,0.183088332414627,0.0,2.3521177228147394e-09
test_stage1_dn_0030,scene0140_00,scene0140_00__chair_046,scene0140_00__table_001,2652,16257,20000,0,0.18308833476674471,0.18308833476674471,0.183088332414627,0.0,2.3521177228147394e-09
test_stage1_dn_0030,scene0140_00,scene0140_00__chair_046,scene0140_00__table_001,2652,16257,20000,1,0.18418515426724166,0.18308833476674471,0.183088332414627,0.0010968195004969483,2.3521177228147394e-09
test_stage1_dn_0030,scene0140_00,scene0140_00__chair_046,scene0140_00__table_001,2652,16257,20000,2,0.18308833476674471,0.18308833476674471,0.183088332414627,0.0,2.3521177228147394e-09
test_stage1_dn_0030,scene0140_00,scene0140_00__chair_046,scene0140_00__table_001,2652,16257,20000,3,0.18308833476674471,0.18308833476674471,0.183088332414627,0.0,2.3521177228147394e-09
test_stage1_dn_0030,scene0140_00,scene0140_00__chair_046,scene0140_00__table_001,2652,16257,20000,4,0.18308833476674471,0.18308833476674471,0.183088332414627,0.0,2.3521177228147394e-09
test_stage1_dn_0031,scene0141_00,scene0141_00__cabinet_057,scene0141_00__desk_012,1121,3187,512,0,0.3679950793861364,0.35245579069583355,0.3524557948112488,0.015539288690302855,4.115415230820929e-09
test_stage1_dn_0031,scene0141_00,scene0141_00__cabinet_057,scene0141_00__desk_012,1121,3187,512,1,0.35733437952465585,0.35245579069583355,0.3524557948112488,0.004878588828822306,4.115415230820929e-09
test_stage1_dn_0031,scene0141_00,scene0141_00__cabinet_057,scene0141_00__desk_012,1121,3187,512,2,0.36852457433215724,0.35245579069583355,0.3524557948112488,0.01606878363632369,4.115415230820929e-09
test_stage1_dn_0031,scene0141_00,scene0141_00__cabinet_057,scene0141_00__desk_012,1121,3187,512,3,0.36392508733519807,0.35245579069583355,0.3524557948112488,0.011469296639364523,4.115415230820929e-09
test_stage1_dn_0031,scene0141_00,scene0141_00__cabinet_057,scene0141_00__desk_012,1121,3187,512,4,0.3714007312215913,0.35245579069583355,0.3524557948112488,0.018944940525757736,4.115415230820929e-09
test_stage1_dn_0031,scene0141_00,scene0141_00__cabinet_057,scene0141_00__desk_012,1121,3187,1000,0,0.3637068256680534,0.35245579069583355,0.3524557948112488,0.011251034972219853,4.115415230820929e-09
test_stage1_dn_0031,scene0141_00,scene0141_00__cabinet_057,scene0141_00__desk_012,1121,3187,1000,1,0.363807418800063,0.35245579069583355,0.3524557948112488,0.011351628104229461,4.115415230820929e-09
test_stage1_dn_0031,scene0141_00,scene0141_00__cabinet_057,scene0141_00__desk_012,1121,3187,1000,2,0.365200082090037,0.35245579069583355,0.3524557948112488,0.012744291394203466,4.115415230820929e-09
test_stage1_dn_0031,scene0141_00,scene0141_00__cabinet_057,scene0141_00__desk_012,1121,3187,1000,3,0.3630679216456375,0.35245579069583355,0.3524557948112488,0.010612130949803955,4.115415230820929e-09
test_stage1_dn_0031,scene0141_00,scene0141_00__cabinet_057,scene0141_00__desk_012,1121,3187,1000,4,0.3662492147140938,0.35245579069583355,0.3524557948112488,0.013793424018260225,4.115415230820929e-09
test_stage1_dn_0031,scene0141_00,scene0141_00__cabinet_057,scene0141_00__desk_012,1121,3187,2000,0,0.35245579069583355,0.35245579069583355,0.3524557948112488,0.0,4.115415230820929e-09
test_stage1_dn_0031,scene0141_00,scene0141_00__cabinet_057,scene0141_00__desk_012,1121,3187,2000,1,0.35245579069583355,0.35245579069583355,0.3524557948112488,0.0,4.115415230820929e-09
test_stage1_dn_0031,scene0141_00,scene0141_00__cabinet_057,scene0141_00__desk_012,1121,3187,2000,2,0.35245579069583355,0.35245579069583355,0.3524557948112488,0.0,4.115415230820929e-09
test_stage1_dn_0031,scene0141_00,scene0141_00__cabinet_057,scene0141_00__desk_012,1121,3187,2000,3,0.35245579069583355,0.35245579069583355,0.3524557948112488,0.0,4.115415230820929e-09
test_stage1_dn_0031,scene0141_00,scene0141_00__cabinet_057,scene0141_00__desk_012,1121,3187,2000,4,0.3569378545105027,0.35245579069583355,0.3524557948112488,0.004482063814669146,4.115415230820929e-09
test_stage1_dn_0031,scene0141_00,scene0141_00__cabinet_057,scene0141_00__desk_012,1121,3187,5000,0,0.3630679216456375,0.35245579069583355,0.3524557948112488,0.010612130949803955,4.115415230820929e-09
test_stage1_dn_0031,scene0141_00,scene0141_00__cabinet_057,scene0141_00__desk_012,1121,3187,5000,1,0.35512170542220933,0.35245579069583355,0.3524557948112488,0.0026659147263757843,4.115415230820929e-09
test_stage1_dn_0031,scene0141_00,scene0141_00__cabinet_057,scene0141_00__desk_012,1121,3187,5000,2,0.35245579069583355,0.35245579069583355,0.3524557948112488,0.0,4.115415230820929e-09
test_stage1_dn_0031,scene0141_00,scene0141_00__cabinet_057,scene0141_00__desk_012,1121,3187,5000,3,0.35245579069583355,0.35245579069583355,0.3524557948112488,0.0,4.115415230820929e-09
test_stage1_dn_0031,scene0141_00,scene0141_00__cabinet_057,scene0141_00__desk_012,1121,3187,5000,4,0.35373817186839074,0.35245579069583355,0.3524557948112488,0.0012823811725571899,4.115415230820929e-09
test_stage1_dn_0031,scene0141_00,scene0141_00__cabinet_057,scene0141_00__desk_012,1121,3187,10000,0,0.35245579069583355,0.35245579069583355,0.3524557948112488,0.0,4.115415230820929e-09
test_stage1_dn_0031,scene0141_00,scene0141_00__cabinet_057,scene0141_00__desk_012,1121,3187,10000,1,0.35245579069583355,0.35245579069583355,0.3524557948112488,0.0,4.115415230820929e-09
test_stage1_dn_0031,scene0141_00,scene0141_00__cabinet_057,scene0141_00__desk_012,1121,3187,10000,2,0.35245579069583355,0.35245579069583355,0.3524557948112488,0.0,4.115415230820929e-09
test_stage1_dn_0031,scene0141_00,scene0141_00__cabinet_057,scene0141_00__desk_012,1121,3187,10000,3,0.35245579069583355,0.35245579069583355,0.3524557948112488,0.0,4.115415230820929e-09
test_stage1_dn_0031,scene0141_00,scene0141_00__cabinet_057,scene0141_00__desk_012,1121,3187,10000,4,0.35245579069583355,0.35245579069583355,0.3524557948112488,0.0,4.115415230820929e-09
test_stage1_dn_0031,scene0141_00,scene0141_00__cabinet_057,scene0141_00__desk_012,1121,3187,20000,0,0.35245579069583355,0.35245579069583355,0.3524557948112488,0.0,4.115415230820929e-09
test_stage1_dn_0031,scene0141_00,scene0141_00__cabinet_057,scene0141_00__desk_012,1121,3187,20000,1,0.35245579069583355,0.35245579069583355,0.3524557948112488,0.0,4.115415230820929e-09
test_stage1_dn_0031,scene0141_00,scene0141_00__cabinet_057,scene0141_00__desk_012,1121,3187,20000,2,0.35245579069583355,0.35245579069583355,0.3524557948112488,0.0,4.115415230820929e-09
test_stage1_dn_0031,scene0141_00,scene0141_00__cabinet_057,scene0141_00__desk_012,1121,3187,20000,3,0.35245579069583355,0.35245579069583355,0.3524557948112488,0.0,4.115415230820929e-09
test_stage1_dn_0031,scene0141_00,scene0141_00__cabinet_057,scene0141_00__desk_012,1121,3187,20000,4,0.35245579069583355,0.35245579069583355,0.3524557948112488,0.0,4.115415230820929e-09
test_stage1_dn_0032,scene0141_00,scene0141_00__desk_011,scene0141_00__sofa_001,2353,6099,512,0,0.1826075665946199,0.16143961152045028,0.1614396125078201,0.02116795507416963,9.873698247897522e-10
test_stage1_dn_0032,scene0141_00,scene0141_00__desk_011,scene0141_00__sofa_001,2353,6099,512,1,0.18818935047666457,0.16143961152045028,0.1614396125078201,0.026749738956214297,9.873698247897522e-10
test_stage1_dn_0032,scene0141_00,scene0141_00__desk_011,scene0141_00__sofa_001,2353,6099,512,2,0.18315704986053938,0.16143961152045028,0.1614396125078201,0.0217174383400891,9.873698247897522e-10
test_stage1_dn_0032,scene0141_00,scene0141_00__desk_011,scene0141_00__sofa_001,2353,6099,512,3,0.17401041396236214,0.16143961152045028,0.1614396125078201,0.01257080244191186,9.873698247897522e-10
test_stage1_dn_0032,scene0141_00,scene0141_00__desk_011,scene0141_00__sofa_001,2353,6099,512,4,0.18261125273388418,0.16143961152045028,0.1614396125078201,0.0211716412134339,9.873698247897522e-10
test_stage1_dn_0032,scene0141_00,scene0141_00__desk_011,scene0141_00__sofa_001,2353,6099,1000,0,0.17626904773144877,0.16143961152045028,0.1614396125078201,0.014829436210998498,9.873698247897522e-10
test_stage1_dn_0032,scene0141_00,scene0141_00__desk_011,scene0141_00__sofa_001,2353,6099,1000,1,0.18099468299973587,0.16143961152045028,0.1614396125078201,0.01955507147928559,9.873698247897522e-10
test_stage1_dn_0032,scene0141_00,scene0141_00__desk_011,scene0141_00__sofa_001,2353,6099,1000,2,0.17499993419561144,0.16143961152045028,0.1614396125078201,0.013560322675161163,9.873698247897522e-10
test_stage1_dn_0032,scene0141_00,scene0141_00__desk_011,scene0141_00__sofa_001,2353,6099,1000,3,0.1940916122790192,0.16143961152045028,0.1614396125078201,0.032652000758568916,9.873698247897522e-10
test_stage1_dn_0032,scene0141_00,scene0141_00__desk_011,scene0141_00__sofa_001,2353,6099,1000,4,0.18138963970001837,0.16143961152045028,0.1614396125078201,0.01995002817956809,9.873698247897522e-10
test_stage1_dn_0032,scene0141_00,scene0141_00__desk_011,scene0141_00__sofa_001,2353,6099,2000,0,0.16717540639395745,0.16143961152045028,0.1614396125078201,0.005735794873507172,9.873698247897522e-10
test_stage1_dn_0032,scene0141_00,scene0141_00__desk_011,scene0141_00__sofa_001,2353,6099,2000,1,0.16502437382580518,0.16143961152045028,0.1614396125078201,0.0035847623053548994,9.873698247897522e-10
test_stage1_dn_0032,scene0141_00,scene0141_00__desk_011,scene0141_00__sofa_001,2353,6099,2000,2,0.17701166381805145,0.16143961152045028,0.1614396125078201,0.015572052297601169,9.873698247897522e-10
test_stage1_dn_0032,scene0141_00,scene0141_00__desk_011,scene0141_00__sofa_001,2353,6099,2000,3,0.17401041396236214,0.16143961152045028,0.1614396125078201,0.01257080244191186,9.873698247897522e-10
test_stage1_dn_0032,scene0141_00,scene0141_00__desk_011,scene0141_00__sofa_001,2353,6099,2000,4,0.16717540639395745,0.16143961152045028,0.1614396125078201,0.005735794873507172,9.873698247897522e-10
test_stage1_dn_0032,scene0141_00,scene0141_00__desk_011,scene0141_00__sofa_001,2353,6099,5000,0,0.16143961152045028,0.16143961152045028,0.1614396125078201,0.0,9.873698247897522e-10
test_stage1_dn_0032,scene0141_00,scene0141_00__desk_011,scene0141_00__sofa_001,2353,6099,5000,1,0.16143961152045028,0.16143961152045028,0.1614396125078201,0.0,9.873698247897522e-10
test_stage1_dn_0032,scene0141_00,scene0141_00__desk_011,scene0141_00__sofa_001,2353,6099,5000,2,0.16143961152045028,0.16143961152045028,0.1614396125078201,0.0,9.873698247897522e-10
test_stage1_dn_0032,scene0141_00,scene0141_00__desk_011,scene0141_00__sofa_001,2353,6099,5000,3,0.16143961152045028,0.16143961152045028,0.1614396125078201,0.0,9.873698247897522e-10
test_stage1_dn_0032,scene0141_00,scene0141_00__desk_011,scene0141_00__sofa_001,2353,6099,5000,4,0.1688042767348506,0.16143961152045028,0.1614396125078201,0.007364665214400323,9.873698247897522e-10
test_stage1_dn_0032,scene0141_00,scene0141_00__desk_011,scene0141_00__sofa_001,2353,6099,10000,0,0.16143961152045028,0.16143961152045028,0.1614396125078201,0.0,9.873698247897522e-10
test_stage1_dn_0032,scene0141_00,scene0141_00__desk_011,scene0141_00__sofa_001,2353,6099,10000,1,0.16143961152045028,0.16143961152045028,0.1614396125078201,0.0,9.873698247897522e-10
test_stage1_dn_0032,scene0141_00,scene0141_00__desk_011,scene0141_00__sofa_001,2353,6099,10000,2,0.16143961152045028,0.16143961152045028,0.1614396125078201,0.0,9.873698247897522e-10
test_stage1_dn_0032,scene0141_00,scene0141_00__desk_011,scene0141_00__sofa_001,2353,6099,10000,3,0.16502437382580518,0.16143961152045028,0.1614396125078201,0.0035847623053548994,9.873698247897522e-10
test_stage1_dn_0032,scene0141_00,scene0141_00__desk_011,scene0141_00__sofa_001,2353,6099,10000,4,0.16143961152045028,0.16143961152045028,0.1614396125078201,0.0,9.873698247897522e-10
test_stage1_dn_0032,scene0141_00,scene0141_00__desk_011,scene0141_00__sofa_001,2353,6099,20000,0,0.16143961152045028,0.16143961152045028,0.1614396125078201,0.0,9.873698247897522e-10
test_stage1_dn_0032,scene0141_00,scene0141_00__desk_011,scene0141_00__sofa_001,2353,6099,20000,1,0.16143961152045028,0.16143961152045028,0.1614396125078201,0.0,9.873698247897522e-10
test_stage1_dn_0032,scene0141_00,scene0141_00__desk_011,scene0141_00__sofa_001,2353,6099,20000,2,0.16143961152045028,0.16143961152045028,0.1614396125078201,0.0,9.873698247897522e-10
test_stage1_dn_0032,scene0141_00,scene0141_00__desk_011,scene0141_00__sofa_001,2353,6099,20000,3,0.16143961152045028,0.16143961152045028,0.1614396125078201,0.0,9.873698247897522e-10
test_stage1_dn_0032,scene0141_00,scene0141_00__desk_011,scene0141_00__sofa_001,2353,6099,20000,4,0.16143961152045028,0.16143961152045028,0.1614396125078201,0.0,9.873698247897522e-10
test_stage1_dn_0033,scene0141_00,scene0141_00__door_023,scene0141_00__sofa_001,3130,6099,512,0,0.19036279668984168,0.17219440266619218,0.1721944063901901,0.018168394023649503,3.7239979155945235e-09
test_stage1_dn_0033,scene0141_00,scene0141_00__door_023,scene0141_00__sofa_001,3130,6099,512,1,0.1883432068061467,0.17219440266619218,0.1721944063901901,0.01614880413995451,3.7239979155945235e-09
test_stage1_dn_0033,scene0141_00,scene0141_00__door_023,scene0141_00__sofa_001,3130,6099,512,2,0.21725532652053495,0.17219440266619218,0.1721944063901901,0.045060923854342766,3.7239979155945235e-09
test_stage1_dn_0033,scene0141_00,scene0141_00__door_023,scene0141_00__sofa_001,3130,6099,512,3,0.20878227765613258,0.17219440266619218,0.1721944063901901,0.0365878749899404,3.7239979155945235e-09
test_stage1_dn_0033,scene0141_00,scene0141_00__door_023,scene0141_00__sofa_001,3130,6099,512,4,0.22610462867204453,0.17219440266619218,0.1721944063901901,0.05391022600585235,3.7239979155945235e-09
test_stage1_dn_0033,scene0141_00,scene0141_00__door_023,scene0141_00__sofa_001,3130,6099,1000,0,0.196212745879826,0.17219440266619218,0.1721944063901901,0.02401834321363383,3.7239979155945235e-09
test_stage1_dn_0033,scene0141_00,scene0141_00__door_023,scene0141_00__sofa_001,3130,6099,1000,1,0.18457707464194242,0.17219440266619218,0.1721944063901901,0.012382671975750242,3.7239979155945235e-09
test_stage1_dn_0033,scene0141_00,scene0141_00__door_023,scene0141_00__sofa_001,3130,6099,1000,2,0.19581800194671678,0.17219440266619218,0.1721944063901901,0.0236235992805246,3.7239979155945235e-09
test_stage1_dn_0033,scene0141_00,scene0141_00__door_023,scene0141_00__sofa_001,3130,6099,1000,3,0.19036279668984168,0.17219440266619218,0.1721944063901901,0.018168394023649503,3.7239979155945235e-09
test_stage1_dn_0033,scene0141_00,scene0141_00__door_023,scene0141_00__sofa_001,3130,6099,1000,4,0.2124965157324624,0.17219440266619218,0.1721944063901901,0.04030211306627021,3.7239979155945235e-09
test_stage1_dn_0033,scene0141_00,scene0141_00__door_023,scene0141_00__sofa_001,3130,6099,2000,0,0.1790489930333483,0.17219440266619218,0.1721944063901901,0.006854590367156133,3.7239979155945235e-09
test_stage1_dn_0033,scene0141_00,scene0141_00__door_023,scene0141_00__sofa_001,3130,6099,2000,1,0.1786357532443731,0.17219440266619218,0.1721944063901901,0.006441350578180932,3.7239979155945235e-09
test_stage1_dn_0033,scene0141_00,scene0141_00__door_023,scene0141_00__sofa_001,3130,6099,2000,2,0.19824476865607749,0.17219440266619218,0.1721944063901901,0.026050365989885305,3.7239979155945235e-09
test_stage1_dn_0033,scene0141_00,scene0141_00__door_023,scene0141_00__sofa_001,3130,6099,2000,3,0.1786357532443731,0.17219440266619218,0.1721944063901901,0.006441350578180932,3.7239979155945235e-09
test_stage1_dn_0033,scene0141_00,scene0141_00__door_023,scene0141_00__sofa_001,3130,6099,2000,4,0.17219440266619218,0.17219440266619218,0.1721944063901901,0.0,3.7239979155945235e-09
test_stage1_dn_0033,scene0141_00,scene0141_00__door_023,scene0141_00__sofa_001,3130,6099,5000,0,0.17219440266619218,0.17219440266619218,0.1721944063901901,0.0,3.7239979155945235e-09
test_stage1_dn_0033,scene0141_00,scene0141_00__door_023,scene0141_00__sofa_001,3130,6099,5000,1,0.1786357532443731,0.17219440266619218,0.1721944063901901,0.006441350578180932,3.7239979155945235e-09
test_stage1_dn_0033,scene0141_00,scene0141_00__door_023,scene0141_00__sofa_001,3130,6099,5000,2,0.18107449097356876,0.17219440266619218,0.1721944063901901,0.008880088307376577,3.7239979155945235e-09
test_stage1_dn_0033,scene0141_00,scene0141_00__door_023,scene0141_00__sofa_001,3130,6099,5000,3,0.17219440266619218,0.17219440266619218,0.1721944063901901,0.0,3.7239979155945235e-09
test_stage1_dn_0033,scene0141_00,scene0141_00__door_023,scene0141_00__sofa_001,3130,6099,5000,4,0.17219440266619218,0.17219440266619218,0.1721944063901901,0.0,3.7239979155945235e-09
test_stage1_dn_0033,scene0141_00,scene0141_00__door_023,scene0141_00__sofa_001,3130,6099,10000,0,0.17219440266619218,0.17219440266619218,0.1721944063901901,0.0,3.7239979155945235e-09
test_stage1_dn_0033,scene0141_00,scene0141_00__door_023,scene0141_00__sofa_001,3130,6099,10000,1,0.17219440266619218,0.17219440266619218,0.1721944063901901,0.0,3.7239979155945235e-09
test_stage1_dn_0033,scene0141_00,scene0141_00__door_023,scene0141_00__sofa_001,3130,6099,10000,2,0.17219440266619218,0.17219440266619218,0.1721944063901901,0.0,3.7239979155945235e-09
test_stage1_dn_0033,scene0141_00,scene0141_00__door_023,scene0141_00__sofa_001,3130,6099,10000,3,0.17219440266619218,0.17219440266619218,0.1721944063901901,0.0,3.7239979155945235e-09
test_stage1_dn_0033,scene0141_00,scene0141_00__door_023,scene0141_00__sofa_001,3130,6099,10000,4,0.1786357532443731,0.17219440266619218,0.1721944063901901,0.006441350578180932,3.7239979155945235e-09
test_stage1_dn_0033,scene0141_00,scene0141_00__door_023,scene0141_00__sofa_001,3130,6099,20000,0,0.17219440266619218,0.17219440266619218,0.1721944063901901,0.0,3.7239979155945235e-09
test_stage1_dn_0033,scene0141_00,scene0141_00__door_023,scene0141_00__sofa_001,3130,6099,20000,1,0.17219440266619218,0.17219440266619218,0.1721944063901901,0.0,3.7239979155945235e-09
test_stage1_dn_0033,scene0141_00,scene0141_00__door_023,scene0141_00__sofa_001,3130,6099,20000,2,0.17219440266619218,0.17219440266619218,0.1721944063901901,0.0,3.7239979155945235e-09
test_stage1_dn_0033,scene0141_00,scene0141_00__door_023,scene0141_00__sofa_001,3130,6099,20000,3,0.17219440266619218,0.17219440266619218,0.1721944063901901,0.0,3.7239979155945235e-09
test_stage1_dn_0033,scene0141_00,scene0141_00__door_023,scene0141_00__sofa_001,3130,6099,20000,4,0.17219440266619218,0.17219440266619218,0.1721944063901901,0.0,3.7239979155945235e-09
test_stage1_dn_0034,scene0142_00,scene0142_00__cabinet_037,scene0142_00__chair_019,2106,2855,512,0,0.23011831478973316,0.21705399509681098,0.2170539945363998,0.013064319692922183,5.604111619206265e-10
test_stage1_dn_0034,scene0142_00,scene0142_00__cabinet_037,scene0142_00__chair_019,2106,2855,512,1,0.22908654736300255,0.21705399509681098,0.2170539945363998,0.01203255226619157,5.604111619206265e-10
test_stage1_dn_0034,scene0142_00,scene0142_00__cabinet_037,scene0142_00__chair_019,2106,2855,512,2,0.2350691787875432,0.21705399509681098,0.2170539945363998,0.01801518369073221,5.604111619206265e-10
test_stage1_dn_0034,scene0142_00,scene0142_00__cabinet_037,scene0142_00__chair_019,2106,2855,512,3,0.2585922075332012,0.21705399509681098,0.2170539945363998,0.04153821243639025,5.604111619206265e-10
test_stage1_dn_0034,scene0142_00,scene0142_00__cabinet_037,scene0142_00__chair_019,2106,2855,512,4,0.23299406421611338,0.21705399509681098,0.2170539945363998,0.015940069119302402,5.604111619206265e-10
test_stage1_dn_0034,scene0142_00,scene0142_00__cabinet_037,scene0142_00__chair_019,2106,2855,1000,0,0.22908654736300255,0.21705399509681098,0.2170539945363998,0.01203255226619157,5.604111619206265e-10
test_stage1_dn_0034,scene0142_00,scene0142_00__cabinet_037,scene0142_00__chair_019,2106,2855,1000,1,0.23595934581043976,0.21705399509681098,0.2170539945363998,0.018905350713628782,5.604111619206265e-10
test_stage1_dn_0034,scene0142_00,scene0142_00__cabinet_037,scene0142_00__chair_019,2106,2855,1000,2,0.23104792429780635,0.21705399509681098,0.2170539945363998,0.013993929200995375,5.604111619206265e-10
test_stage1_dn_0034,scene0142_00,scene0142_00__cabinet_037,scene0142_00__chair_019,2106,2855,1000,3,0.21787839193679384,0.21705399509681098,0.2170539945363998,0.0008243968399828661,5.604111619206265e-10
test_stage1_dn_0034,scene0142_00,scene0142_00__cabinet_037,scene0142_00__chair_019,2106,2855,1000,4,0.22804217043583302,0.21705399509681098,0.2170539945363998,0.01098817533902205,5.604111619206265e-10
test_stage1_dn_0034,scene0142_00,scene0142_00__cabinet_037,scene0142_00__chair_019,2106,2855,2000,0,0.21705399509681098,0.21705399509681098,0.2170539945363998,0.0,5.604111619206265e-10
test_stage1_dn_0034,scene0142_00,scene0142_00__cabinet_037,scene0142_00__chair_019,2106,2855,2000,1,0.21705399509681098,0.21705399509681098,0.2170539945363998,0.0,5.604111619206265e-10
test_stage1_dn_0034,scene0142_00,scene0142_00__cabinet_037,scene0142_00__chair_019,2106,2855,2000,2,0.21705399509681098,0.21705399509681098,0.2170539945363998,0.0,5.604111619206265e-10
test_stage1_dn_0034,scene0142_00,scene0142_00__cabinet_037,scene0142_00__chair_019,2106,2855,2000,3,0.21787839193679384,0.21705399509681098,0.2170539945363998,0.0008243968399828661,5.604111619206265e-10
test_stage1_dn_0034,scene0142_00,scene0142_00__cabinet_037,scene0142_00__chair_019,2106,2855,2000,4,0.22804217043583302,0.21705399509681098,0.2170539945363998,0.01098817533902205,5.604111619206265e-10
test_stage1_dn_0034,scene0142_00,scene0142_00__cabinet_037,scene0142_00__chair_019,2106,2855,5000,0,0.21705399509681098,0.21705399509681098,0.2170539945363998,0.0,5.604111619206265e-10
test_stage1_dn_0034,scene0142_00,scene0142_00__cabinet_037,scene0142_00__chair_019,2106,2855,5000,1,0.21705399509681098,0.21705399509681098,0.2170539945363998,0.0,5.604111619206265e-10
test_stage1_dn_0034,scene0142_00,scene0142_00__cabinet_037,scene0142_00__chair_019,2106,2855,5000,2,0.22804217043583302,0.21705399509681098,0.2170539945363998,0.01098817533902205,5.604111619206265e-10
test_stage1_dn_0034,scene0142_00,scene0142_00__cabinet_037,scene0142_00__chair_019,2106,2855,5000,3,0.21705399509681098,0.21705399509681098,0.2170539945363998,0.0,5.604111619206265e-10
test_stage1_dn_0034,scene0142_00,scene0142_00__cabinet_037,scene0142_00__chair_019,2106,2855,5000,4,0.21705399509681098,0.21705399509681098,0.2170539945363998,0.0,5.604111619206265e-10
test_stage1_dn_0034,scene0142_00,scene0142_00__cabinet_037,scene0142_00__chair_019,2106,2855,10000,0,0.21705399509681098,0.21705399509681098,0.2170539945363998,0.0,5.604111619206265e-10
test_stage1_dn_0034,scene0142_00,scene0142_00__cabinet_037,scene0142_00__chair_019,2106,2855,10000,1,0.21705399509681098,0.21705399509681098,0.2170539945363998,0.0,5.604111619206265e-10
test_stage1_dn_0034,scene0142_00,scene0142_00__cabinet_037,scene0142_00__chair_019,2106,2855,10000,2,0.21705399509681098,0.21705399509681098,0.2170539945363998,0.0,5.604111619206265e-10
test_stage1_dn_0034,scene0142_00,scene0142_00__cabinet_037,scene0142_00__chair_019,2106,2855,10000,3,0.21705399509681098,0.21705399509681098,0.2170539945363998,0.0,5.604111619206265e-10
test_stage1_dn_0034,scene0142_00,scene0142_00__cabinet_037,scene0142_00__chair_019,2106,2855,10000,4,0.21705399509681098,0.21705399509681098,0.2170539945363998,0.0,5.604111619206265e-10
test_stage1_dn_0034,scene0142_00,scene0142_00__cabinet_037,scene0142_00__chair_019,2106,2855,20000,0,0.21705399509681098,0.21705399509681098,0.2170539945363998,0.0,5.604111619206265e-10
test_stage1_dn_0034,scene0142_00,scene0142_00__cabinet_037,scene0142_00__chair_019,2106,2855,20000,1,0.21705399509681098,0.21705399509681098,0.2170539945363998,0.0,5.604111619206265e-10
test_stage1_dn_0034,scene0142_00,scene0142_00__cabinet_037,scene0142_00__chair_019,2106,2855,20000,2,0.21705399509681098,0.21705399509681098,0.2170539945363998,0.0,5.604111619206265e-10
test_stage1_dn_0034,scene0142_00,scene0142_00__cabinet_037,scene0142_00__chair_019,2106,2855,20000,3,0.21705399509681098,0.21705399509681098,0.2170539945363998,0.0,5.604111619206265e-10
test_stage1_dn_0034,scene0142_00,scene0142_00__cabinet_037,scene0142_00__chair_019,2106,2855,20000,4,0.21705399509681098,0.21705399509681098,0.2170539945363998,0.0,5.604111619206265e-10
test_stage1_dn_0035,scene0142_00,scene0142_00__cabinet_037,scene0142_00__table_006,2106,3172,512,0,0.17957207496896757,0.16058326076630977,0.1605832576751709,0.0189888142026578,3.0911388726462263e-09
test_stage1_dn_0035,scene0142_00,scene0142_00__cabinet_037,scene0142_00__table_006,2106,3172,512,1,0.1753912880518119,0.16058326076630977,0.1605832576751709,0.014808027285502123,3.0911388726462263e-09
test_stage1_dn_0035,scene0142_00,scene0142_00__cabinet_037,scene0142_00__table_006,2106,3172,512,2,0.1677512329446008,0.16058326076630977,0.1605832576751709,0.0071679721782910155,3.0911388726462263e-09
test_stage1_dn_0035,scene0142_00,scene0142_00__cabinet_037,scene0142_00__table_006,2106,3172,512,3,0.1718006894277237,0.16058326076630977,0.1605832576751709,0.011217428661413925,3.0911388726462263e-09
test_stage1_dn_0035,scene0142_00,scene0142_00__cabinet_037,scene0142_00__table_006,2106,3172,512,4,0.1790381859161859,0.16058326076630977,0.1605832576751709,0.018454925149876122,3.0911388726462263e-09
test_stage1_dn_0035,scene0142_00,scene0142_00__cabinet_037,scene0142_00__table_006,2106,3172,1000,0,0.16246275891872064,0.16058326076630977,0.1605832576751709,0.001879498152410869,3.0911388726462263e-09
test_stage1_dn_0035,scene0142_00,scene0142_00__cabinet_037,scene0142_00__table_006,2106,3172,1000,1,0.1623526581958043,0.16058326076630977,0.1605832576751709,0.0017693974294945292,3.0911388726462263e-09
test_stage1_dn_0035,scene0142_00,scene0142_00__cabinet_037,scene0142_00__table_006,2106,3172,1000,2,0.16859030896004198,0.16058326076630977,0.1605832576751709,0.008007048193732214,3.0911388726462263e-09
test_stage1_dn_0035,scene0142_00,scene0142_00__cabinet_037,scene0142_00__table_006,2106,3172,1000,3,0.1673920391658019,0.16058326076630977,0.1605832576751709,0.006808778399492121,3.0911388726462263e-09
test_stage1_dn_0035,scene0142_00,scene0142_00__cabinet_037,scene0142_00__table_006,2106,3172,1000,4,0.1685862217409247,0.16058326076630977,0.1605832576751709,0.00800296097461492,3.0911388726462263e-09
test_stage1_dn_0035,scene0142_00,scene0142_00__cabinet_037,scene0142_00__table_006,2106,3172,2000,0,0.16058326076630977,0.16058326076630977,0.1605832576751709,0.0,3.0911388726462263e-09
test_stage1_dn_0035,scene0142_00,scene0142_00__cabinet_037,scene0142_00__table_006,2106,3172,2000,1,0.16155706700349576,0.16058326076630977,0.1605832576751709,0.0009738062371859868,3.0911388726462263e-09
test_stage1_dn_0035,scene0142_00,scene0142_00__cabinet_037,scene0142_00__table_006,2106,3172,2000,2,0.16058326076630977,0.16058326076630977,0.1605832576751709,0.0,3.0911388726462263e-09
test_stage1_dn_0035,scene0142_00,scene0142_00__cabinet_037,scene0142_00__table_006,2106,3172,2000,3,0.16058326076630977,0.16058326076630977,0.1605832576751709,0.0,3.0911388726462263e-09
test_stage1_dn_0035,scene0142_00,scene0142_00__cabinet_037,scene0142_00__table_006,2106,3172,2000,4,0.1623526581958043,0.16058326076630977,0.1605832576751709,0.0017693974294945292,3.0911388726462263e-09
test_stage1_dn_0035,scene0142_00,scene0142_00__cabinet_037,scene0142_00__table_006,2106,3172,5000,0,0.16058326076630977,0.16058326076630977,0.1605832576751709,0.0,3.0911388726462263e-09
test_stage1_dn_0035,scene0142_00,scene0142_00__cabinet_037,scene0142_00__table_006,2106,3172,5000,1,0.16058326076630977,0.16058326076630977,0.1605832576751709,0.0,3.0911388726462263e-09
test_stage1_dn_0035,scene0142_00,scene0142_00__cabinet_037,scene0142_00__table_006,2106,3172,5000,2,0.16155706700349576,0.16058326076630977,0.1605832576751709,0.0009738062371859868,3.0911388726462263e-09
test_stage1_dn_0035,scene0142_00,scene0142_00__cabinet_037,scene0142_00__table_006,2106,3172,5000,3,0.16058326076630977,0.16058326076630977,0.1605832576751709,0.0,3.0911388726462263e-09
test_stage1_dn_0035,scene0142_00,scene0142_00__cabinet_037,scene0142_00__table_006,2106,3172,5000,4,0.16058326076630977,0.16058326076630977,0.1605832576751709,0.0,3.0911388726462263e-09
test_stage1_dn_0035,scene0142_00,scene0142_00__cabinet_037,scene0142_00__table_006,2106,3172,10000,0,0.16058326076630977,0.16058326076630977,0.1605832576751709,0.0,3.0911388726462263e-09
test_stage1_dn_0035,scene0142_00,scene0142_00__cabinet_037,scene0142_00__table_006,2106,3172,10000,1,0.16058326076630977,0.16058326076630977,0.1605832576751709,0.0,3.0911388726462263e-09
test_stage1_dn_0035,scene0142_00,scene0142_00__cabinet_037,scene0142_00__table_006,2106,3172,10000,2,0.16058326076630977,0.16058326076630977,0.1605832576751709,0.0,3.0911388726462263e-09
test_stage1_dn_0035,scene0142_00,scene0142_00__cabinet_037,scene0142_00__table_006,2106,3172,10000,3,0.16058326076630977,0.16058326076630977,0.1605832576751709,0.0,3.0911388726462263e-09
test_stage1_dn_0035,scene0142_00,scene0142_00__cabinet_037,scene0142_00__table_006,2106,3172,10000,4,0.16058326076630977,0.16058326076630977,0.1605832576751709,0.0,3.0911388726462263e-09
test_stage1_dn_0035,scene0142_00,scene0142_00__cabinet_037,scene0142_00__table_006,2106,3172,20000,0,0.16058326076630977,0.16058326076630977,0.1605832576751709,0.0,3.0911388726462263e-09
test_stage1_dn_0035,scene0142_00,scene0142_00__cabinet_037,scene0142_00__table_006,2106,3172,20000,1,0.16058326076630977,0.16058326076630977,0.1605832576751709,0.0,3.0911388726462263e-09
test_stage1_dn_0035,scene0142_00,scene0142_00__cabinet_037,scene0142_00__table_006,2106,3172,20000,2,0.16058326076630977,0.16058326076630977,0.1605832576751709,0.0,3.0911388726462263e-09
test_stage1_dn_0035,scene0142_00,scene0142_00__cabinet_037,scene0142_00__table_006,2106,3172,20000,3,0.16058326076630977,0.16058326076630977,0.1605832576751709,0.0,3.0911388726462263e-09
test_stage1_dn_0035,scene0142_00,scene0142_00__cabinet_037,scene0142_00__table_006,2106,3172,20000,4,0.16058326076630977,0.16058326076630977,0.1605832576751709,0.0,3.0911388726462263e-09
test_stage1_dn_0036,scene0142_00,scene0142_00__monitor_035,scene0142_00__table_005,1099,2475,512,0,0.22290601388908265,0.1954696127208272,0.1954696178436279,0.027436401168255464,5.122800711410136e-09
test_stage1_dn_0036,scene0142_00,scene0142_00__monitor_035,scene0142_00__table_005,1099,2475,512,1,0.2046273589333638,0.1954696127208272,0.1954696178436279,0.009157746212536622,5.122800711410136e-09
test_stage1_dn_0036,scene0142_00,scene0142_00__monitor_035,scene0142_00__table_005,1099,2475,512,2,0.21022691279199868,0.1954696127208272,0.1954696178436279,0.014757300071171486,5.122800711410136e-09
test_stage1_dn_0036,scene0142_00,scene0142_00__monitor_035,scene0142_00__table_005,1099,2475,512,3,0.20741783842309974,0.1954696127208272,0.1954696178436279,0.011948225702272552,5.122800711410136e-09
test_stage1_dn_0036,scene0142_00,scene0142_00__monitor_035,scene0142_00__table_005,1099,2475,512,4,0.21229307573637635,0.1954696127208272,0.1954696178436279,0.016823463015549156,5.122800711410136e-09
test_stage1_dn_0036,scene0142_00,scene0142_00__monitor_035,scene0142_00__table_005,1099,2475,1000,0,0.2056332754230915,0.1954696127208272,0.1954696178436279,0.01016366270226432,5.122800711410136e-09
test_stage1_dn_0036,scene0142_00,scene0142_00__monitor_035,scene0142_00__table_005,1099,2475,1000,1,0.2046273589333638,0.1954696127208272,0.1954696178436279,0.009157746212536622,5.122800711410136e-09
test_stage1_dn_0036,scene0142_00,scene0142_00__monitor_035,scene0142_00__table_005,1099,2475,1000,2,0.2047825024393878,0.1954696127208272,0.1954696178436279,0.009312889718560619,5.122800711410136e-09
test_stage1_dn_0036,scene0142_00,scene0142_00__monitor_035,scene0142_00__table_005,1099,2475,1000,3,0.21132691216602906,0.1954696127208272,0.1954696178436279,0.015857299445201867,5.122800711410136e-09
test_stage1_dn_0036,scene0142_00,scene0142_00__monitor_035,scene0142_00__table_005,1099,2475,1000,4,0.20124395168668757,0.1954696127208272,0.1954696178436279,0.005774338965860382,5.122800711410136e-09
test_stage1_dn_0036,scene0142_00,scene0142_00__monitor_035,scene0142_00__table_005,1099,2475,2000,0,0.1954696127208272,0.1954696127208272,0.1954696178436279,0.0,5.122800711410136e-09
test_stage1_dn_0036,scene0142_00,scene0142_00__monitor_035,scene0142_00__table_005,1099,2475,2000,1,0.20124395168668757,0.1954696127208272,0.1954696178436279,0.005774338965860382,5.122800711410136e-09
test_stage1_dn_0036,scene0142_00,scene0142_00__monitor_035,scene0142_00__table_005,1099,2475,2000,2,0.1977613364939916,0.1954696127208272,0.1954696178436279,0.002291723773164417,5.122800711410136e-09
test_stage1_dn_0036,scene0142_00,scene0142_00__monitor_035,scene0142_00__table_005,1099,2475,2000,3,0.1954696127208272,0.1954696127208272,0.1954696178436279,0.0,5.122800711410136e-09
test_stage1_dn_0036,scene0142_00,scene0142_00__monitor_035,scene0142_00__table_005,1099,2475,2000,4,0.1954696127208272,0.1954696127208272,0.1954696178436279,0.0,5.122800711410136e-09
test_stage1_dn_0036,scene0142_00,scene0142_00__monitor_035,scene0142_00__table_005,1099,2475,5000,0,0.1954696127208272,0.1954696127208272,0.1954696178436279,0.0,5.122800711410136e-09
test_stage1_dn_0036,scene0142_00,scene0142_00__monitor_035,scene0142_00__table_005,1099,2475,5000,1,0.1954696127208272,0.1954696127208272,0.1954696178436279,0.0,5.122800711410136e-09
test_stage1_dn_0036,scene0142_00,scene0142_00__monitor_035,scene0142_00__table_005,1099,2475,5000,2,0.1954696127208272,0.1954696127208272,0.1954696178436279,0.0,5.122800711410136e-09
test_stage1_dn_0036,scene0142_00,scene0142_00__monitor_035,scene0142_00__table_005,1099,2475,5000,3,0.1954696127208272,0.1954696127208272,0.1954696178436279,0.0,5.122800711410136e-09
test_stage1_dn_0036,scene0142_00,scene0142_00__monitor_035,scene0142_00__table_005,1099,2475,5000,4,0.1954696127208272,0.1954696127208272,0.1954696178436279,0.0,5.122800711410136e-09
test_stage1_dn_0036,scene0142_00,scene0142_00__monitor_035,scene0142_00__table_005,1099,2475,10000,0,0.1954696127208272,0.1954696127208272,0.1954696178436279,0.0,5.122800711410136e-09
test_stage1_dn_0036,scene0142_00,scene0142_00__monitor_035,scene0142_00__table_005,1099,2475,10000,1,0.1954696127208272,0.1954696127208272,0.1954696178436279,0.0,5.122800711410136e-09
test_stage1_dn_0036,scene0142_00,scene0142_00__monitor_035,scene0142_00__table_005,1099,2475,10000,2,0.1954696127208272,0.1954696127208272,0.1954696178436279,0.0,5.122800711410136e-09
test_stage1_dn_0036,scene0142_00,scene0142_00__monitor_035,scene0142_00__table_005,1099,2475,10000,3,0.1954696127208272,0.1954696127208272,0.1954696178436279,0.0,5.122800711410136e-09
test_stage1_dn_0036,scene0142_00,scene0142_00__monitor_035,scene0142_00__table_005,1099,2475,10000,4,0.1954696127208272,0.1954696127208272,0.1954696178436279,0.0,5.122800711410136e-09
test_stage1_dn_0036,scene0142_00,scene0142_00__monitor_035,scene0142_00__table_005,1099,2475,20000,0,0.1954696127208272,0.1954696127208272,0.1954696178436279,0.0,5.122800711410136e-09
test_stage1_dn_0036,scene0142_00,scene0142_00__monitor_035,scene0142_00__table_005,1099,2475,20000,1,0.1954696127208272,0.1954696127208272,0.1954696178436279,0.0,5.122800711410136e-09
test_stage1_dn_0036,scene0142_00,scene0142_00__monitor_035,scene0142_00__table_005,1099,2475,20000,2,0.1954696127208272,0.1954696127208272,0.1954696178436279,0.0,5.122800711410136e-09
test_stage1_dn_0036,scene0142_00,scene0142_00__monitor_035,scene0142_00__table_005,1099,2475,20000,3,0.1954696127208272,0.1954696127208272,0.1954696178436279,0.0,5.122800711410136e-09
test_stage1_dn_0036,scene0142_00,scene0142_00__monitor_035,scene0142_00__table_005,1099,2475,20000,4,0.1954696127208272,0.1954696127208272,0.1954696178436279,0.0,5.122800711410136e-09
test_stage1_dn_0037,scene0143_01,scene0143_01__bed_011,scene0143_01__cabinet_004,14711,11139,512,0,0.8125857933597341,0.7931237347859462,0.793123722076416,0.01946205857378791,1.2709530206045372e-08
test_stage1_dn_0037,scene0143_01,scene0143_01__bed_011,scene0143_01__cabinet_004,14711,11139,512,1,0.8066755645383071,0.7931237347859462,0.793123722076416,0.013551829752360911,1.2709530206045372e-08
test_stage1_dn_0037,scene0143_01,scene0143_01__bed_011,scene0143_01__cabinet_004,14711,11139,512,2,0.8049816919330752,0.7931237347859462,0.793123722076416,0.011857957147129006,1.2709530206045372e-08
test_stage1_dn_0037,scene0143_01,scene0143_01__bed_011,scene0143_01__cabinet_004,14711,11139,512,3,0.8067821303464224,0.7931237347859462,0.793123722076416,0.01365839556047621,1.2709530206045372e-08
test_stage1_dn_0037,scene0143_01,scene0143_01__bed_011,scene0143_01__cabinet_004,14711,11139,512,4,0.8071757055897218,0.7931237347859462,0.793123722076416,0.014051970803775626,1.2709530206045372e-08
test_stage1_dn_0037,scene0143_01,scene0143_01__bed_011,scene0143_01__cabinet_004,14711,11139,1000,0,0.8004066686077278,0.7931237347859462,0.793123722076416,0.007282933821781579,1.2709530206045372e-08
test_stage1_dn_0037,scene0143_01,scene0143_01__bed_011,scene0143_01__cabinet_004,14711,11139,1000,1,0.8000345769988318,0.7931237347859462,0.793123722076416,0.006910842212885626,1.2709530206045372e-08
test_stage1_dn_0037,scene0143_01,scene0143_01__bed_011,scene0143_01__cabinet_004,14711,11139,1000,2,0.8002220503402049,0.7931237347859462,0.793123722076416,0.007098315554258661,1.2709530206045372e-08
test_stage1_dn_0037,scene0143_01,scene0143_01__bed_011,scene0143_01__cabinet_004,14711,11139,1000,3,0.8035887338694334,0.7931237347859462,0.793123722076416,0.010464999083487192,1.2709530206045372e-08
test_stage1_dn_0037,scene0143_01,scene0143_01__bed_011,scene0143_01__cabinet_004,14711,11139,1000,4,0.8016183629625224,0.7931237347859462,0.793123722076416,0.008494628176576202,1.2709530206045372e-08
test_stage1_dn_0037,scene0143_01,scene0143_01__bed_011,scene0143_01__cabinet_004,14711,11139,2000,0,0.8004066686077278,0.7931237347859462,0.793123722076416,0.007282933821781579,1.2709530206045372e-08
test_stage1_dn_0037,scene0143_01,scene0143_01__bed_011,scene0143_01__cabinet_004,14711,11139,2000,1,0.7983626197839556,0.7931237347859462,0.793123722076416,0.0052388849980093966,1.2709530206045372e-08
test_stage1_dn_0037,scene0143_01,scene0143_01__bed_011,scene0143_01__cabinet_004,14711,11139,2000,2,0.8002220503402049,0.7931237347859462,0.793123722076416,0.007098315554258661,1.2709530206045372e-08
test_stage1_dn_0037,scene0143_01,scene0143_01__bed_011,scene0143_01__cabinet_004,14711,11139,2000,3,0.8002891763640806,0.7931237347859462,0.793123722076416,0.007165441578134368,1.2709530206045372e-08
test_stage1_dn_0037,scene0143_01,scene0143_01__bed_011,scene0143_01__cabinet_004,14711,11139,2000,4,0.7981816405953821,0.7931237347859462,0.793123722076416,0.005057905809435881,1.2709530206045372e-08
test_stage1_dn_0037,scene0143_01,scene0143_01__bed_011,scene0143_01__cabinet_004,14711,11139,5000,0,0.7970818662023212,0.7931237347859462,0.793123722076416,0.003958131416375021,1.2709530206045372e-08
test_stage1_dn_0037,scene0143_01,scene0143_01__bed_011,scene0143_01__cabinet_004,14711,11139,5000,1,0.7973178655587102,0.7931237347859462,0.793123722076416,0.004194130772763982,1.2709530206045372e-08
test_stage1_dn_0037,scene0143_01,scene0143_01__bed_011,scene0143_01__cabinet_004,14711,11139,5000,2,0.7973845249868998,0.7931237347859462,0.793123722076416,0.004260790200953601,1.2709530206045372e-08
test_stage1_dn_0037,scene0143_01,scene0143_01__bed_011,scene0143_01__cabinet_004,14711,11139,5000,3,0.7991217628734482,0.7931237347859462,0.793123722076416,0.005998028087501939,1.2709530206045372e-08
test_stage1_dn_0037,scene0143_01,scene0143_01__bed_011,scene0143_01__cabinet_004,14711,11139,5000,4,0.7950957677122368,0.7931237347859462,0.793123722076416,0.0019720329262905567,1.2709530206045372e-08
test_stage1_dn_0037,scene0143_01,scene0143_01__bed_011,scene0143_01__cabinet_004,14711,11139,10000,0,0.7950957677122368,0.7931237347859462,0.793123722076416,0.0019720329262905567,1.2709530206045372e-08
test_stage1_dn_0037,scene0143_01,scene0143_01__bed_011,scene0143_01__cabinet_004,14711,11139,10000,1,0.7946804044775775,0.7931237347859462,0.793123722076416,0.0015566696916312628,1.2709530206045372e-08
test_stage1_dn_0037,scene0143_01,scene0143_01__bed_011,scene0143_01__cabinet_004,14711,11139,10000,2,0.7931237347859462,0.7931237347859462,0.793123722076416,0.0,1.2709530206045372e-08
test_stage1_dn_0037,scene0143_01,scene0143_01__bed_011,scene0143_01__cabinet_004,14711,11139,10000,3,0.7931237347859462,0.7931237347859462,0.793123722076416,0.0,1.2709530206045372e-08
test_stage1_dn_0037,scene0143_01,scene0143_01__bed_011,scene0143_01__cabinet_004,14711,11139,10000,4,0.7950957677122368,0.7931237347859462,0.793123722076416,0.0019720329262905567,1.2709530206045372e-08
test_stage1_dn_0037,scene0143_01,scene0143_01__bed_011,scene0143_01__cabinet_004,14711,11139,20000,0,0.7946804044775775,0.7931237347859462,0.793123722076416,0.0015566696916312628,1.2709530206045372e-08
test_stage1_dn_0037,scene0143_01,scene0143_01__bed_011,scene0143_01__cabinet_004,14711,11139,20000,1,0.7946804044775775,0.7931237347859462,0.793123722076416,0.0015566696916312628,1.2709530206045372e-08
test_stage1_dn_0037,scene0143_01,scene0143_01__bed_011,scene0143_01__cabinet_004,14711,11139,20000,2,0.7931237347859462,0.7931237347859462,0.793123722076416,0.0,1.2709530206045372e-08
test_stage1_dn_0037,scene0143_01,scene0143_01__bed_011,scene0143_01__cabinet_004,14711,11139,20000,3,0.7950957677122368,0.7931237347859462,0.793123722076416,0.0019720329262905567,1.2709530206045372e-08
test_stage1_dn_0037,scene0143_01,scene0143_01__bed_011,scene0143_01__cabinet_004,14711,11139,20000,4,0.7946804044775775,0.7931237347859462,0.793123722076416,0.0015566696916312628,1.2709530206045372e-08
test_stage1_dn_0038,scene0143_01,scene0143_01__cabinet_004,scene0143_01__desk_008,11139,3708,512,0,0.6120566782970233,0.5786240823918211,0.5786240696907043,0.0334325959052022,1.2701116713920158e-08
test_stage1_dn_0038,scene0143_01,scene0143_01__cabinet_004,scene0143_01__desk_008,11139,3708,512,1,0.6345781530204981,0.5786240823918211,0.5786240696907043,0.05595407062867708,1.2701116713920158e-08
test_stage1_dn_0038,scene0143_01,scene0143_01__cabinet_004,scene0143_01__desk_008,11139,3708,512,2,0.6279619749781804,0.5786240823918211,0.5786240696907043,0.049337892586359344,1.2701116713920158e-08
test_stage1_dn_0038,scene0143_01,scene0143_01__cabinet_004,scene0143_01__desk_008,11139,3708,512,3,0.6612726238231326,0.5786240823918211,0.5786240696907043,0.0826485414313115,1.2701116713920158e-08
test_stage1_dn_0038,scene0143_01,scene0143_01__cabinet_004,scene0143_01__desk_008,11139,3708,512,4,0.5972749217814446,0.5786240823918211,0.5786240696907043,0.01865083938962353,1.2701116713920158e-08
test_stage1_dn_0038,scene0143_01,scene0143_01__cabinet_004,scene0143_01__desk_008,11139,3708,1000,0,0.590407431258177,0.5786240823918211,0.5786240696907043,0.011783348866355903,1.2701116713920158e-08
test_stage1_dn_0038,scene0143_01,scene0143_01__cabinet_004,scene0143_01__desk_008,11139,3708,1000,1,0.6331751970705487,0.5786240823918211,0.5786240696907043,0.05455111467872764,1.2701116713920158e-08
test_stage1_dn_0038,scene0143_01,scene0143_01__cabinet_004,scene0143_01__desk_008,11139,3708,1000,2,0.6127694960918993,0.5786240823918211,0.5786240696907043,0.034145413700078286,1.2701116713920158e-08
test_stage1_dn_0038,scene0143_01,scene0143_01__cabinet_004,scene0143_01__desk_008,11139,3708,1000,3,0.5890951211254879,0.5786240823918211,0.5786240696907043,0.010471038733666838,1.2701116713920158e-08
test_stage1_dn_0038,scene0143_01,scene0143_01__cabinet_004,scene0143_01__desk_008,11139,3708,1000,4,0.5825852826770057,0.5786240823918211,0.5786240696907043,0.003961200285184652,1.2701116713920158e-08
test_stage1_dn_0038,scene0143_01,scene0143_01__cabinet_004,scene0143_01__desk_008,11139,3708,2000,0,0.5788436729660774,0.5786240823918211,0.5786240696907043,0.00021959057425635642,1.2701116713920158e-08
test_stage1_dn_0038,scene0143_01,scene0143_01__cabinet_004,scene0143_01__desk_008,11139,3708,2000,1,0.5908070761837602,0.5786240823918211,0.5786240696907043,0.0121829937919391,1.2701116713920158e-08
test_stage1_dn_0038,scene0143_01,scene0143_01__cabinet_004,scene0143_01__desk_008,11139,3708,2000,2,0.5789149630784102,0.5786240823918211,0.5786240696907043,0.00029088068658911226,1.2701116713920158e-08
test_stage1_dn_0038,scene0143_01,scene0143_01__cabinet_004,scene0143_01__desk_008,11139,3708,2000,3,0.5786240823918211,0.5786240823918211,0.5786240696907043,0.0,1.2701116713920158e-08
test_stage1_dn_0038,scene0143_01,scene0143_01__cabinet_004,scene0143_01__desk_008,11139,3708,2000,4,0.585746946385371,0.5786240823918211,0.5786240696907043,0.007122863993549888,1.2701116713920158e-08
test_stage1_dn_0038,scene0143_01,scene0143_01__cabinet_004,scene0143_01__desk_008,11139,3708,5000,0,0.5786240823918211,0.5786240823918211,0.5786240696907043,0.0,1.2701116713920158e-08
test_stage1_dn_0038,scene0143_01,scene0143_01__cabinet_004,scene0143_01__desk_008,11139,3708,5000,1,0.5825852826770057,0.5786240823918211,0.5786240696907043,0.003961200285184652,1.2701116713920158e-08
test_stage1_dn_0038,scene0143_01,scene0143_01__cabinet_004,scene0143_01__desk_008,11139,3708,5000,2,0.5789149630784102,0.5786240823918211,0.5786240696907043,0.00029088068658911226,1.2701116713920158e-08
test_stage1_dn_0038,scene0143_01,scene0143_01__cabinet_004,scene0143_01__desk_008,11139,3708,5000,3,0.5786240823918211,0.5786240823918211,0.5786240696907043,0.0,1.2701116713920158e-08
test_stage1_dn_0038,scene0143_01,scene0143_01__cabinet_004,scene0143_01__desk_008,11139,3708,5000,4,0.5825852826770057,0.5786240823918211,0.5786240696907043,0.003961200285184652,1.2701116713920158e-08
test_stage1_dn_0038,scene0143_01,scene0143_01__cabinet_004,scene0143_01__desk_008,11139,3708,10000,0,0.5786240823918211,0.5786240823918211,0.5786240696907043,0.0,1.2701116713920158e-08
test_stage1_dn_0038,scene0143_01,scene0143_01__cabinet_004,scene0143_01__desk_008,11139,3708,10000,1,0.5786240823918211,0.5786240823918211,0.5786240696907043,0.0,1.2701116713920158e-08
test_stage1_dn_0038,scene0143_01,scene0143_01__cabinet_004,scene0143_01__desk_008,11139,3708,10000,2,0.5786240823918211,0.5786240823918211,0.5786240696907043,0.0,1.2701116713920158e-08
test_stage1_dn_0038,scene0143_01,scene0143_01__cabinet_004,scene0143_01__desk_008,11139,3708,10000,3,0.5786240823918211,0.5786240823918211,0.5786240696907043,0.0,1.2701116713920158e-08
test_stage1_dn_0038,scene0143_01,scene0143_01__cabinet_004,scene0143_01__desk_008,11139,3708,10000,4,0.5786240823918211,0.5786240823918211,0.5786240696907043,0.0,1.2701116713920158e-08
test_stage1_dn_0038,scene0143_01,scene0143_01__cabinet_004,scene0143_01__desk_008,11139,3708,20000,0,0.5786240823918211,0.5786240823918211,0.5786240696907043,0.0,1.2701116713920158e-08
test_stage1_dn_0038,scene0143_01,scene0143_01__cabinet_004,scene0143_01__desk_008,11139,3708,20000,1,0.5786240823918211,0.5786240823918211,0.5786240696907043,0.0,1.2701116713920158e-08
test_stage1_dn_0038,scene0143_01,scene0143_01__cabinet_004,scene0143_01__desk_008,11139,3708,20000,2,0.5786240823918211,0.5786240823918211,0.5786240696907043,0.0,1.2701116713920158e-08
test_stage1_dn_0038,scene0143_01,scene0143_01__cabinet_004,scene0143_01__desk_008,11139,3708,20000,3,0.5789149630784102,0.5786240823918211,0.5786240696907043,0.00029088068658911226,1.2701116713920158e-08
test_stage1_dn_0038,scene0143_01,scene0143_01__cabinet_004,scene0143_01__desk_008,11139,3708,20000,4,0.5789149630784102,0.5786240823918211,0.5786240696907043,0.00029088068658911226,1.2701116713920158e-08
test_stage1_dn_0039,scene0144_00,scene0144_00__bed_000,scene0144_00__door_019,10439,2657,512,0,1.689472322917916,1.6725764550522173,1.6725764274597168,0.016895867865698744,2.7592500506656847e-08
test_stage1_dn_0039,scene0144_00,scene0144_00__bed_000,scene0144_00__door_019,10439,2657,512,1,1.7003617448468997,1.6725764550522173,1.6725764274597168,0.027785289794682422,2.7592500506656847e-08
test_stage1_dn_0039,scene0144_00,scene0144_00__bed_000,scene0144_00__door_019,10439,2657,512,2,1.6808195972947235,1.6725764550522173,1.6725764274597168,0.008243142242506218,2.7592500506656847e-08
test_stage1_dn_0039,scene0144_00,scene0144_00__bed_000,scene0144_00__door_019,10439,2657,512,3,1.7055703232464834,1.6725764550522173,1.6725764274597168,0.032993868194266085,2.7592500506656847e-08
test_stage1_dn_0039,scene0144_00,scene0144_00__bed_000,scene0144_00__door_019,10439,2657,512,4,1.6787530541749556,1.6725764550522173,1.6725764274597168,0.006176599122738269,2.7592500506656847e-08
test_stage1_dn_0039,scene0144_00,scene0144_00__bed_000,scene0144_00__door_019,10439,2657,1000,0,1.67880658497249,1.6725764550522173,1.6725764274597168,0.00623012992027272,2.7592500506656847e-08
test_stage1_dn_0039,scene0144_00,scene0144_00__bed_000,scene0144_00__door_019,10439,2657,1000,1,1.6768209795758204,1.6725764550522173,1.6725764274597168,0.004244524523603133,2.7592500506656847e-08
test_stage1_dn_0039,scene0144_00,scene0144_00__bed_000,scene0144_00__door_019,10439,2657,1000,2,1.6725764550522173,1.6725764550522173,1.6725764274597168,0.0,2.7592500506656847e-08
test_stage1_dn_0039,scene0144_00,scene0144_00__bed_000,scene0144_00__door_019,10439,2657,1000,3,1.6800663859757694,1.6725764550522173,1.6725764274597168,0.007489930923552102,2.7592500506656847e-08
test_stage1_dn_0039,scene0144_00,scene0144_00__bed_000,scene0144_00__door_019,10439,2657,1000,4,1.678391333801752,1.6725764550522173,1.6725764274597168,0.00581487874953468,2.7592500506656847e-08
test_stage1_dn_0039,scene0144_00,scene0144_00__bed_000,scene0144_00__door_019,10439,2657,2000,0,1.67880658497249,1.6725764550522173,1.6725764274597168,0.00623012992027272,2.7592500506656847e-08
test_stage1_dn_0039,scene0144_00,scene0144_00__bed_000,scene0144_00__door_019,10439,2657,2000,1,1.6746360047883737,1.6725764550522173,1.6725764274597168,0.0020595497361564075,2.7592500506656847e-08
test_stage1_dn_0039,scene0144_00,scene0144_00__bed_000,scene0144_00__door_019,10439,2657,2000,2,1.6725764550522173,1.6725764550522173,1.6725764274597168,0.0,2.7592500506656847e-08
test_stage1_dn_0039,scene0144_00,scene0144_00__bed_000,scene0144_00__door_019,10439,2657,2000,3,1.674660596433633,1.6725764550522173,1.6725764274597168,0.0020841413814156606,2.7592500506656847e-08
test_stage1_dn_0039,scene0144_00,scene0144_00__bed_000,scene0144_00__door_019,10439,2657,2000,4,1.6725764550522173,1.6725764550522173,1.6725764274597168,0.0,2.7592500506656847e-08
test_stage1_dn_0039,scene0144_00,scene0144_00__bed_000,scene0144_00__door_019,10439,2657,5000,0,1.674660596433633,1.6725764550522173,1.6725764274597168,0.0020841413814156606,2.7592500506656847e-08
test_stage1_dn_0039,scene0144_00,scene0144_00__bed_000,scene0144_00__door_019,10439,2657,5000,1,1.6725764550522173,1.6725764550522173,1.6725764274597168,0.0,2.7592500506656847e-08
test_stage1_dn_0039,scene0144_00,scene0144_00__bed_000,scene0144_00__door_019,10439,2657,5000,2,1.6725764550522173,1.6725764550522173,1.6725764274597168,0.0,2.7592500506656847e-08
test_stage1_dn_0039,scene0144_00,scene0144_00__bed_000,scene0144_00__door_019,10439,2657,5000,3,1.6725764550522173,1.6725764550522173,1.6725764274597168,0.0,2.7592500506656847e-08
test_stage1_dn_0039,scene0144_00,scene0144_00__bed_000,scene0144_00__door_019,10439,2657,5000,4,1.6725764550522173,1.6725764550522173,1.6725764274597168,0.0,2.7592500506656847e-08
test_stage1_dn_0039,scene0144_00,scene0144_00__bed_000,scene0144_00__door_019,10439,2657,10000,0,1.6725764550522173,1.6725764550522173,1.6725764274597168,0.0,2.7592500506656847e-08
test_stage1_dn_0039,scene0144_00,scene0144_00__bed_000,scene0144_00__door_019,10439,2657,10000,1,1.6725764550522173,1.6725764550522173,1.6725764274597168,0.0,2.7592500506656847e-08
test_stage1_dn_0039,scene0144_00,scene0144_00__bed_000,scene0144_00__door_019,10439,2657,10000,2,1.6725764550522173,1.6725764550522173,1.6725764274597168,0.0,2.7592500506656847e-08
test_stage1_dn_0039,scene0144_00,scene0144_00__bed_000,scene0144_00__door_019,10439,2657,10000,3,1.6725764550522173,1.6725764550522173,1.6725764274597168,0.0,2.7592500506656847e-08
test_stage1_dn_0039,scene0144_00,scene0144_00__bed_000,scene0144_00__door_019,10439,2657,10000,4,1.6725764550522173,1.6725764550522173,1.6725764274597168,0.0,2.7592500506656847e-08
test_stage1_dn_0039,scene0144_00,scene0144_00__bed_000,scene0144_00__door_019,10439,2657,20000,0,1.674660596433633,1.6725764550522173,1.6725764274597168,0.0020841413814156606,2.7592500506656847e-08
test_stage1_dn_0039,scene0144_00,scene0144_00__bed_000,scene0144_00__door_019,10439,2657,20000,1,1.6725764550522173,1.6725764550522173,1.6725764274597168,0.0,2.7592500506656847e-08
test_stage1_dn_0039,scene0144_00,scene0144_00__bed_000,scene0144_00__door_019,10439,2657,20000,2,1.6725764550522173,1.6725764550522173,1.6725764274597168,0.0,2.7592500506656847e-08
test_stage1_dn_0039,scene0144_00,scene0144_00__bed_000,scene0144_00__door_019,10439,2657,20000,3,1.674660596433633,1.6725764550522173,1.6725764274597168,0.0020841413814156606,2.7592500506656847e-08
test_stage1_dn_0039,scene0144_00,scene0144_00__bed_000,scene0144_00__door_019,10439,2657,20000,4,1.6725764550522173,1.6725764550522173,1.6725764274597168,0.0,2.7592500506656847e-08
test_stage1_dn_0040,scene0144_00,scene0144_00__chair_003,scene0144_00__table_001,2195,3672,512,0,0.26874471145586026,0.2603173926348811,0.2603173851966858,0.00842731882097919,7.438195281928017e-09
test_stage1_dn_0040,scene0144_00,scene0144_00__chair_003,scene0144_00__table_001,2195,3672,512,1,0.26755186122134195,0.2603173926348811,0.2603173851966858,0.007234468586460874,7.438195281928017e-09
test_stage1_dn_0040,scene0144_00,scene0144_00__chair_003,scene0144_00__table_001,2195,3672,512,2,0.26548920493360945,0.2603173926348811,0.2603173851966858,0.005171812298728373,7.438195281928017e-09
test_stage1_dn_0040,scene0144_00,scene0144_00__chair_003,scene0144_00__table_001,2195,3672,512,3,0.27011971843793575,0.2603173926348811,0.2603173851966858,0.009802325803054679,7.438195281928017e-09
test_stage1_dn_0040,scene0144_00,scene0144_00__chair_003,scene0144_00__table_001,2195,3672,512,4,0.26975410451285725,0.2603173926348811,0.2603173851966858,0.009436711877976178,7.438195281928017e-09
test_stage1_dn_0040,scene0144_00,scene0144_00__chair_003,scene0144_00__table_001,2195,3672,1000,0,0.2639431437591605,0.2603173926348811,0.2603173851966858,0.0036257511242794305,7.438195281928017e-09
test_stage1_dn_0040,scene0144_00,scene0144_00__chair_003,scene0144_00__table_001,2195,3672,1000,1,0.2603173926348811,0.2603173926348811,0.2603173851966858,0.0,7.438195281928017e-09
test_stage1_dn_0040,scene0144_00,scene0144_00__chair_003,scene0144_00__table_001,2195,3672,1000,2,0.2614339804465329,0.2603173926348811,0.2603173851966858,0.0011165878116518035,7.438195281928017e-09
test_stage1_dn_0040,scene0144_00,scene0144_00__chair_003,scene0144_00__table_001,2195,3672,1000,3,0.26464061993300064,0.2603173926348811,0.2603173851966858,0.00432322729811957,7.438195281928017e-09
test_stage1_dn_0040,scene0144_00,scene0144_00__chair_003,scene0144_00__table_001,2195,3672,1000,4,0.2603173926348811,0.2603173926348811,0.2603173851966858,0.0,7.438195281928017e-09
test_stage1_dn_0040,scene0144_00,scene0144_00__chair_003,scene0144_00__table_001,2195,3672,2000,0,0.2603173926348811,0.2603173926348811,0.2603173851966858,0.0,7.438195281928017e-09
test_stage1_dn_0040,scene0144_00,scene0144_00__chair_003,scene0144_00__table_001,2195,3672,2000,1,0.261878560657807,0.2603173926348811,0.2603173851966858,0.0015611680229259406,7.438195281928017e-09
test_stage1_dn_0040,scene0144_00,scene0144_00__chair_003,scene0144_00__table_001,2195,3672,2000,2,0.2614339804465329,0.2603173926348811,0.2603173851966858,0.0011165878116518035,7.438195281928017e-09
test_stage1_dn_0040,scene0144_00,scene0144_00__chair_003,scene0144_00__table_001,2195,3672,2000,3,0.2603173926348811,0.2603173926348811,0.2603173851966858,0.0,7.438195281928017e-09
test_stage1_dn_0040,scene0144_00,scene0144_00__chair_003,scene0144_00__table_001,2195,3672,2000,4,0.26222038511982715,0.2603173926348811,0.2603173851966858,0.0019029924849460755,7.438195281928017e-09
test_stage1_dn_0040,scene0144_00,scene0144_00__chair_003,scene0144_00__table_001,2195,3672,5000,0,0.2603173926348811,0.2603173926348811,0.2603173851966858,0.0,7.438195281928017e-09
test_stage1_dn_0040,scene0144_00,scene0144_00__chair_003,scene0144_00__table_001,2195,3672,5000,1,0.26222038511982715,0.2603173926348811,0.2603173851966858,0.0019029924849460755,7.438195281928017e-09
test_stage1_dn_0040,scene0144_00,scene0144_00__chair_003,scene0144_00__table_001,2195,3672,5000,2,0.2603173926348811,0.2603173926348811,0.2603173851966858,0.0,7.438195281928017e-09
test_stage1_dn_0040,scene0144_00,scene0144_00__chair_003,scene0144_00__table_001,2195,3672,5000,3,0.2603173926348811,0.2603173926348811,0.2603173851966858,0.0,7.438195281928017e-09
test_stage1_dn_0040,scene0144_00,scene0144_00__chair_003,scene0144_00__table_001,2195,3672,5000,4,0.2603173926348811,0.2603173926348811,0.2603173851966858,0.0,7.438195281928017e-09
test_stage1_dn_0040,scene0144_00,scene0144_00__chair_003,scene0144_00__table_001,2195,3672,10000,0,0.2603173926348811,0.2603173926348811,0.2603173851966858,0.0,7.438195281928017e-09
test_stage1_dn_0040,scene0144_00,scene0144_00__chair_003,scene0144_00__table_001,2195,3672,10000,1,0.2603173926348811,0.2603173926348811,0.2603173851966858,0.0,7.438195281928017e-09
test_stage1_dn_0040,scene0144_00,scene0144_00__chair_003,scene0144_00__table_001,2195,3672,10000,2,0.2603173926348811,0.2603173926348811,0.2603173851966858,0.0,7.438195281928017e-09
test_stage1_dn_0040,scene0144_00,scene0144_00__chair_003,scene0144_00__table_001,2195,3672,10000,3,0.2603173926348811,0.2603173926348811,0.2603173851966858,0.0,7.438195281928017e-09
test_stage1_dn_0040,scene0144_00,scene0144_00__chair_003,scene0144_00__table_001,2195,3672,10000,4,0.2603173926348811,0.2603173926348811,0.2603173851966858,0.0,7.438195281928017e-09
test_stage1_dn_0040,scene0144_00,scene0144_00__chair_003,scene0144_00__table_001,2195,3672,20000,0,0.2603173926348811,0.2603173926348811,0.2603173851966858,0.0,7.438195281928017e-09
test_stage1_dn_0040,scene0144_00,scene0144_00__chair_003,scene0144_00__table_001,2195,3672,20000,1,0.2603173926348811,0.2603173926348811,0.2603173851966858,0.0,7.438195281928017e-09
test_stage1_dn_0040,scene0144_00,scene0144_00__chair_003,scene0144_00__table_001,2195,3672,20000,2,0.2603173926348811,0.2603173926348811,0.2603173851966858,0.0,7.438195281928017e-09
test_stage1_dn_0040,scene0144_00,scene0144_00__chair_003,scene0144_00__table_001,2195,3672,20000,3,0.2603173926348811,0.2603173926348811,0.2603173851966858,0.0,7.438195281928017e-09
test_stage1_dn_0040,scene0144_00,scene0144_00__chair_003,scene0144_00__table_001,2195,3672,20000,4,0.2603173926348811,0.2603173926348811,0.2603173851966858,0.0,7.438195281928017e-09
test_stage1_dn_0041,scene0144_00,scene0144_00__chair_021,scene0144_00__door_011,3683,986,512,0,0.1746252557631426,0.17258943112407682,0.172589436173439,0.002035824639065792,5.049362178377592e-09
test_stage1_dn_0041,scene0144_00,scene0144_00__chair_021,scene0144_00__door_011,3683,986,512,1,0.19674554731983032,0.17258943112407682,0.172589436173439,0.024156116195753502,5.049362178377592e-09
test_stage1_dn_0041,scene0144_00,scene0144_00__chair_021,scene0144_00__door_011,3683,986,512,2,0.17701000199569747,0.17258943112407682,0.172589436173439,0.004420570871620649,5.049362178377592e-09
test_stage1_dn_0041,scene0144_00,scene0144_00__chair_021,scene0144_00__door_011,3683,986,512,3,0.1951869680172228,0.17258943112407682,0.172589436173439,0.022597536893145975,5.049362178377592e-09
test_stage1_dn_0041,scene0144_00,scene0144_00__chair_021,scene0144_00__door_011,3683,986,512,4,0.1872891882326762,0.17258943112407682,0.172589436173439,0.014699757108599387,5.049362178377592e-09
test_stage1_dn_0041,scene0144_00,scene0144_00__chair_021,scene0144_00__door_011,3683,986,1000,0,0.17701000199569747,0.17258943112407682,0.172589436173439,0.004420570871620649,5.049362178377592e-09
test_stage1_dn_0041,scene0144_00,scene0144_00__chair_021,scene0144_00__door_011,3683,986,1000,1,0.1837871105646249,0.17258943112407682,0.172589436173439,0.011197679440548086,5.049362178377592e-09
test_stage1_dn_0041,scene0144_00,scene0144_00__chair_021,scene0144_00__door_011,3683,986,1000,2,0.17258943112407682,0.17258943112407682,0.172589436173439,0.0,5.049362178377592e-09
test_stage1_dn_0041,scene0144_00,scene0144_00__chair_021,scene0144_00__door_011,3683,986,1000,3,0.17931371354467243,0.17258943112407682,0.172589436173439,0.006724282420595612,5.049362178377592e-09
test_stage1_dn_0041,scene0144_00,scene0144_00__chair_021,scene0144_00__door_011,3683,986,1000,4,0.18180680424597767,0.17258943112407682,0.172589436173439,0.009217373121900851,5.049362178377592e-09
test_stage1_dn_0041,scene0144_00,scene0144_00__chair_021,scene0144_00__door_011,3683,986,2000,0,0.17258943112407682,0.17258943112407682,0.172589436173439,0.0,5.049362178377592e-09
test_stage1_dn_0041,scene0144_00,scene0144_00__chair_021,scene0144_00__door_011,3683,986,2000,1,0.1746252557631426,0.17258943112407682,0.172589436173439,0.002035824639065792,5.049362178377592e-09
test_stage1_dn_0041,scene0144_00,scene0144_00__chair_021,scene0144_00__door_011,3683,986,2000,2,0.17258943112407682,0.17258943112407682,0.172589436173439,0.0,5.049362178377592e-09
test_stage1_dn_0041,scene0144_00,scene0144_00__chair_021,scene0144_00__door_011,3683,986,2000,3,0.18080411532187832,0.17258943112407682,0.172589436173439,0.008214684197801497,5.049362178377592e-09
test_stage1_dn_0041,scene0144_00,scene0144_00__chair_021,scene0144_00__door_011,3683,986,2000,4,0.17258943112407682,0.17258943112407682,0.172589436173439,0.0,5.049362178377592e-09
test_stage1_dn_0041,scene0144_00,scene0144_00__chair_021,scene0144_00__door_011,3683,986,5000,0,0.17258943112407682,0.17258943112407682,0.172589436173439,0.0,5.049362178377592e-09
test_stage1_dn_0041,scene0144_00,scene0144_00__chair_021,scene0144_00__door_011,3683,986,5000,1,0.17701000199569747,0.17258943112407682,0.172589436173439,0.004420570871620649,5.049362178377592e-09
test_stage1_dn_0041,scene0144_00,scene0144_00__chair_021,scene0144_00__door_011,3683,986,5000,2,0.1856188360731778,0.17258943112407682,0.172589436173439,0.013029404949100987,5.049362178377592e-09
test_stage1_dn_0041,scene0144_00,scene0144_00__chair_021,scene0144_00__door_011,3683,986,5000,3,0.18080411532187832,0.17258943112407682,0.172589436173439,0.008214684197801497,5.049362178377592e-09
test_stage1_dn_0041,scene0144_00,scene0144_00__chair_021,scene0144_00__door_011,3683,986,5000,4,0.17258943112407682,0.17258943112407682,0.172589436173439,0.0,5.049362178377592e-09
test_stage1_dn_0041,scene0144_00,scene0144_00__chair_021,scene0144_00__door_011,3683,986,10000,0,0.17258943112407682,0.17258943112407682,0.172589436173439,0.0,5.049362178377592e-09
test_stage1_dn_0041,scene0144_00,scene0144_00__chair_021,scene0144_00__door_011,3683,986,10000,1,0.17258943112407682,0.17258943112407682,0.172589436173439,0.0,5.049362178377592e-09
test_stage1_dn_0041,scene0144_00,scene0144_00__chair_021,scene0144_00__door_011,3683,986,10000,2,0.17258943112407682,0.17258943112407682,0.172589436173439,0.0,5.049362178377592e-09
test_stage1_dn_0041,scene0144_00,scene0144_00__chair_021,scene0144_00__door_011,3683,986,10000,3,0.17258943112407682,0.17258943112407682,0.172589436173439,0.0,5.049362178377592e-09
test_stage1_dn_0041,scene0144_00,scene0144_00__chair_021,scene0144_00__door_011,3683,986,10000,4,0.17258943112407682,0.17258943112407682,0.172589436173439,0.0,5.049362178377592e-09
test_stage1_dn_0041,scene0144_00,scene0144_00__chair_021,scene0144_00__door_011,3683,986,20000,0,0.17258943112407682,0.17258943112407682,0.172589436173439,0.0,5.049362178377592e-09
test_stage1_dn_0041,scene0144_00,scene0144_00__chair_021,scene0144_00__door_011,3683,986,20000,1,0.17258943112407682,0.17258943112407682,0.172589436173439,0.0,5.049362178377592e-09
test_stage1_dn_0041,scene0144_00,scene0144_00__chair_021,scene0144_00__door_011,3683,986,20000,2,0.17258943112407682,0.17258943112407682,0.172589436173439,0.0,5.049362178377592e-09
test_stage1_dn_0041,scene0144_00,scene0144_00__chair_021,scene0144_00__door_011,3683,986,20000,3,0.17258943112407682,0.17258943112407682,0.172589436173439,0.0,5.049362178377592e-09
test_stage1_dn_0041,scene0144_00,scene0144_00__chair_021,scene0144_00__door_011,3683,986,20000,4,0.17258943112407682,0.17258943112407682,0.172589436173439,0.0,5.049362178377592e-09
test_stage1_dn_0042,scene0181_00,scene0181_00__chair_002,scene0181_00__door_028,3782,4923,512,0,0.34622334985261044,0.3271380959753382,0.3271380960941314,0.019085253877272224,1.1879319750107697e-10
test_stage1_dn_0042,scene0181_00,scene0181_00__chair_002,scene0181_00__door_028,3782,4923,512,1,0.36597237251928055,0.3271380959753382,0.3271380960941314,0.038834276543942337,1.1879319750107697e-10
test_stage1_dn_0042,scene0181_00,scene0181_00__chair_002,scene0181_00__door_028,3782,4923,512,2,0.337563413799905,0.3271380959753382,0.3271380960941314,0.010425317824566793,1.1879319750107697e-10
test_stage1_dn_0042,scene0181_00,scene0181_00__chair_002,scene0181_00__door_028,3782,4923,512,3,0.3393805561528949,0.3271380959753382,0.3271380960941314,0.012242460177556702,1.1879319750107697e-10
test_stage1_dn_0042,scene0181_00,scene0181_00__chair_002,scene0181_00__door_028,3782,4923,512,4,0.34675217113549534,0.3271380959753382,0.3271380960941314,0.01961407516015712,1.1879319750107697e-10
test_stage1_dn_0042,scene0181_00,scene0181_00__chair_002,scene0181_00__door_028,3782,4923,1000,0,0.3299536188582428,0.3271380959753382,0.3271380960941314,0.0028155228829045975,1.1879319750107697e-10
test_stage1_dn_0042,scene0181_00,scene0181_00__chair_002,scene0181_00__door_028,3782,4923,1000,1,0.340857974118654,0.3271380959753382,0.3271380960941314,0.013719878143315767,1.1879319750107697e-10
test_stage1_dn_0042,scene0181_00,scene0181_00__chair_002,scene0181_00__door_028,3782,4923,1000,2,0.340857974118654,0.3271380959753382,0.3271380960941314,0.013719878143315767,1.1879319750107697e-10
test_stage1_dn_0042,scene0181_00,scene0181_00__chair_002,scene0181_00__door_028,3782,4923,1000,3,0.3331250107463889,0.3271380959753382,0.3271380960941314,0.005986914771050678,1.1879319750107697e-10
test_stage1_dn_0042,scene0181_00,scene0181_00__chair_002,scene0181_00__door_028,3782,4923,1000,4,0.3271380959753382,0.3271380959753382,0.3271380960941314,0.0,1.1879319750107697e-10
test_stage1_dn_0042,scene0181_00,scene0181_00__chair_002,scene0181_00__door_028,3782,4923,2000,0,0.3291948630792538,0.3271380959753382,0.3271380960941314,0.0020567671039155577,1.1879319750107697e-10
test_stage1_dn_0042,scene0181_00,scene0181_00__chair_002,scene0181_00__door_028,3782,4923,2000,1,0.32831752326876085,0.3271380959753382,0.3271380960941314,0.0011794272934226302,1.1879319750107697e-10
test_stage1_dn_0042,scene0181_00,scene0181_00__chair_002,scene0181_00__door_028,3782,4923,2000,2,0.331246771068202,0.3271380959753382,0.3271380960941314,0.004108675092863778,1.1879319750107697e-10
test_stage1_dn_0042,scene0181_00,scene0181_00__chair_002,scene0181_00__door_028,3782,4923,2000,3,0.3349575212136601,0.3271380959753382,0.3271380960941314,0.007819425238321909,1.1879319750107697e-10
test_stage1_dn_0042,scene0181_00,scene0181_00__chair_002,scene0181_00__door_028,3782,4923,2000,4,0.3346988750653938,0.3271380959753382,0.3271380960941314,0.007560779090055592,1.1879319750107697e-10
test_stage1_dn_0042,scene0181_00,scene0181_00__chair_002,scene0181_00__door_028,3782,4923,5000,0,0.3271380959753382,0.3271380959753382,0.3271380960941314,0.0,1.1879319750107697e-10
test_stage1_dn_0042,scene0181_00,scene0181_00__chair_002,scene0181_00__door_028,3782,4923,5000,1,0.3271380959753382,0.3271380959753382,0.3271380960941314,0.0,1.1879319750107697e-10
test_stage1_dn_0042,scene0181_00,scene0181_00__chair_002,scene0181_00__door_028,3782,4923,5000,2,0.3271380959753382,0.3271380959753382,0.3271380960941314,0.0,1.1879319750107697e-10
test_stage1_dn_0042,scene0181_00,scene0181_00__chair_002,scene0181_00__door_028,3782,4923,5000,3,0.3271380959753382,0.3271380959753382,0.3271380960941314,0.0,1.1879319750107697e-10
test_stage1_dn_0042,scene0181_00,scene0181_00__chair_002,scene0181_00__door_028,3782,4923,5000,4,0.3271380959753382,0.3271380959753382,0.3271380960941314,0.0,1.1879319750107697e-10
test_stage1_dn_0042,scene0181_00,scene0181_00__chair_002,scene0181_00__door_028,3782,4923,10000,0,0.3271380959753382,0.3271380959753382,0.3271380960941314,0.0,1.1879319750107697e-10
test_stage1_dn_0042,scene0181_00,scene0181_00__chair_002,scene0181_00__door_028,3782,4923,10000,1,0.3271380959753382,0.3271380959753382,0.3271380960941314,0.0,1.1879319750107697e-10
test_stage1_dn_0042,scene0181_00,scene0181_00__chair_002,scene0181_00__door_028,3782,4923,10000,2,0.3271380959753382,0.3271380959753382,0.3271380960941314,0.0,1.1879319750107697e-10
test_stage1_dn_0042,scene0181_00,scene0181_00__chair_002,scene0181_00__door_028,3782,4923,10000,3,0.3271380959753382,0.3271380959753382,0.3271380960941314,0.0,1.1879319750107697e-10
test_stage1_dn_0042,scene0181_00,scene0181_00__chair_002,scene0181_00__door_028,3782,4923,10000,4,0.3271380959753382,0.3271380959753382,0.3271380960941314,0.0,1.1879319750107697e-10
test_stage1_dn_0042,scene0181_00,scene0181_00__chair_002,scene0181_00__door_028,3782,4923,20000,0,0.3271380959753382,0.3271380959753382,0.3271380960941314,0.0,1.1879319750107697e-10
test_stage1_dn_0042,scene0181_00,scene0181_00__chair_002,scene0181_00__door_028,3782,4923,20000,1,0.3271380959753382,0.3271380959753382,0.3271380960941314,0.0,1.1879319750107697e-10
test_stage1_dn_0042,scene0181_00,scene0181_00__chair_002,scene0181_00__door_028,3782,4923,20000,2,0.3271380959753382,0.3271380959753382,0.3271380960941314,0.0,1.1879319750107697e-10
test_stage1_dn_0042,scene0181_00,scene0181_00__chair_002,scene0181_00__door_028,3782,4923,20000,3,0.3271380959753382,0.3271380959753382,0.3271380960941314,0.0,1.1879319750107697e-10
test_stage1_dn_0042,scene0181_00,scene0181_00__chair_002,scene0181_00__door_028,3782,4923,20000,4,0.3271380959753382,0.3271380959753382,0.3271380960941314,0.0,1.1879319750107697e-10
test_stage1_dn_0043,scene0181_00,scene0181_00__door_028,scene0181_00__table_023,4923,3659,512,0,0.5895656792577129,0.5557606070412532,0.5557606220245361,0.033805072216459675,1.4983282947689247e-08
test_stage1_dn_0043,scene0181_00,scene0181_00__door_028,scene0181_00__table_023,4923,3659,512,1,0.5726860702420808,0.5557606070412532,0.5557606220245361,0.016925463200827662,1.4983282947689247e-08
test_stage1_dn_0043,scene0181_00,scene0181_00__door_028,scene0181_00__table_023,4923,3659,512,2,0.5906514500582052,0.5557606070412532,0.5557606220245361,0.034890843016952,1.4983282947689247e-08
test_stage1_dn_0043,scene0181_00,scene0181_00__door_028,scene0181_00__table_023,4923,3659,512,3,0.5654693706337842,0.5557606070412532,0.5557606220245361,0.009708763592531033,1.4983282947689247e-08
test_stage1_dn_0043,scene0181_00,scene0181_00__door_028,scene0181_00__table_023,4923,3659,512,4,0.5896619778138089,0.5557606070412532,0.5557606220245361,0.03390137077255573,1.4983282947689247e-08
test_stage1_dn_0043,scene0181_00,scene0181_00__door_028,scene0181_00__table_023,4923,3659,1000,0,0.5685500223867168,0.5557606070412532,0.5557606220245361,0.012789415345463628,1.4983282947689247e-08
test_stage1_dn_0043,scene0181_00,scene0181_00__door_028,scene0181_00__table_023,4923,3659,1000,1,0.5716255973432329,0.5557606070412532,0.5557606220245361,0.015864990301979742,1.4983282947689247e-08
test_stage1_dn_0043,scene0181_00,scene0181_00__door_028,scene0181_00__table_023,4923,3659,1000,2,0.5654693706337842,0.5557606070412532,0.5557606220245361,0.009708763592531033,1.4983282947689247e-08
test_stage1_dn_0043,scene0181_00,scene0181_00__door_028,scene0181_00__table_023,4923,3659,1000,3,0.5682064196401037,0.5557606070412532,0.5557606220245361,0.01244581259885047,1.4983282947689247e-08
test_stage1_dn_0043,scene0181_00,scene0181_00__door_028,scene0181_00__table_023,4923,3659,1000,4,0.5748412685703044,0.5557606070412532,0.5557606220245361,0.01908066152905119,1.4983282947689247e-08
test_stage1_dn_0043,scene0181_00,scene0181_00__door_028,scene0181_00__table_023,4923,3659,2000,0,0.5580874095146255,0.5557606070412532,0.5557606220245361,0.002326802473372358,1.4983282947689247e-08
test_stage1_dn_0043,scene0181_00,scene0181_00__door_028,scene0181_00__table_023,4923,3659,2000,1,0.5606017392830193,0.5557606070412532,0.5557606220245361,0.004841132241766077,1.4983282947689247e-08
test_stage1_dn_0043,scene0181_00,scene0181_00__door_028,scene0181_00__table_023,4923,3659,2000,2,0.5591846865119393,0.5557606070412532,0.5557606220245361,0.0034240794706861255,1.4983282947689247e-08
test_stage1_dn_0043,scene0181_00,scene0181_00__door_028,scene0181_00__table_023,4923,3659,2000,3,0.5652247881387173,0.5557606070412532,0.5557606220245361,0.009464181097464164,1.4983282947689247e-08
test_stage1_dn_0043,scene0181_00,scene0181_00__door_028,scene0181_00__table_023,4923,3659,2000,4,0.5606017392830193,0.5557606070412532,0.5557606220245361,0.004841132241766077,1.4983282947689247e-08
test_stage1_dn_0043,scene0181_00,scene0181_00__door_028,scene0181_00__table_023,4923,3659,5000,0,0.5557606070412532,0.5557606070412532,0.5557606220245361,0.0,1.4983282947689247e-08
test_stage1_dn_0043,scene0181_00,scene0181_00__door_028,scene0181_00__table_023,4923,3659,5000,1,0.5557606070412532,0.5557606070412532,0.5557606220245361,0.0,1.4983282947689247e-08
test_stage1_dn_0043,scene0181_00,scene0181_00__door_028,scene0181_00__table_023,4923,3659,5000,2,0.5615745944527699,0.5557606070412532,0.5557606220245361,0.00581398741151673,1.4983282947689247e-08
test_stage1_dn_0043,scene0181_00,scene0181_00__door_028,scene0181_00__table_023,4923,3659,5000,3,0.5644791634893376,0.5557606070412532,0.5557606220245361,0.008718556448084391,1.4983282947689247e-08
test_stage1_dn_0043,scene0181_00,scene0181_00__door_028,scene0181_00__table_023,4923,3659,5000,4,0.5557606070412532,0.5557606070412532,0.5557606220245361,0.0,1.4983282947689247e-08
test_stage1_dn_0043,scene0181_00,scene0181_00__door_028,scene0181_00__table_023,4923,3659,10000,0,0.5557606070412532,0.5557606070412532,0.5557606220245361,0.0,1.4983282947689247e-08
test_stage1_dn_0043,scene0181_00,scene0181_00__door_028,scene0181_00__table_023,4923,3659,10000,1,0.5557606070412532,0.5557606070412532,0.5557606220245361,0.0,1.4983282947689247e-08
test_stage1_dn_0043,scene0181_00,scene0181_00__door_028,scene0181_00__table_023,4923,3659,10000,2,0.5606017392830193,0.5557606070412532,0.5557606220245361,0.004841132241766077,1.4983282947689247e-08
test_stage1_dn_0043,scene0181_00,scene0181_00__door_028,scene0181_00__table_023,4923,3659,10000,3,0.5557606070412532,0.5557606070412532,0.5557606220245361,0.0,1.4983282947689247e-08
test_stage1_dn_0043,scene0181_00,scene0181_00__door_028,scene0181_00__table_023,4923,3659,10000,4,0.5557606070412532,0.5557606070412532,0.5557606220245361,0.0,1.4983282947689247e-08
test_stage1_dn_0043,scene0181_00,scene0181_00__door_028,scene0181_00__table_023,4923,3659,20000,0,0.5557606070412532,0.5557606070412532,0.5557606220245361,0.0,1.4983282947689247e-08
test_stage1_dn_0043,scene0181_00,scene0181_00__door_028,scene0181_00__table_023,4923,3659,20000,1,0.5557606070412532,0.5557606070412532,0.5557606220245361,0.0,1.4983282947689247e-08
test_stage1_dn_0043,scene0181_00,scene0181_00__door_028,scene0181_00__table_023,4923,3659,20000,2,0.5557606070412532,0.5557606070412532,0.5557606220245361,0.0,1.4983282947689247e-08
test_stage1_dn_0043,scene0181_00,scene0181_00__door_028,scene0181_00__table_023,4923,3659,20000,3,0.5557606070412532,0.5557606070412532,0.5557606220245361,0.0,1.4983282947689247e-08
test_stage1_dn_0043,scene0181_00,scene0181_00__door_028,scene0181_00__table_023,4923,3659,20000,4,0.5557606070412532,0.5557606070412532,0.5557606220245361,0.0,1.4983282947689247e-08
test_stage1_dn_0044,scene0181_00,scene0181_00__sofa_024,scene0181_00__table_005,6380,4011,512,0,0.4066229546507641,0.39547816256919477,0.3954781591892242,0.011144792081569321,3.3799705811965453e-09
test_stage1_dn_0044,scene0181_00,scene0181_00__sofa_024,scene0181_00__table_005,6380,4011,512,1,0.39821506774402615,0.39547816256919477,0.3954781591892242,0.0027369051748313833,3.3799705811965453e-09
test_stage1_dn_0044,scene0181_00,scene0181_00__sofa_024,scene0181_00__table_005,6380,4011,512,2,0.40483574375917636,0.39547816256919477,0.3954781591892242,0.00935758118998159,3.3799705811965453e-09
test_stage1_dn_0044,scene0181_00,scene0181_00__sofa_024,scene0181_00__table_005,6380,4011,512,3,0.3989672987118921,0.39547816256919477,0.3954781591892242,0.0034891361426973577,3.3799705811965453e-09
test_stage1_dn_0044,scene0181_00,scene0181_00__sofa_024,scene0181_00__table_005,6380,4011,512,4,0.4176327347322313,0.39547816256919477,0.3954781591892242,0.022154572163036512,3.3799705811965453e-09
test_stage1_dn_0044,scene0181_00,scene0181_00__sofa_024,scene0181_00__table_005,6380,4011,1000,0,0.39696228200550304,0.39547816256919477,0.3954781591892242,0.0014841194363082733,3.3799705811965453e-09
test_stage1_dn_0044,scene0181_00,scene0181_00__sofa_024,scene0181_00__table_005,6380,4011,1000,1,0.3971266280548292,0.39547816256919477,0.3954781591892242,0.0016484654856344094,3.3799705811965453e-09
test_stage1_dn_0044,scene0181_00,scene0181_00__sofa_024,scene0181_00__table_005,6380,4011,1000,2,0.3971266280548292,0.39547816256919477,0.3954781591892242,0.0016484654856344094,3.3799705811965453e-09
test_stage1_dn_0044,scene0181_00,scene0181_00__sofa_024,scene0181_00__table_005,6380,4011,1000,3,0.40259067816817606,0.39547816256919477,0.3954781591892242,0.007112515598981295,3.3799705811965453e-09
test_stage1_dn_0044,scene0181_00,scene0181_00__sofa_024,scene0181_00__table_005,6380,4011,1000,4,0.40279212106977186,0.39547816256919477,0.3954781591892242,0.007313958500577089,3.3799705811965453e-09
test_stage1_dn_0044,scene0181_00,scene0181_00__sofa_024,scene0181_00__table_005,6380,4011,2000,0,0.39690989119356884,0.39547816256919477,0.3954781591892242,0.0014317286243740734,3.3799705811965453e-09
test_stage1_dn_0044,scene0181_00,scene0181_00__sofa_024,scene0181_00__table_005,6380,4011,2000,1,0.39640280536653816,0.39547816256919477,0.3954781591892242,0.0009246427973433891,3.3799705811965453e-09
test_stage1_dn_0044,scene0181_00,scene0181_00__sofa_024,scene0181_00__table_005,6380,4011,2000,2,0.3962508872894452,0.39547816256919477,0.3954781591892242,0.0007727247202504173,3.3799705811965453e-09
test_stage1_dn_0044,scene0181_00,scene0181_00__sofa_024,scene0181_00__table_005,6380,4011,2000,3,0.39696228200550304,0.39547816256919477,0.3954781591892242,0.0014841194363082733,3.3799705811965453e-09
test_stage1_dn_0044,scene0181_00,scene0181_00__sofa_024,scene0181_00__table_005,6380,4011,2000,4,0.3975728946390164,0.39547816256919477,0.3954781591892242,0.0020947320698216365,3.3799705811965453e-09
test_stage1_dn_0044,scene0181_00,scene0181_00__sofa_024,scene0181_00__table_005,6380,4011,5000,0,0.39663822281121525,0.39547816256919477,0.3954781591892242,0.0011600602420204775,3.3799705811965453e-09
test_stage1_dn_0044,scene0181_00,scene0181_00__sofa_024,scene0181_00__table_005,6380,4011,5000,1,0.39663822281121525,0.39547816256919477,0.3954781591892242,0.0011600602420204775,3.3799705811965453e-09
test_stage1_dn_0044,scene0181_00,scene0181_00__sofa_024,scene0181_00__table_005,6380,4011,5000,2,0.39663822281121525,0.39547816256919477,0.3954781591892242,0.0011600602420204775,3.3799705811965453e-09
test_stage1_dn_0044,scene0181_00,scene0181_00__sofa_024,scene0181_00__table_005,6380,4011,5000,3,0.39690989119356884,0.39547816256919477,0.3954781591892242,0.0014317286243740734,3.3799705811965453e-09
test_stage1_dn_0044,scene0181_00,scene0181_00__sofa_024,scene0181_00__table_005,6380,4011,5000,4,0.39547816256919477,0.39547816256919477,0.3954781591892242,0.0,3.3799705811965453e-09
test_stage1_dn_0044,scene0181_00,scene0181_00__sofa_024,scene0181_00__table_005,6380,4011,10000,0,0.3962508872894452,0.39547816256919477,0.3954781591892242,0.0007727247202504173,3.3799705811965453e-09
test_stage1_dn_0044,scene0181_00,scene0181_00__sofa_024,scene0181_00__table_005,6380,4011,10000,1,0.39547816256919477,0.39547816256919477,0.3954781591892242,0.0,3.3799705811965453e-09
test_stage1_dn_0044,scene0181_00,scene0181_00__sofa_024,scene0181_00__table_005,6380,4011,10000,2,0.39663822281121525,0.39547816256919477,0.3954781591892242,0.0011600602420204775,3.3799705811965453e-09
test_stage1_dn_0044,scene0181_00,scene0181_00__sofa_024,scene0181_00__table_005,6380,4011,10000,3,0.39547816256919477,0.39547816256919477,0.3954781591892242,0.0,3.3799705811965453e-09
test_stage1_dn_0044,scene0181_00,scene0181_00__sofa_024,scene0181_00__table_005,6380,4011,10000,4,0.3962508872894452,0.39547816256919477,0.3954781591892242,0.0007727247202504173,3.3799705811965453e-09
test_stage1_dn_0044,scene0181_00,scene0181_00__sofa_024,scene0181_00__table_005,6380,4011,20000,0,0.39547816256919477,0.39547816256919477,0.3954781591892242,0.0,3.3799705811965453e-09
test_stage1_dn_0044,scene0181_00,scene0181_00__sofa_024,scene0181_00__table_005,6380,4011,20000,1,0.39547816256919477,0.39547816256919477,0.3954781591892242,0.0,3.3799705811965453e-09
test_stage1_dn_0044,scene0181_00,scene0181_00__sofa_024,scene0181_00__table_005,6380,4011,20000,2,0.39547816256919477,0.39547816256919477,0.3954781591892242,0.0,3.3799705811965453e-09
test_stage1_dn_0044,scene0181_00,scene0181_00__sofa_024,scene0181_00__table_005,6380,4011,20000,3,0.39547816256919477,0.39547816256919477,0.3954781591892242,0.0,3.3799705811965453e-09
test_stage1_dn_0044,scene0181_00,scene0181_00__sofa_024,scene0181_00__table_005,6380,4011,20000,4,0.39547816256919477,0.39547816256919477,0.3954781591892242,0.0,3.3799705811965453e-09
